Time (s),ESC signal (µs),Servo 1 (µs),Servo 2 (µs),Servo 3 (µs),AccX (g),AccY (g),AccZ (g),Torque (N·m),Thrust (N),Voltage (V),Current (A),Motor Electrical Speed (rad/s),Motor Optical Speed (rad/s),Electrical Power (W),Mechanical Power (W),Motor Efficiency (%),Propeller Mech. Efficiency (N/W),Overall Efficiency (N/W),Vibration (g),App message,
0,,,,,-0.0625,0.01171875,-0.978515625,0.00031714427442489996,0.00918577114225648,0,-0.01116071455180645,0,0,0,0,0,0,0,0.05859375,,
0,,,,,-0.0625,0.013671875,-0.978515625,0.0003605561657380712,0.008243082487590708,0,-0.0037560095079243183,0,0,0,0,0,0,0,0.05859375,,
0.022194999999999708,,,,,-0.0625,0.013671875,-0.978515625,0.0003591244447186271,0.010809335292293911,0,0.005580357275903225,0,0,0,0,0,0,0,0.05859375,,
0.04354000000000087,,,,,-0.0625,0.01171875,-0.98046875,0.00017412518567242035,0.003884995473591224,0,0.0013950893189758062,0,0,0,0,0,0,0,0.05859375,,
0.06660499999999593,,,,,-0.0625,0.013671875,-0.978515625,0.00023363089646980128,0.007949281888916715,0,-0.00837053544819355,0,0,0,0,0,0,0,0.05859375,,
0.09137000000000262,,,,,-0.0625,0.013671875,-0.98046875,0.00026003486601975506,0.000014246506614566864,0,-0.006103515625,0,0,0,0,0,0,0,0.05859375,,
0.11620500000000175,,,,,-0.0625,0.013671875,-0.978515625,0.00016114953074649777,0.0030355811169491247,0,-0.001220703125,0,0,0,0,0,0,0,0.05859375,,
0.14173500000000058,,,,,-0.0625,0.01171875,-0.978515625,0.0001412115374303045,0.006400982302126052,0,-0.006103515625,0,0,0,0,0,0,0,0.05859375,,
0.16608999999999652,,,,,-0.0625,0.013671875,-0.978515625,0.0002140990156035831,0.007132123773666087,0,-0.0065104165114462376,0,0,0,0,0,0,0,0.05859375,,
0.19126499999999214,,,,,-0.0625,0.013671875,-0.978515625,0.00032886869317737857,0.0070461071299554945,0,-0.006103515625,0,0,0,0,0,0,0,0.05859375,,
0.21488499999999477,,,,,-0.0625,0.015625,-0.978515625,0.00030085441263524653,0.004702153588841853,0,-0.0065104165114462376,0,0,0,0,0,0,0,0.05859375,,
0.2418050000000003,,,,,-0.0625,0.013671875,-0.978515625,0.0003152395853866653,0.0036914580252423914,0,-0.008544921875,0,0,0,0,0,0,0,0.05859375,,
0.26395999999999914,,,,,-0.0625,0.01171875,-0.978515625,0.0000964607752602067,0.00496020351997363,0,0.0010850694961845875,0,0,0,0,0,0,0,0.05859375,,
0.29029499999999825,,,,,-0.0625,0.013671875,-0.978515625,0.00019208509624686366,0.007239644578304328,0,0.0069754463620483875,0,0,0,0,0,0,0,0.05859375,,
0.3148000000000029,,,,,-0.0625,0.013671875,-0.98046875,0.00022397372682164086,0.0006593713344440098,0,-0.0032552082557231188,0,0,0,0,0,0,0,0.05859375,,
0.3390699999999997,,,,,-0.0625,0.01171875,-0.98046875,0.00021878593333022185,-0.00048034919472133935,0,0,0,0,0,0,0,0,0,0.05859375,,
0.3637549999999974,,,,,-0.0625,0.009765625,-0.98046875,0.00018361752845304756,-0.0019318800573375858,0,-0.00244140625,0,0,0,0,0,0,0,0.05859375,,
0.38926000000000205,,,,,-0.0625,0.013671875,-0.978515625,0.00018851962083461798,-0.001254498988116671,0,-0.0048828125,0,0,0,0,0,0,0,0.05859375,,
0.41368000000000027,,,,,-0.0625,0.013671875,-0.98046875,0.00021630935671123472,0.008003042291235834,0,-0.0010850694961845875,0,0,0,0,0,0,0,0.05859375,,
0.43903499999999623,,,,,-0.0625,0.013671875,-0.978515625,0.00022401766447428126,0.005734353313368961,0,-0.013427734375,0,0,0,0,0,0,0,0.05859375,,
0.46347999999999595,,,,,-0.0625,0.013671875,-0.98046875,0.00021990571431236572,0.004196805807042121,0,-0.00542534701526165,0,0,0,0,0,0,0,0.05859375,,
0.4905199999999968,,,,,-0.0625,0.013671875,-0.978515625,0.00023733982165200144,0.005132236807394814,0,-0.00244140625,0,0,0,0,0,0,0,0.05859375,,
0.5142449999999953,,,,,-0.0625,0.01171875,-0.978515625,0.0001641566668890901,0.00692783424485343,0,-0.0065104165114462376,0,0,0,0,0,0,0,0.05859375,,
0.5452200000000011,,,,,-0.0625,0.013671875,-0.98046875,0.00022061558230526964,0.0051537409683224625,0,-0.009765625,0,0,0,0,0,0,0,0.05859375,,
0.5760699999999924,,,,,-0.0625,0.013671875,-0.98046875,0.00022522876353434974,0.0014980336106222856,0,-0.0008877841173671186,0,0,0,0,0,0,0,0.05859375,,
0.5974199999999983,,,,,-0.0625,0.01171875,-0.978515625,0.0002101382384570266,0.00029380059867399215,0,-0.0087890625,0,0,0,0,0,0,0,0.05859375,,
0.6181750000000029,,,,,-0.0625,0.013671875,-0.98046875,0.0002161944147289111,0.0030463331974129484,0,-0.0069754463620483875,0,0,0,0,0,0,0,0.05859375,,
0.6409499999999971,,,,,-0.0625,0.015625,-0.982421875,0.000315524330746981,0.0036484497033870953,0,-0.01953125,0,0,0,0,0,0,0,0.05859375,,
0.665814999999995,,,,,-0.0625,0.015625,-0.978515625,0.00017174004221745127,0.0074331820266531606,0,0.0013950893189758062,0,0,0,0,0,0,0,0.05859375,,
0.6887200000000011,,,,,-0.0625,0.01171875,-0.98046875,0.00009544882054291188,0.010056689659826227,0,-0.0032552082557231188,0,0,0,0,0,0,0,0.05859375,,
0.7162099999999991,,,,,-0.0625,0.01171875,-0.98046875,0.0001339098274782882,-0.0022651945517161314,0,-0.004185267724096775,0,0,0,0,0,0,0,0.05859375,,
0.7427549999999974,,,,,-0.0625,0.013671875,-0.978515625,0.00021600311414519477,0.005397544392839672,0,-0.0087890625,0,0,0,0,0,0,0,0.05859375,,
0.765699999999997,,,,,-0.0625,0.013671875,-0.978515625,0.0003060191676968376,0.002906556151383236,0,0,0,0,0,0,0,0,0,0.05859375,,
0.7893249999999971,,,,,-0.0625,0.013671875,-0.978515625,0.0002511609505817251,0.0013260003232011008,0,-0.01116071455180645,0,0,0,0,0,0,0,0.05859375,,
0.815104999999996,,,,,-0.0625,0.013671875,-0.98046875,0.00024072920365964223,0.005594576267339248,0,0.00244140625,0,0,0,0,0,0,0,0.05859375,,
0.8407050000000017,,,,,-0.0625,0.01171875,-0.978515625,0.00023635113307248466,0.008314852624686732,0,-0.00542534701526165,0,0,0,0,0,0,0,0.05859375,,
0.8682999999999956,,,,,-0.0625,0.013671875,-0.98046875,0.00023753160011048417,0.010970616499251271,0,-0.00434027798473835,0,0,0,0,0,0,0,0.05859375,,
0.8941699999999982,,,,,-0.0625,0.015625,-0.98046875,0.00024432946939984267,0.00878068651078191,0,-0.002170138992369175,0,0,0,0,0,0,0,0.05859375,,
0.9160199999999968,,,,,-0.0625,0.013671875,-0.98046875,0.00020535738351195172,0.005229005531569231,0,-0.0048828125,0,0,0,0,0,0,0,0.05859375,,
0.9426099999999933,,,,,-0.0625,0.01171875,-0.978515625,0.0001953971788761564,0.0026377541397876346,0,-0.0048828125,0,0,0,0,0,0,0,0.05859375,,
0.9681299999999974,,,,,-0.0625,0.013671875,-0.98046875,0.00019300064128968152,0.0026304964854745537,0,-0.009765625,0,0,0,0,0,0,0,0.05859375,,
0.9941600000000035,,,,,-0.0625,0.015625,-0.98046875,0.00035670534657709067,0.0026162499788599867,0,-0.0048828125,0,0,0,0,0,0,0,0.05859375,,
1.0185999999999986,,,,,-0.0625,0.01171875,-0.98046875,0.0003964770722896542,0.004100037082867706,0,-0.00542534701526165,0,0,0,0,0,0,0,0.05859375,,
1.0425049999999974,,,,,-0.0625,0.01171875,-0.978515625,0.0003337478747235552,0.0037129621861700397,0,-0.006103515625,0,0,0,0,0,0,0,0.05859375,,
1.064510000000002,,,,,-0.0625,0.013671875,-0.978515625,0.0001984860078972214,0.0031108456801958928,0,-0.010986328125,0,0,0,0,0,0,0,0.05859375,,
1.0892349999999933,,,,,-0.0625,0.013671875,-0.978515625,0.0002918949962931902,0.0072719008196957995,0,0.0027901786379516125,0,0,0,0,0,0,0,0.05859375,,
1.1185100000000021,,,,,-0.0625,0.015625,-0.978515625,0.0003874190995798166,0.007874017325669948,0,0,0,0,0,0,0,0,0,0.05859375,,
1.1418550000000032,,,,,-0.0625,0.013671875,-0.978515625,0.0002475881092851885,0.006293461497487811,0,-0.00390625,0,0,0,0,0,0,0,0.05859375,,
1.1686500000000015,,,,,-0.0625,0.013671875,-0.98046875,0.00030107052806713344,0.0005626026102695934,0,-0.004185267724096775,0,0,0,0,0,0,0,0.05859375,,
1.1908499999999986,,,,,-0.0625,0.01171875,-0.978515625,0.0003377196977800147,-0.004523131449119182,0,0.0010850694961845875,0,0,0,0,0,0,0,0.05859375,,
1.2170799999999944,,,,,-0.0625,0.015625,-0.98046875,0.0004285518918569659,-0.003705973333868554,0,-0.001220703125,0,0,0,0,0,0,0,0.05859375,,
1.2412799999999988,,,,,-0.0625,0.013671875,-0.978515625,0.0003828803729393525,0.009605102280345619,0,-0.007595486007630825,0,0,0,0,0,0,0,0.05859375,,
1.2670800000000018,,,,,-0.0625,0.013671875,-0.98046875,0.0001827798982083037,0.01027173126910271,0,0.001220703125,0,0,0,0,0,0,0,0.05859375,,
1.2914300000000003,,,,,-0.0625,0.013671875,-0.98046875,0.00025836790470522487,0.0049314417047329,0,-0.011935763992369175,0,0,0,0,0,0,0,0.05859375,,
1.314584999999992,,,,,-0.0625,0.013671875,-0.98046875,0.00035768262605252407,0.002336695886800561,0,-0.013427734375,0,0,0,0,0,0,0,0.05859375,,
1.3436350000000021,,,,,-0.0625,0.013671875,-0.978515625,0.00029343560652131346,0.0012077274380990362,0,-0.004185267724096775,0,0,0,0,0,0,0,0.05859375,,
1.3722249999999985,,,,,-0.0625,0.015625,-0.98046875,0.0001459034466399797,-0.00041583671193839506,0,0.0029296875,0,0,0,0,0,0,0,0.05859375,,
1.3940750000000044,,,,,-0.0625,0.01171875,-0.98046875,0.00017359367788557113,0.009992177177043284,0,0.0009765625,0,0,0,0,0,0,0,0.05859375,,
1.4159300000000004,,,,,-0.0625,0.01171875,-0.98046875,0.000251719532531906,0.00003575066754221497,0,0,0,0,0,0,0,0,0,0.05859375,,
1.438939999999995,,,,,-0.0625,0.013671875,-0.98046875,0.00031886063526358454,-0.0005233575165766355,0,-0.00732421875,0,0,0,0,0,0,0,0.05859375,,
1.4668649999999979,,,,,-0.0625,0.009765625,-0.98046875,0.0003114031256605753,0.006207444853777219,0,-0.0027901786379516125,0,0,0,0,0,0,0,0.05859375,,
1.4895349999999963,,,,,-0.0625,0.013671875,-0.978515625,0.0002591228938082521,0.0032398706457617815,0,-0.00542534701526165,0,0,0,0,0,0,0,0.05859375,,
1.516989999999998,,,,,-0.0625,0.013671875,-0.98046875,0.00018336056283877985,0.012314626557229279,0,0,0,0,0,0,0,0,0,0.05859375,,
1.5399700000000012,,,,,-0.0625,0.013671875,-0.98046875,0.00011526497638096826,0.01144370803965953,0,-0.01410590298473835,0,0,0,0,0,0,0,0.05859375,,
1.5661599999999962,,,,,-0.0625,0.015625,-0.978515625,0.00020024582102749124,0.008777192084631166,0,-0.00244140625,0,0,0,0,0,0,0,0.05859375,,
1.591854999999996,,,,,-0.0625,0.01171875,-0.978515625,0.00031784677653351294,0.006099924049138978,0,-0.002170138992369175,0,0,0,0,0,0,0,0.05859375,,
1.6158899999999994,,,,,-0.0625,0.015625,-0.98046875,0.00031671251394960366,0.003637697622923271,0,0.00244140625,0,0,0,0,0,0,0,0.05859375,,
1.6401350000000021,,,,,-0.0625,0.013671875,-0.978515625,0.00019795259609759532,0.015862813110291214,0,-0.0048828125,0,0,0,0,0,0,0,0.05859375,,
1.6674699999999938,,,,,-0.0625,0.01171875,-0.98046875,0.00027582623393217144,0.0017238273003625905,0,-0.00542534701526165,0,0,0,0,0,0,0,0.05859375,,
1.6944300000000003,,,,,-0.0625,0.013671875,-0.978515625,0.00019033217112611835,-0.003039344345111463,0,0,0,0,0,0,0,0,0,0.05859375,,
1.717084999999999,,,,,-0.0625,0.01171875,-0.978515625,0.0002037904047032133,0.00546555130177336,0,-0.0087890625,0,0,0,0,0,0,0,0.05859375,,
1.7409550000000018,,,,,-0.0625,0.013671875,-0.978515625,0.0001977906289923717,0.012035072465169855,0,-0.0069754463620483875,0,0,0,0,0,0,0,0.05859375,,
1.7667250000000059,,,,,-0.0625,0.015625,-0.978515625,0.00011601284228023209,0.007153627934593735,0,-0.0108506940305233,0,0,0,0,0,0,0,0.05859375,,
1.7890800000000018,,,,,-0.0625,0.013671875,-0.978515625,0.00018776890265933337,0.003895747554055048,0,-0.00732421875,0,0,0,0,0,0,0,0.05859375,,
1.815654999999999,,,,,-0.0625,0.013671875,-0.98046875,0.0002313324373763413,0.00913201073993736,0,0.001220703125,0,0,0,0,0,0,0,0.05859375,,
1.842324999999997,,,,,-0.0625,0.013671875,-0.98046875,0.00039082711400882,0.01274470977578224,0,-0.0010850694961845875,0,0,0,0,0,0,0,0.05859375,,
1.86775,,,,,-0.0625,0.013671875,-0.978515625,0.00031971228420790503,0.009551341878026498,0,0.001220703125,0,0,0,0,0,0,0,0.05859375,,
1.8948300000000018,,,,,-0.0625,0.01171875,-0.978515625,0.00024421665913824595,0.008099811015410251,0,-0.00434027798473835,0,0,0,0,0,0,0,0.05859375,,
1.921375,,,,,-0.0625,0.01171875,-0.98046875,0.00019848813961794825,-0.0001577867808066179,0,-0.002170138992369175,0,0,0,0,0,0,0,0.05859375,,
1.9430400000000008,,,,,-0.0625,0.01171875,-0.98046875,0.00022201702866375843,0.004623394599444341,0,0,0,0,0,0,0,0,0,0.05859375,,
1.9646949999999996,,,,,-0.0625,0.013671875,-0.98046875,0.0001847567900062821,0.009626606441273266,0,0,0,0,0,0,0,0,0,0.05859375,,
1.9895149999999995,,,,,-0.0625,0.013671875,-0.98046875,0.00019588498420460414,0.010045937579362405,0,-0.0027901786379516125,0,0,0,0,0,0,0,0.05859375,,
2.0203099999999976,,,,,-0.0625,0.013671875,-0.978515625,0.0002301361901930001,0.01056203744162596,0,0,0,0,0,0,0,0,0,0.05859375,,
2.0424550000000017,,,,,-0.0625,0.013671875,-0.98046875,0.00020137154175591562,0.013167535340022121,0,-0.0107421875,0,0,0,0,0,0,0,0.05859375,,
2.065774999999994,,,,,-0.0625,0.013671875,-0.98046875,0.00021018275952550854,0.010078193820753877,0,-0.004185267724096775,0,0,0,0,0,0,0,0.05859375,,
2.089269999999997,,,,,-0.0625,0.013671875,-0.9765625,0.0002732014662270098,0.003336639369936198,0,-0.0010850694961845875,0,0,0,0,0,0,0,0.05859375,,
2.1159950000000025,,,,,-0.0625,0.013671875,-0.978515625,0.00040579439250130274,-0.0010824657006954863,0,-0.0027901786379516125,0,0,0,0,0,0,0,0.05859375,,
2.1396749999999956,,,,,-0.0625,0.01171875,-0.98046875,0.0002977335179678134,0.0005195942884142971,0,-0.0184461809694767,0,0,0,0,0,0,0,0.05859375,,
2.168699999999997,,,,,-0.0625,0.013671875,-0.98046875,0.00024773938784162277,0.003626945542459447,0,-0.01708984375,0,0,0,0,0,0,0,0.05859375,,
2.1931749999999957,,,,,-0.0625,0.013671875,-0.982421875,0.00019345329350150148,0.002680762461642931,0,-0.0087890625,0,0,0,0,0,0,0,0.05859375,,
2.2163599999999932,,,,,-0.0625,0.013671875,-0.98046875,0.00013528039164789168,0.003583937220604151,0,0.003662109375,0,0,0,0,0,0,0,0.05859375,,
2.242435000000005,,,,,-0.0625,0.013671875,-0.978515625,0.00018154136721828263,0.0067450488769684215,0,0.010986328125,0,0,0,0,0,0,0,0.05859375,,
2.2750899999999965,,,,,-0.0625,0.01171875,-0.978515625,0.00013039350142338068,0.003078589438804421,0,-0.0010850694961845875,0,0,0,0,0,0,0,0.05859375,,
2.296154999999999,,,,,-0.0625,0.013671875,-0.98046875,0.0001994282493421204,0.00538302908421351,0,-0.007990056648850441,0,0,0,0,0,0,0,0.05859375,,
2.3205899999999966,,,,,-0.0625,0.013671875,-0.982421875,0.0002765691083483988,0.004788170232552444,0,0.0016276041278615594,0,0,0,0,0,0,0,0.05859375,,
2.3474000000000013,,,,,-0.0625,0.013671875,-0.98046875,0.0002562000676259144,0.0059816511640369135,0,0,0,0,0,0,0,0,0,0.05859375,,
2.3681149999999977,,,,,-0.0625,0.013671875,-0.978515625,0.0002851461637393132,0.006035411566356033,0,-0.00434027798473835,0,0,0,0,0,0,0,0.05859375,,
2.390729999999996,,,,,-0.0625,0.015625,-0.978515625,0.0003039964417197308,0.006852569681606662,0,-0.009765625,0,0,0,0,0,0,0,0.05859375,,
2.417875,,,,,-0.0625,0.01171875,-0.98046875,0.00034405743388716897,0.006121428210066626,0,-0.0146484375,0,0,0,0,0,0,0,0.05859375,,
2.4416100000000007,,,,,-0.0625,0.013671875,-0.982421875,0.00022372411960537534,0.004121541243795354,0,-0.006103515625,0,0,0,0,0,0,0,0.05859375,,
2.464425000000003,,,,,-0.0625,0.013671875,-0.978515625,0.00030092423350744693,0.0016593148175796462,0,-0.003662109375,0,0,0,0,0,0,0,0.05859375,,
2.4912149999999964,,,,,-0.0625,0.013671875,-0.98046875,0.000212592367548316,0.001756083541754063,0,0,0,0,0,0,0,0,0,0.05859375,,
2.516864999999998,,,,,-0.0625,0.013671875,-0.98046875,0.0002603186706031157,0.005089228485539518,0,-0.0010850694961845875,0,0,0,0,0,0,0,0.05859375,,
2.5418400000000037,,,,,-0.0625,0.013671875,-0.978515625,0.0003459649752014246,0.00392800379544652,0,-0.007595486007630825,0,0,0,0,0,0,0,0.05859375,,
2.56475,,,,,-0.0625,0.01171875,-0.98046875,0.00017045283974485842,0.00411078916333153,0,0,0,0,0,0,0,0,0,0.05859375,,
2.588834999999999,,,,,-0.0625,0.015625,-0.978515625,0.0002107218758771763,0.0056805929110498405,0,-0.009765625,0,0,0,0,0,0,0,0.05859375,,
2.6141749999999955,,,,,-0.0625,0.013671875,-0.978515625,0.00035575300205797336,0.005293518014352175,0,-0.006103515625,0,0,0,0,0,0,0,0.05859375,,
52.897960000000005,,,,,-0.048828125,0.00390625,-0.9921875,-0.0061502418252735325,-0.2600928264199037,0,0.0032552082557231188,0,155.82299561856,0,0,0,0,0,0.11328125,,
52.9303,,,,,-0.080078125,0.03515625,-1.015625,-0.005228643842022907,-0.2674472494571594,0,-0.0076729911379516125,0,155.82299561856,0,0,0,0,0,0.11328125,,
52.95297500000001,,,,,-0.07421875,0.02734375,-0.990234375,-0.004893202144151354,-0.26630752892799403,0,-0.01116071455180645,0,155.82299561856,0,0,0,0,0,0.111328125,,
52.973744999999994,,,,,-0.0625,0.017578125,-1,-0.005418132300513008,-0.26630752892799403,0,-0.01116071455180645,0,155.82299561856,0,0,0,0,0,0.111328125,,
52.995315000000005,,,,,-0.0625,-0.037109375,-0.98828125,-0.005229829030304515,-0.24116916480357342,0,-0.01116071455180645,0,155.82299561856,0,0,0,0,0,0.111328125,,
53.020655,,,,,-0.099609375,0.041015625,-0.98046875,-0.006179726888012823,-0.23828760723926856,0,-0.005580357275903225,0,155.82299561856,0,0,0,0,0,0.111328125,,
53.041950000000014,,,,,-0.048828125,0.0234375,-0.98046875,-0.0058211794121934505,-0.24262069566618966,0,0,0,155.92771537368,0,0,0,0,0,0.111328125,,
53.066220000000015,,,,,-0.125,0.01953125,-0.998046875,-0.0056573170556462925,-0.2498353416574156,0,0.0027901786379516125,0,155.92771537368,0,0,0,0,0,0.11328125,,
53.09787000000001,,,,,-0.07421875,0.046875,-1.01171875,-0.005351396496721257,-0.25754458334997743,0,-0.00732421875,0,155.92771537368,0,0,0,0,0,0.11328125,,
53.120035,,,,,-0.103515625,0.02734375,-0.9921875,-0.004850905290850886,-0.2664292962392468,0,-0.00443892041221261,0,155.82299561856,0,0,0,0,0,0.115234375,,
53.14111,,,,,-0.07421875,-0.021484375,-0.970703125,-0.005648664665107642,-0.26027561178778874,0,-0.00837053544819355,0,155.82299561856,0,0,0,0,0,0.115234375,,
53.17263500000001,,,,,-0.0625,0.041015625,-1.025390625,-0.005745837630357986,-0.25177071614090396,0,0.0027901786379516125,0,155.82299561856,0,0,0,0,0,0.115234375,,
53.194215000000014,,,,,-0.08203125,0.04296875,-0.982421875,-0.00597370468950846,-0.24223711519564273,0,0.0017755682347342372,0,155.82299561856,0,0,0,0,0,0.115234375,,
53.223235,,,,,-0.0859375,0.0390625,-0.990234375,-0.0058228646257038556,-0.24572804692023487,0,0.0027901786379516125,0,155.82299561856,0,0,0,0,0,0.115234375,,
53.245185,,,,,-0.08203125,0.009765625,-0.990234375,-0.005311814495401099,-0.24984609373787942,0,0.0010850694961845875,0,155.82299561856,0,0,0,0,0,0.115234375,,
53.26841,,,,,-0.078125,0.02734375,-0.966796875,-0.005199723165821372,-0.25396414055552397,0,-0.0027901786379516125,0,155.82299561856,0,0,0,0,0,0.115234375,,
53.291365000000006,,,,,-0.0625,-0.00390625,-1.001953125,-0.005242040083108773,-0.27462963920699385,0,-0.01220703125,0,155.82299561856,0,0,0,0,0,0.115234375,,
53.31689499999999,,,,,-0.0625,0.05078125,-0.978515625,-0.005396448329975903,-0.27462963920699385,0,-0.00732421875,0,155.82299561856,0,0,0,0,0,0.115234375,,
53.345095000000015,,,,,-0.0625,-0.015625,-0.970703125,-0.005852960612028968,-0.2777692467024305,0,-0.0048828125,0,155.82299561856,0,0,0,0,0,0.115234375,,
53.36717999999999,,,,,-0.09375,0.068359375,-1.015625,-0.005544482224049796,-0.25938318910929137,0,-0.01410590298473835,0,155.82299561856,0,0,0,0,0,0.115234375,,
53.39612000000001,,,,,-0.078125,-0.017578125,-0.974609375,-0.005509572263328921,-0.24854509200175673,0,-0.01220703125,0,155.82299561856,0,0,0,0,0,0.1171875,,
53.418085000000005,,,,,-0.09375,0.037109375,-0.96484375,-0.005474662302608046,-0.24804323864610772,0,-0.00542534701526165,0,155.82299561856,0,0,0,0,0,0.1171875,,
53.44144,,,,,-0.09375,-0.01171875,-0.990234375,-0.004702174433789037,-0.24779244636928902,0,-0.001220703125,0,155.82299561856,0,0,0,0,0,0.1171875,,
53.46708,,,,,-0.0625,0.046875,-0.9765625,-0.005942923965523299,-0.2712534859413531,0,0.0013950893189758062,0,155.82299561856,0,0,0,0,0,0.1171875,,
53.49303,,,,,-0.07421875,0.009765625,-1.0078125,-0.0060401947740724195,-0.2726405043211864,0,-0.00434027798473835,0,155.82299561856,0,0,0,0,0,0.1171875,,
53.518600000000006,,,,,-0.099609375,0.056640625,-0.994140625,-0.006137465582621538,-0.27207064405660375,0,0.00244140625,0,155.82299561856,0,0,0,0,0,0.1171875,,
53.54047,,,,,-0.0859375,0.01953125,-0.990234375,-0.005664990773635941,-0.27011376541218773,0,-0.0065104165114462376,0,155.82299561856,0,0,0,0,0,0.1171875,,
53.5658,,,,,-0.0859375,0.078125,-1.009765625,-0.00507110411197509,-0.2509965663475086,0,0.0013950893189758062,0,155.82299561856,0,0,0,0,0,0.1171875,,
53.592810000000014,,,,,-0.099609375,-0.005859375,-0.98046875,-0.004884025413947351,-0.24527645954075417,0,-0.003662109375,0,155.82299561856,0,0,0,0,0,0.1171875,,
53.619955000000004,,,,,-0.07421875,0.0234375,-1.00390625,-0.005020066058806991,-0.24584631980533692,0,0,0,155.82299561856,0,0,0,0,0,0.1171875,,
53.64117999999999,,,,,-0.0625,-0.01953125,-0.974609375,-0.0057618832613344235,-0.25213628687667394,0,-0.0010850694961845875,0,155.82299561856,0,0,0,0,0,0.1171875,,
53.666595000000015,,,,,-0.109375,0.044921875,-0.99609375,-0.006232466522214006,-0.2664795622154153,0,-0.004185267724096775,0,155.82299561856,0,0,0,0,0,0.1171875,,
53.693270000000005,,,,,-0.07421875,0.01953125,-0.978515625,-0.006183638205011882,-0.26873749911281825,0,-0.01410590298473835,0,155.82299561856,0,0,0,0,0,0.1171875,,
53.71791,,,,,-0.07421875,0.03125,-0.98046875,-0.005594234348038251,-0.26861922622771617,0,-0.0048828125,0,155.82299561856,0,0,0,0,0,0.115234375,,
53.74040000000001,,,,,-0.05078125,0.0234375,-0.9921875,-0.0050536588082667425,-0.2662430164452111,0,-0.0010850694961845875,0,155.82299561856,0,0,0,0,0,0.115234375,,
53.766175000000004,,,,,-0.109375,-0.009765625,-1.0078125,-0.004681165763930305,-0.23757796992865618,0,-0.0027901786379516125,0,155.82299561856,0,0,0,0,0,0.115234375,,
53.79472,,,,,-0.0625,0.00390625,-0.98828125,-0.005249200732664668,-0.24222286868902818,0,0.00434027798473835,0,155.82299561856,0,0,0,0,0,0.115234375,,
53.819645,,,,,-0.09375,0.044921875,-0.990234375,-0.00605021203171492,-0.24995361454251766,0,-0.002170138992369175,0,155.82299561856,0,0,0,0,0,0.115234375,,
53.842655,,,,,-0.07421875,0.021484375,-1.0078125,-0.006403033856011577,-0.2576843603960072,0,0,0,155.82299561856,0,0,0,0,0,0.115234375,,
53.86911,,,,,-0.0625,0.00390625,-0.9921875,-0.006795346158628908,-0.26914607817044356,0,-0.008544921875,0,155.82299561856,0,0,0,0,0,0.115234375,,
53.901880000000006,,,,,-0.0625,0.033203125,-1,-0.0049911421607875045,-0.27073738607908954,0,-0.001220703125,0,155.82299561856,0,0,0,0,0,0.115234375,,
53.924119999999995,,,,,-0.072265625,-0.02734375,-0.9765625,-0.004377203459687358,-0.26672336563993243,0,-0.0008138020639307797,0,155.71827586344,0,0,0,0,0,0.11328125,,
53.94459,,,,,-0.0625,0.04296875,-0.994140625,-0.0046752120575928304,-0.25357706565882643,0,-0.004185267724096775,0,155.71827586344,0,0,0,0,0,0.11328125,,
53.96546000000001,,,,,-0.078125,0.05859375,-1.013671875,-0.005041211002827891,-0.24323356425262765,0,0.0027901786379516125,0,155.71827586344,0,0,0,0,0,0.115234375,,
53.99228,,,,,-0.111328125,0.015625,-0.984375,-0.006544308356249712,-0.25749082294765835,0,0.0027901786379516125,0,155.71827586344,0,0,0,0,0,0.115234375,,
54.01580500000001,,,,,-0.0625,0.013671875,-0.9765625,-0.0068762657184443295,-0.25825422066058984,0,-0.00434027798473835,0,155.61355610831998,0,0,0,0,0,0.115234375,,
54.04372500000001,,,,,-0.07421875,0.037109375,-1.017578125,-0.00671752219294417,-0.25901761837352133,0,0,0,155.61355610831998,0,0,0,0,0,0.115234375,,
54.067035000000004,,,,,-0.07421875,0.0078125,-0.9609375,-0.005228813973144383,-0.2836828909575337,0,-0.011935763992369175,0,155.61355610831998,0,0,0,0,0,0.11328125,,
54.09284000000001,,,,,-0.0859375,0.01171875,-0.99609375,-0.003933230696349135,-0.2645011794100716,0,0.00732421875,0,155.61355610831998,0,0,0,0,0,0.11328125,,
54.116904999999996,,,,,-0.109375,-0.0078125,-0.958984375,-0.0042865622558094715,-0.2562113253724632,0,0.007595486007630825,0,155.61355610831998,0,0,0,0,0,0.11328125,,
54.14097,,,,,-0.048828125,0.064453125,-1.0078125,-0.0053541663380971775,-0.2480074879785655,0,-0.00732421875,0,155.61355610831998,0,0,0,0,0,0.11328125,,
54.16686500000001,,,,,-0.0859375,0.009765625,-0.984375,-0.007004139963916453,-0.24809350462227614,0,-0.003662109375,0,155.5088363532,0,0,0,0,0,0.11328125,,
54.192660000000004,,,,,-0.07421875,0.009765625,-0.974609375,-0.007625880257552419,-0.2575768395913689,0,-0.01220703125,0,155.5088363532,0,0,0,0,0,0.111328125,,
54.22308,,,,,-0.08203125,-0.009765625,-0.990234375,-0.0065837294616277985,-0.2671999516064914,0,-0.007595486007630825,0,155.5088363532,0,0,0,0,0,0.111328125,,
54.24569,,,,,-0.07421875,0.0390625,-1.001953125,-0.00484016387594895,-0.27557582228781036,0,-0.0048828125,0,155.5088363532,0,0,0,0,0,0.111328125,,
54.268675,,,,,-0.0625,-0.013671875,-0.96484375,-0.0032093665238729077,-0.271683569159906,0,-0.0069754463620483875,0,155.5088363532,0,0,0,0,0,0.111328125,,
54.291509999999995,,,,,-0.078125,0.03125,-0.994140625,-0.0038344522989677927,-0.2528029158654311,0,-0.001220703125,0,155.61355610831998,0,0,0,0,0,0.111328125,,
54.315630000000006,,,,,-0.0859375,0.0078125,-0.98046875,-0.005897524121529669,-0.24688927161032778,0,-0.013950892724096775,0,155.61355610831998,0,0,0,0,0,0.11328125,,
54.344065,,,,,-0.0859375,0.01953125,-0.98046875,-0.007079254851935775,-0.23950259233168067,0,-0.006103515625,0,155.61355610831998,0,0,0,0,0,0.11328125,,
54.36725,,,,,-0.0625,0.021484375,-1.009765625,-0.007584082498170828,-0.2380295573081368,0,-0.0068359375,0,155.61355610831998,0,0,0,0,0,0.11328125,,
54.391405,,,,,-0.048828125,0,-0.984375,-0.006391145378656353,-0.2659204540312964,0,-0.012555803172290325,0,155.61355610831998,0,0,0,0,0,0.11328125,,
54.417940000000016,,,,,-0.07421875,0.056640625,-0.99609375,-0.004391165413818966,-0.270651369435379,0,-0.006103515625,0,155.61355610831998,0,0,0,0,0,0.11328125,,
54.444325,,,,,-0.099609375,0.017578125,-0.982421875,-0.0036961746867667828,-0.26980195507873683,0,0.002170138992369175,0,155.71827586344,0,0,0,0,0,0.11328125,,
54.466744999999996,,,,,-0.048828125,-0.01953125,-0.98046875,-0.004118213834920193,-0.26422162531801224,0,-0.0065104165114462376,0,155.71827586344,0,0,0,0,0,0.11328125,,
54.490535,,,,,-0.0625,0,-0.99609375,-0.00598194925147461,-0.24910420018587556,0,-0.00837053544819355,0,155.71827586344,0,0,0,0,0,0.11328125,,
54.515544999999996,,,,,-0.07421875,0.01953125,-0.986328125,-0.007496650034320499,-0.24433027645993766,0,0.001220703125,0,155.71827586344,0,0,0,0,0,0.111328125,,
54.540905,,,,,-0.07421875,0.05078125,-1.0078125,-0.007382675575590336,-0.2505127227266365,0,-0.00732421875,0,155.61355610831998,0,0,0,0,0,0.111328125,,
54.57053,,,,,-0.07421875,0.033203125,-1.01171875,-0.0064407944701002,-0.2614690927192732,0,-0.009765625,0,155.61355610831998,0,0,0,0,0,0.111328125,,
54.595710000000004,,,,,-0.072265625,-0.025390625,-0.98046875,-0.0041529162370372436,-0.25938318910929137,0,-0.013671875,0,155.71827586344,0,0,0,0,0,0.111328125,,
54.61911,,,,,-0.07421875,0.03125,-0.9921875,-0.003479977662442378,-0.26789883683664,0,-0.0048828125,0,155.71827586344,0,0,0,0,0,0.111328125,,
54.641765,,,,,-0.0859375,0.02734375,-0.974609375,-0.004368014174353232,-0.2705115923893492,0,-0.020751953125,0,155.71827586344,0,0,0,0,0,0.111328125,,
54.66740000000001,,,,,-0.078125,-0.01171875,-0.9921875,-0.006342489321582653,-0.2646087002147098,0,-0.01220703125,0,155.61355610831998,0,0,0,0,0,0.111328125,,
54.689985,,,,,-0.08203125,0.046875,-0.998046875,-0.00755344549896756,-0.2499643666229815,0,-0.00244140625,0,155.71827586344,0,0,0,0,0,0.111328125,,
54.718084999999995,,,,,-0.078125,-0.001953125,-0.96484375,-0.0077738700611286096,-0.24385718491952943,0,-0.003662109375,0,155.71827586344,0,0,0,0,0,0.111328125,,
54.745065000000004,,,,,-0.048828125,0,-1.01171875,-0.005513800376362088,-0.24991060622066233,0,0,0,155.71827586344,0,0,0,0,0,0.111328125,,
54.769115000000006,,,,,-0.072265625,0.025390625,-1.013671875,-0.0041415350203309305,-0.26207120922524735,0,-0.00434027798473835,0,155.61355610831998,0,0,0,0,0,0.111328125,,
54.791625,,,,,-0.0859375,-0.009765625,-0.9921875,-0.0031588636742228794,-0.2855322487973114,0,-0.01220703125,0,155.61355610831998,0,0,0,0,0,0.111328125,,
54.81576000000001,,,,,-0.0625,0.029296875,-1.02734375,-0.00420754673933988,-0.28632790275163444,0,-0.009765625,0,155.71827586344,0,0,0,0,0,0.111328125,,
54.84397,,,,,-0.07421875,0.029296875,-0.974609375,-0.006304507828287056,-0.2723179419072717,0,-0.013427734375,0,155.71827586344,0,0,0,0,0,0.111328125,,
54.870065000000004,,,,,-0.05078125,0.005859375,-0.990234375,-0.007793083364520326,-0.2575123271085859,0,0.009765625,0,155.71827586344,0,0,0,0,0,0.111328125,,
54.89674000000001,,,,,-0.0859375,0.033203125,-1.017578125,-0.0067785080303711396,-0.24697528825403842,0,-0.0032552082557231188,0,155.71827586344,0,0,0,0,0,0.111328125,,
54.920505000000006,,,,,-0.07421875,0.0078125,-1.005859375,-0.005085783807803812,-0.2623937716391621,0,-0.00434027798473835,0,155.71827586344,0,0,0,0,0,0.111328125,,
54.944660000000006,,,,,-0.07421875,0.05078125,-0.990234375,-0.0038091267374251027,-0.2679956055608144,0,-0.0048828125,0,155.71827586344,0,0,0,0,0,0.11328125,,
54.965895,,,,,-0.07421875,0.0234375,-1.00390625,-0.0033944745724197845,-0.27359743948246673,0,-0.010986328125,0,155.71827586344,0,0,0,0,0,0.111328125,,
54.99049500000001,,,,,-0.078125,-0.017578125,-0.982421875,-0.005085962585994323,-0.27987665447334004,0,-0.009765625,0,155.71827586344,0,0,0,0,0,0.111328125,,
55.015710000000006,,,,,-0.099609375,0.033203125,-1.01171875,-0.006264242607666579,-0.2624367799610174,0,-0.003662109375,0,155.71827586344,0,0,0,0,0,0.11328125,,
55.041835000000006,,,,,-0.0859375,0.03515625,-0.970703125,-0.008058412536780196,-0.2521470389571378,0,-0.0048828125,0,155.71827586344,0,0,0,0,0,0.11328125,,
55.071580000000004,,,,,-0.0625,0,-0.984375,-0.007093472580737879,-0.24185729795325817,0,-0.00434027798473835,0,155.71827586344,0,0,0,0,0,0.11328125,,
55.093,,,,,-0.072265625,0.0234375,-0.986328125,-0.005066016125685533,-0.24043802333203337,0,-0.0107421875,0,155.71827586344,0,0,0,0,0,0.111328125,,
55.115955,,,,,-0.07421875,0.03515625,-0.990234375,-0.0037162492493296945,-0.2598562806496996,0,-0.0013950893189758062,0,155.71827586344,0,0,0,0,0,0.111328125,,
55.14062000000001,,,,,-0.0625,0.052734375,-1.017578125,-0.003883084802305454,-0.26520006464022017,0,-0.015345982275903225,0,155.82299561856,0,0,0,0,0,0.11328125,,
55.165820000000004,,,,,-0.0625,-0.0546875,-0.96875,-0.005022111483211644,-0.2705438486307407,0,-0.013427734375,0,155.82299561856,0,0,0,0,0,0.111328125,,
55.191265000000016,,,,,-0.07421875,0.0078125,-0.96875,-0.006374530649365585,-0.2709739318492937,0,-0.0032552082557231188,0,155.82299561856,0,0,0,0,0,0.111328125,,
55.215535,,,,,-0.048828125,0.01171875,-0.986328125,-0.008065480342006638,-0.26050140547752904,0,-0.008544921875,0,155.82299561856,0,0,0,0,0,0.111328125,,
55.24872500000001,,,,,-0.07421875,0.00390625,-0.986328125,-0.007598875930065526,-0.2488999106570629,0,-0.001220703125,0,155.82299561856,0,0,0,0,0,0.111328125,,
55.27409999999999,,,,,-0.080078125,0.017578125,-0.97265625,-0.005081812340455245,-0.2407175774240928,0,-0.012428977526724339,0,155.82299561856,0,0,0,0,0,0.111328125,,
55.29508500000001,,,,,-0.09375,-0.0234375,-0.978515625,-0.0030592599740189657,-0.24413673901158883,0,-0.0010850694961845875,0,155.71827586344,0,0,0,0,0,0.111328125,,
55.31722,,,,,-0.07421875,0.033203125,-0.98828125,-0.003939471499989314,-0.27662952617326514,0,-0.01953125,0,155.71827586344,0,0,0,0,0,0.111328125,,
55.341595,,,,,-0.0625,0.01171875,-1.03125,-0.005215554073191777,-0.28096261460018623,0,-0.00732421875,0,155.82299561856,0,0,0,0,0,0.111328125,,
55.36636499999999,,,,,-0.0625,0.03125,-0.962890625,-0.0066127876474474994,-0.27617793879378455,0,-0.003662109375,0,155.82299561856,0,0,0,0,0,0.111328125,,
55.391740000000006,,,,,-0.0859375,0.041015625,-1.001953125,-0.007369907236587709,-0.2670601745604617,0,-0.008544921875,0,155.82299561856,0,0,0,0,0,0.111328125,,
55.419869999999996,,,,,-0.0859375,0.013671875,-0.974609375,-0.006705979676956381,-0.2534480406932605,0,-0.010986328125,0,155.82299561856,0,0,0,0,0,0.111328125,,
55.440934999999996,,,,,-0.072265625,-0.015625,-0.978515625,-0.0052763728519169715,-0.24938375427793502,0,-0.005859375,0,155.82299561856,0,0,0,0,0,0.111328125,,
55.465759999999996,,,,,-0.0625,0.0390625,-1,-0.0037235172772208266,-0.2453194678626095,0,-0.011393229477107525,0,155.82299561856,0,0,0,0,0,0.111328125,,
55.493615000000005,,,,,-0.0625,0.009765625,-0.990234375,-0.003998359283777729,-0.2625012924438003,0,-0.013427734375,0,155.82299561856,0,0,0,0,0,0.111328125,,
55.52214,,,,,-0.08203125,0,-0.994140625,-0.005270673982264801,-0.27176958580361665,0,-0.0107421875,0,155.82299561856,0,0,0,0,0,0.111328125,,
55.54399500000001,,,,,-0.0859375,0.03125,-0.986328125,-0.006626902078565601,-0.27486618497719795,0,-0.009765625,0,155.82299561856,0,0,0,0,0,0.111328125,,
55.56760500000001,,,,,-0.07421875,0.03515625,-1.00390625,-0.006871324915087394,-0.26717844744556374,0,-0.003662109375,0,155.82299561856,0,0,0,0,0,0.111328125,,
55.59055,,,,,-0.09375,0.0234375,-0.96484375,-0.0066558986048155765,-0.2563941107403483,0,-0.013950892724096775,0,155.82299561856,0,0,0,0,0,0.111328125,,
55.615300000000005,,,,,-0.07421875,0.02734375,-1.01953125,-0.00516712444703203,-0.24579255940301775,0,-0.003662109375,0,155.82299561856,0,0,0,0,0,0.109375,,
55.64136500000001,,,,,-0.0859375,0.03515625,-0.97265625,-0.00404991329945405,-0.2467387424838343,0,-0.009765625,0,155.82299561856,0,0,0,0,0,0.109375,,
55.66681000000001,,,,,-0.07421875,0.0078125,-1.01171875,-0.0035366484298489905,-0.2467387424838343,0,-0.003662109375,0,155.71827586344,0,0,0,0,0,0.109375,,
55.689705000000004,,,,,-0.07421875,-0.0078125,-0.99609375,-0.005194734254325095,-0.2685654658253971,0,-0.00434027798473835,0,155.71827586344,0,0,0,0,0,0.111328125,,
55.71654000000001,,,,,-0.07421875,0,-0.978515625,-0.006873791441363711,-0.27989815863426765,0,-0.005580357275903225,0,155.71827586344,0,0,0,0,0,0.111328125,,
55.74080500000001,,,,,-0.0859375,0.02734375,-1.001953125,-0.0067726933378499995,-0.27989815863426765,0,-0.00542534701526165,0,155.71827586344,0,0,0,0,0,0.111328125,,
55.765145000000004,,,,,-0.0625,-0.001953125,-0.9765625,-0.006687389186921096,-0.28265069123300657,0,-0.009765625,0,155.71827586344,0,0,0,0,0,0.111328125,,
55.790395000000004,,,,,-0.0625,0.009765625,-1.005859375,-0.005168819886189034,-0.2539426363945964,0,-0.001220703125,0,155.71827586344,0,0,0,0,0,0.111328125,,
55.815900000000006,,,,,-0.099609375,0.064453125,-1.005859375,-0.004529336633379426,-0.2510395746693639,0,-0.001220703125,0,155.61355610831998,0,0,0,0,0,0.111328125,,
55.840175,,,,,-0.0625,0.03515625,-1.001953125,-0.0045709368498601825,-0.2536738343830008,0,-0.0173611119389534,0,155.61355610831998,0,0,0,0,0,0.111328125,,
55.86654000000001,,,,,-0.0859375,0.0625,-0.982421875,-0.005779265915411352,-0.25921115582187015,0,0.001220703125,0,155.61355610831998,0,0,0,0,0,0.111328125,,
55.892645,,,,,-0.0859375,-0.001953125,-0.982421875,-0.006388655739087322,-0.2702427903777536,0,-0.0108506940305233,0,155.61355610831998,0,0,0,0,0,0.111328125,,
55.916940000000004,,,,,-0.05078125,-0.01953125,-0.96875,-0.006345351111428804,-0.28381191592309957,0,-0.0048828125,0,155.61355610831998,0,0,0,0,0,0.111328125,,
55.94016500000001,,,,,-0.09375,0.05859375,-0.974609375,-0.005660449624557202,-0.26570541242201995,0,-0.009765625,0,155.61355610831998,0,0,0,0,0,0.11328125,,
55.966865000000006,,,,,-0.07421875,0.017578125,-0.96875,-0.004999028941050938,-0.26570541242201995,0,-0.006103515625,0,155.61355610831998,0,0,0,0,0,0.111328125,,
55.99138500000001,,,,,-0.07421875,0.0390625,-1,-0.004957239671120809,-0.2604368929947461,0,-0.011935763992369175,0,155.61355610831998,0,0,0,0,0,0.111328125,,
56.01613499999999,,,,,-0.0859375,-0.001953125,-0.974609375,-0.0051144204063907975,-0.2496848125309221,0,-0.0013950893189758062,0,155.61355610831998,0,0,0,0,0,0.111328125,,
56.04168000000001,,,,,-0.0625,0.0234375,-0.98046875,-0.005649007504692659,-0.26480223766305866,0,-0.011935763992369175,0,155.61355610831998,0,0,0,0,0,0.111328125,,
56.06623,,,,,-0.0859375,0.0078125,-0.98828125,-0.0059257184688553625,-0.26480223766305866,0,-0.006103515625,0,155.61355610831998,0,0,0,0,0,0.111328125,,
56.09212000000001,,,,,-0.07421875,0,-0.9765625,-0.005854063156455079,-0.2830162619687766,0,-0.00244140625,0,155.61355610831998,0,0,0,0,0,0.111328125,,
56.11527,,,,,-0.0625,0.02734375,-0.984375,-0.0057824078440547955,-0.28009169608261647,0,-0.0108506940305233,0,155.61355610831998,0,0,0,0,0,0.111328125,,
56.14036499999999,,,,,-0.0859375,0.048828125,-1.005859375,-0.005050725921136157,-0.25288893250914163,0,0,0,155.61355610831998,0,0,0,0,0,0.111328125,,
56.16518000000001,,,,,-0.099609375,0.017578125,-0.98828125,-0.0047504025786362,-0.25288893250914163,0,-0.00732421875,0,155.61355610831998,0,0,0,0,0,0.111328125,,
56.191455000000005,,,,,-0.07421875,0.0078125,-0.984375,-0.005640253112221821,-0.24291100183871292,0,-0.00542534701526165,0,155.61355610831998,0,0,0,0,0,0.111328125,,
56.217994999999995,,,,,-0.0859375,0.001953125,-0.974609375,-0.005947450442723765,-0.25635110241849296,0,-0.0048828125,0,155.61355610831998,0,0,0,0,0,0.11328125,,
56.240110000000016,,,,,-0.072265625,0.0390625,-0.974609375,-0.005807650342104311,-0.2578851554986691,0,-0.007595486007630825,0,155.61355610831998,0,0,0,0,0,0.11328125,,
56.26548000000001,,,,,-0.078125,0.025390625,-1.013671875,-0.005361422449064306,-0.2586520476377513,0,-0.009765625,0,155.61355610831998,0,0,0,0,0,0.111328125,,
56.289919999999995,,,,,-0.07421875,0.044921875,-0.98828125,-0.005425893215051087,-0.2748231766553427,0,-0.010986328125,0,155.61355610831998,0,0,0,0,0,0.111328125,,
56.31619,,,,,-0.07421875,0.0078125,-1,-0.0054265102162556755,-0.2655548832955263,0,-0.003662109375,0,155.61355610831998,0,0,0,0,0,0.11328125,,
56.34012000000001,,,,,-0.099609375,0.05859375,-0.9921875,-0.005720206544012787,-0.25320074284259253,0,-0.009765625,0,155.61355610831998,0,0,0,0,0,0.11328125,,
56.36544,,,,,-0.07421875,0.0078125,-0.994140625,-0.006033215262135713,-0.24131969393006694,0,-0.0048828125,0,155.61355610831998,0,0,0,0,0,0.11328125,,
56.39095,,,,,-0.07421875,0.01171875,-1.001953125,-0.005957524413370691,-0.2417927854704752,0,-0.001220703125,0,155.5088363532,0,0,0,0,0,0.11328125,,
56.419905000000014,,,,,-0.0859375,-0.02734375,-0.96875,-0.00561172929395128,-0.26245828412194505,0,-0.002170138992369175,0,155.5088363532,0,0,0,0,0,0.11328125,,
56.44267,,,,,-0.072265625,0.0078125,-0.990234375,-0.0053416250232968905,-0.26608522966440445,0,-0.0009765625,0,155.5088363532,0,0,0,0,0,0.111328125,,
56.46563499999999,,,,,-0.099609375,0.03125,-0.982421875,-0.004922031932034729,-0.26789883683664,0,-0.0013950893189758062,0,155.61355610831998,0,0,0,0,0,0.111328125,,
56.491345,,,,,-0.09375,0.033203125,-0.986328125,-0.005836632166530858,-0.27886595890974053,0,0,0,155.5088363532,0,0,0,0,0,0.111328125,,
56.51526000000001,,,,,-0.0625,0.03515625,-0.970703125,-0.005936152990398817,-0.24891066273752674,0,-0.009765625,0,155.5088363532,0,0,0,0,0,0.11328125,,
56.54135000000001,,,,,-0.0859375,0.009765625,-0.99609375,-0.006035673814266775,-0.24526570746029033,0,-0.008544921875,0,155.5088363532,0,0,0,0,0,0.11328125,,
56.565545000000014,,,,,-0.048828125,0.02734375,-0.986328125,-0.005717744094020707,-0.24699679241496608,0,-0.01519097201526165,0,155.5088363532,0,0,0,0,0,0.11328125,,
56.59183499999999,,,,,-0.0859375,0.025390625,-0.9921875,-0.0052667862863783775,-0.25237283264687804,0,-0.00244140625,0,155.40411659807998,0,0,0,0,0,0.11328125,,
56.61555500000001,,,,,-0.099609375,0.015625,-0.998046875,-0.0051052798599158416,-0.26258730908751093,0,-0.0108506940305233,0,155.5088363532,0,0,0,0,0,0.111328125,,
56.63997500000001,,,,,-0.07421875,0.03515625,-0.984375,-0.0054522891206203235,-0.2754037890003892,0,-0.00837053544819355,0,155.5088363532,0,0,0,0,0,0.11328125,,
56.66610500000001,,,,,-0.07421875,-0.001953125,-1.00390625,-0.006100924594148365,-0.2721029002979952,0,0.003662109375,0,155.5088363532,0,0,0,0,0,0.11328125,,
56.68999500000001,,,,,-0.07421875,-0.001953125,-0.990234375,-0.006243043014985383,-0.2688020115956012,0,-0.00542534701526165,0,155.5088363532,0,0,0,0,0,0.111328125,,
56.71739,,,,,-0.0625,-0.0078125,-0.984375,-0.006120069465701975,-0.253598569819754,0,-0.00732421875,0,155.5088363532,0,0,0,0,0,0.111328125,,
56.74032500000001,,,,,-0.07421875,0.03125,-0.982421875,-0.005422036904806471,-0.24746988395537428,0,-0.00434027798473835,0,155.5088363532,0,0,0,0,0,0.111328125,,
56.76549500000001,,,,,-0.0625,-0.0078125,-0.9765625,-0.004846977893194376,-0.24941601051932646,0,-0.005580357275903225,0,155.5088363532,0,0,0,0,0,0.111328125,,
56.790479999999995,,,,,-0.099609375,0.025390625,-0.97265625,-0.004476040903923648,-0.25749082294765835,0,-0.00244140625,0,155.5088363532,0,0,0,0,0,0.111328125,,
56.815115000000006,,,,,-0.0625,0.029296875,-0.982421875,-0.0057940307390773795,-0.2705438486307407,0,-0.01519097201526165,0,155.5088363532,0,0,0,0,0,0.109375,,
56.840750000000014,,,,,-0.0625,0.029296875,-1.0078125,-0.0065355040190033555,-0.27333938955133497,0,-0.009765625,0,155.5088363532,0,0,0,0,0,0.109375,,
56.865550000000006,,,,,-0.0859375,0.05078125,-0.990234375,-0.0067369899799490955,-0.2694148801820392,0,-0.003662109375,0,155.40411659807998,0,0,0,0,0,0.109375,,
56.89088,,,,,-0.0859375,0.037109375,-0.990234375,-0.00624745224317887,-0.26269482989214915,0,-0.007595486007630825,0,155.40411659807998,0,0,0,0,0,0.111328125,,
56.91628499999999,,,,,-0.048828125,-0.01171875,-0.99609375,-0.0047296289118195865,-0.24938375427793502,0,-0.010986328125,0,155.40411659807998,0,0,0,0,0,0.111328125,,
56.94011,,,,,-0.0625,-0.00390625,-0.974609375,-0.00439505390512357,-0.25867355179867896,0,-0.018310546875,0,155.40411659807998,0,0,0,0,0,0.109375,,
56.966055000000004,,,,,-0.0859375,0.017578125,-0.978515625,-0.004574513451472779,-0.2653505937667137,0,-0.00732421875,0,155.40411659807998,0,0,0,0,0,0.109375,,
56.98948999999999,,,,,-0.0859375,0.052734375,-0.9765625,-0.006135015737044315,-0.2720276357347484,0,-0.002170138992369175,0,155.40411659807998,0,0,0,0,0,0.109375,,
57.01491,,,,,-0.099609375,-0.009765625,-0.962890625,-0.006926348679625334,-0.2811238958071436,0,-0.00244140625,0,155.29939684296,0,0,0,0,0,0.111328125,,
57.04118500000001,,,,,-0.0859375,0.01953125,-1.001953125,-0.006745323815799635,-0.26620000812335576,0,-0.0146484375,0,155.29939684296,0,0,0,0,0,0.111328125,,
57.065169999999995,,,,,-0.07421875,0.01953125,-1.009765625,-0.005878498010589513,-0.25612530872875267,0,-0.0173611119389534,0,155.29939684296,0,0,0,0,0,0.111328125,,
57.09194,,,,,-0.07421875,-0.005859375,-0.978515625,-0.004380223841570213,-0.2463946759089919,0,-0.00244140625,0,155.29939684296,0,0,0,0,0,0.111328125,,
57.11538,,,,,-0.0859375,0.037109375,-1.01171875,-0.003914268843968624,-0.2467387424838343,0,-0.0108506940305233,0,155.29939684296,0,0,0,0,0,0.109375,,
57.14184000000001,,,,,-0.07421875,0.017578125,-0.958984375,-0.005094709762306645,-0.25411466968201757,0,-0.004185267724096775,0,155.29939684296,0,0,0,0,0,0.109375,,
57.167045000000016,,,,,-0.0625,-0.01171875,-1.00390625,-0.006407742173294661,-0.26289911942096184,0,-0.007595486007630825,0,155.29939684296,0,0,0,0,0,0.109375,,
57.19149,,,,,-0.0859375,0.01171875,-0.9765625,-0.007407997314134892,-0.271683569159906,0,0.0010850694961845875,0,155.29939684296,0,0,0,0,0,0.109375,,
57.215705,,,,,-0.07421875,0.046875,-0.98828125,-0.006992373969731773,-0.28708054838410213,0,-0.00244140625,0,155.29939684296,0,0,0,0,0,0.109375,,
57.240680000000005,,,,,-0.0625,0.0078125,-1.025390625,-0.00504540286475541,-0.2581144436145601,0,0.001220703125,0,155.29939684296,0,0,0,0,0,0.109375,,
57.265125,,,,,-0.0859375,0.013671875,-0.9765625,-0.004095272233374989,-0.24789996717392726,0,-0.010986328125,0,155.40411659807998,0,0,0,0,0,0.109375,,
57.29169,,,,,-0.099609375,0.001953125,-0.9765625,-0.003845322291690343,-0.24423350773576327,0,-0.01220703125,0,155.40411659807998,0,0,0,0,0,0.109375,,
57.31475999999999,,,,,-0.0859375,0.03125,-0.998046875,-0.005259255450448452,-0.2507815247382321,0,-0.0108506940305233,0,155.40411659807998,0,0,0,0,0,0.111328125,,
57.34371000000001,,,,,-0.07421875,0.025390625,-0.984375,-0.007201500676555995,-0.2650387834332628,0,-0.012555803172290325,0,155.40411659807998,0,0,0,0,0,0.111328125,,
57.37087000000001,,,,,-0.0625,0.01171875,-1.00390625,-0.0075490653718500896,-0.2760166575868272,0,-0.00390625,0,155.40411659807998,0,0,0,0,0,0.111328125,,
57.395869999999995,,,,,-0.0625,0.005859375,-1.01171875,-0.00683783152801918,-0.277489692610371,0,-0.003662109375,0,155.40411659807998,0,0,0,0,0,0.111328125,,
57.41855,,,,,-0.0859375,0.001953125,-0.953125,-0.0050828647222704295,-0.26798485348035056,0,-0.002170138992369175,0,155.40411659807998,0,0,0,0,0,0.111328125,,
57.44197,,,,,-0.0625,0.013671875,-1.01171875,-0.003553873544960503,-0.2413411980909946,0,-0.015345982275903225,0,155.40411659807998,0,0,0,0,0,0.111328125,,
57.46788500000001,,,,,-0.0859375,0.01953125,-0.998046875,-0.0040877190571116636,-0.24073908158502047,0,-0.02197265625,0,155.40411659807998,0,0,0,0,0,0.111328125,,
57.49090500000001,,,,,-0.099609375,0.05859375,-0.984375,-0.005293129719925777,-0.2539963967969155,0,-0.002170138992369175,0,155.5088363532,0,0,0,0,0,0.111328125,,
57.523604999999996,,,,,-0.0625,0.017578125,-1.0078125,-0.007292875574788507,-0.2678558285147847,0,-0.02371651865541935,0,155.5088363532,0,0,0,0,0,0.111328125,,
57.54421000000001,,,,,-0.0703125,0.005859375,-0.9921875,-0.007663191677174445,-0.2731673562639138,0,-0.009765625,0,155.5088363532,0,0,0,0,0,0.111328125,,
57.568155,,,,,-0.078125,0.060546875,-0.998046875,-0.006192529499245432,-0.2696406738717795,0,-0.0027901786379516125,0,155.5088363532,0,0,0,0,0,0.111328125,,
57.590755,,,,,-0.0625,0.02734375,-1.00390625,-0.004781181736552135,-0.2619529363401453,0,-0.00244140625,0,155.5088363532,0,0,0,0,0,0.109375,,
57.61622500000001,,,,,-0.0625,0.00390625,-0.984375,-0.003174918190176371,-0.2542651988085111,0,-0.01220703125,0,155.5088363532,0,0,0,0,0,0.109375,,
57.64163500000001,,,,,-0.07421875,0.03515625,-0.98828125,-0.004418445549285099,-0.24779244636928902,0,0.00244140625,0,155.5088363532,0,0,0,0,0,0.109375,,
57.66541500000001,,,,,-0.07421875,-0.025390625,-0.95703125,-0.006404682762893027,-0.25875956844238956,0,0,0,155.5088363532,0,0,0,0,0,0.111328125,,
57.691660000000006,,,,,-0.0625,0.005859375,-0.9765625,-0.007563508751120541,-0.2633076984785871,0,-0.009765625,0,155.5088363532,0,0,0,0,0,0.109375,,
57.715875,,,,,-0.0859375,0.048828125,-0.99609375,-0.007606798214053443,-0.2678558285147847,0,0,0,155.5088363532,0,0,0,0,0,0.109375,,
57.739979999999996,,,,,-0.07421875,0,-0.984375,-0.005868891689062385,-0.2812099124508542,0,-0.003662109375,0,155.5088363532,0,0,0,0,0,0.109375,,
57.765395000000005,,,,,-0.0859375,0.015625,-0.9765625,-0.0036681286983449024,-0.26701716623860644,0,0,0,155.5088363532,0,0,0,0,0,0.109375,,
57.78996000000001,,,,,-0.0859375,0.046875,-0.984375,-0.0034784159177972036,-0.2556737213492721,0,-0.009765625,0,155.5088363532,0,0,0,0,0,0.109375,,
57.81583,,,,,-0.0859375,0.03125,-1.00390625,-0.00459211471516347,-0.24985684581834325,0,0,0,155.40411659807998,0,0,0,0,0,0.109375,,
57.84066500000001,,,,,-0.0859375,0.0234375,-1.005859375,-0.00650986571213264,-0.25538341517674884,0,-0.01410590298473835,0,155.40411659807998,0,0,0,0,0,0.109375,,
57.866205,,,,,-0.0859375,0.02734375,-0.98046875,-0.008205104692015531,-0.260565917960312,0,-0.0048828125,0,155.40411659807998,0,0,0,0,0,0.109375,,
57.891435000000016,,,,,-0.0625,0.01171875,-0.998046875,-0.007057572210214928,-0.26829666381380146,0,0,0,155.40411659807998,0,0,0,0,0,0.109375,,
57.91516,,,,,-0.0859375,0.017578125,-1,-0.005699461294820815,-0.27353292699968385,0,-0.00244140625,0,155.40411659807998,0,0,0,0,0,0.109375,,
57.93992999999999,,,,,-0.07421875,0.046875,-0.9765625,-0.003872669078209241,-0.2710384443320766,0,0,0,155.40411659807998,0,0,0,0,0,0.111328125,,
57.969420000000014,,,,,-0.0859375,0.0078125,-0.986328125,-0.0033241691377016657,-0.25708224389003304,0,-0.009765625,0,155.40411659807998,0,0,0,0,0,0.109375,,
57.993255000000005,,,,,-0.072265625,-0.009765625,-1.00390625,-0.005450555571262627,-0.25026542487596853,0,-0.0029296875,0,155.40411659807998,0,0,0,0,0,0.109375,,
58.016589999999994,,,,,-0.07421875,0.0078125,-0.99609375,-0.007237931546712241,-0.2473086027484169,0,-0.008544921875,0,155.40411659807998,0,0,0,0,0,0.109375,,
58.046544999999995,,,,,-0.078125,0.03515625,-1,-0.007982852347460767,-0.25116859963492977,0,-0.001220703125,0,155.40411659807998,0,0,0,0,0,0.109375,,
58.06867000000001,,,,,-0.08203125,0.03125,-1.00390625,-0.006518898384633252,-0.2825861787502237,0,-0.0087890625,0,155.5088363532,0,0,0,0,0,0.109375,,
58.094165,,,,,-0.0859375,-0.00390625,-0.984375,-0.0049499322491304626,-0.2826184349916151,0,0.0027901786379516125,0,155.5088363532,0,0,0,0,0,0.111328125,,
58.11626000000001,,,,,-0.0625,0.041015625,-0.984375,-0.0034950717698960343,-0.27450061424142796,0,-0.00434027798473835,0,155.5088363532,0,0,0,0,0,0.109375,,
58.144755,,,,,-0.078125,-0.001953125,-0.99609375,-0.00432448620325102,-0.26635053724984936,0,0.0013950893189758062,0,155.5088363532,0,0,0,0,0,0.111328125,,
58.170210000000004,,,,,-0.0625,0.0390625,-0.990234375,-0.005444059911270039,-0.24895367105938207,0,0,0,155.5088363532,0,0,0,0,0,0.109375,,
58.19310000000001,,,,,-0.099609375,0.029296875,-0.98828125,-0.007230372400757479,-0.25669516899333533,0,-0.0032552082557231188,0,155.5088363532,0,0,0,0,0,0.109375,,
58.217245,,,,,-0.048828125,0.01171875,-0.9765625,-0.007475278528999451,-0.26229700291498764,0,-0.004185267724096775,0,155.5088363532,0,0,0,0,0,0.109375,,
58.240075,,,,,-0.078125,0.05078125,-1.0078125,-0.006429476323801523,-0.26789883683664,0,-0.009765625,0,155.40411659807998,0,0,0,0,0,0.109375,,
58.26750500000001,,,,,-0.0859375,0.01171875,-1,-0.004845430910262938,-0.2806938125885906,0,-0.009765625,0,155.40411659807998,0,0,0,0,0,0.109375,,
58.29046500000001,,,,,-0.0859375,0.0546875,-1,-0.0031052076889551217,-0.27475866417255973,0,-0.0010850694961845875,0,155.40411659807998,0,0,0,0,0,0.111328125,,
58.31642,,,,,-0.07421875,0.015625,-0.986328125,-0.0044762336484097135,-0.2673289765720573,0,-0.0027901786379516125,0,155.40411659807998,0,0,0,0,0,0.111328125,,
58.34071000000001,,,,,-0.0859375,0.02734375,-0.986328125,-0.005839956751886252,-0.25989928897155495,0,-0.0032552082557231188,0,155.40411659807998,0,0,0,0,0,0.109375,,
58.367225000000005,,,,,-0.0859375,0.02734375,-0.990234375,-0.00748169033444768,-0.24519044289704364,0,-0.001220703125,0,155.5088363532,0,0,0,0,0,0.111328125,,
58.401675000000004,,,,,-0.0625,0.017578125,-0.98828125,-0.0071381010425276515,-0.2592326599827978,0,0.0010850694961845875,0,155.5088363532,0,0,0,0,0,0.109375,,
58.422574999999995,,,,,-0.0625,0.005859375,-0.98046875,-0.005705860939931481,-0.2621142175471027,0,-0.00532670458778739,0,155.5088363532,0,0,0,0,0,0.109375,,
58.44729000000001,,,,,-0.078125,0.01171875,-1.017578125,-0.004141191780525796,-0.2635549963292551,0,-0.0069754463620483875,0,155.5088363532,0,0,0,0,0,0.109375,,
58.47032000000001,,,,,-0.0859375,0,-0.94921875,-0.00419234762795224,-0.28118840828992653,0,0.001220703125,0,155.5088363532,0,0,0,0,0,0.109375,,
58.492455,,,,,-0.0625,0,-1.00390625,-0.0050371984225438034,-0.26650106637634285,0,0.003662109375,0,155.5088363532,0,0,0,0,0,0.109375,,
58.51637000000001,,,,,-0.09375,0.00390625,-0.96875,-0.006477558309169722,-0.2587273122009981,0,-0.0027901786379516125,0,155.5088363532,0,0,0,0,0,0.107421875,,
58.543434999999995,,,,,-0.0625,0.015625,-0.98046875,-0.007199010764361282,-0.2509535580256533,0,-0.003662109375,0,155.5088363532,0,0,0,0,0,0.107421875,,
58.569205000000004,,,,,-0.07421875,0.05859375,-1.00390625,-0.00721027333586776,-0.24574955108116245,0,-0.007595486007630825,0,155.61355610831998,0,0,0,0,0,0.107421875,,
58.59788,,,,,-0.08203125,0.0078125,-0.966796875,-0.005030754876478908,-0.2637915420994592,0,0.0010850694961845875,0,155.61355610831998,0,0,0,0,0,0.109375,,
58.622140000000016,,,,,-0.08203125,0.015625,-0.9765625,-0.0043355532157543794,-0.27081265064233634,0,0.0010850694961845875,0,155.61355610831998,0,0,0,0,0,0.109375,,
58.64349000000001,,,,,-0.046875,0.0234375,-0.990234375,-0.0043609143109667094,-0.27624245127656744,0,-0.00732421875,0,155.5088363532,0,0,0,0,0,0.109375,,
58.668970000000016,,,,,-0.07421875,-0.013671875,-0.96484375,-0.0054026320581505105,-0.2746511433679215,0,-0.0027901786379516125,0,155.5088363532,0,0,0,0,0,0.109375,,
58.691515,,,,,-0.07421875,0.029296875,-1.01953125,-0.006718595176511363,-0.25467377786613643,0,0,0,155.5088363532,0,0,0,0,0,0.107421875,,
58.71633,,,,,-0.078125,0.0078125,-0.958984375,-0.00690557612107579,-0.245287211621218,0,-0.008544921875,0,155.5088363532,0,0,0,0,0,0.109375,,
58.740470000000016,,,,,-0.048828125,0.01953125,-1.013671875,-0.00691444414917156,-0.24342710170097648,0,-0.010986328125,0,155.5088363532,0,0,0,0,0,0.109375,,
58.765615000000004,,,,,-0.099609375,0.05078125,-1.015625,-0.006306934602370009,-0.2509535580256533,0,-0.01116071455180645,0,155.61355610831998,0,0,0,0,0,0.109375,,
58.797500000000014,,,,,-0.07421875,-0.013671875,-0.986328125,-0.004922804180152656,-0.2655548832955263,0,-0.0010850694961845875,0,155.71827586344,0,0,0,0,0,0.111328125,,
58.81907500000001,,,,,-0.08203125,0.03515625,-1.001953125,-0.005340479449258176,-0.27399526645962824,0,-0.0035511364694684744,0,156.0324351288,0,0,0,0,0,0.111328125,,
58.843855,,,,,-0.07421875,0.013671875,-1.00390625,-0.006090975884085117,-0.2779627841507793,0,-0.012555803172290325,0,156.45131414928,0,0,0,0,0,0.109375,,
58.88122,,,,,-0.048828125,0.005859375,-0.974609375,-0.007310496449436484,-0.27348991867782846,0,-0.00244140625,0,156.55603390439998,0,0,0,0,0,0.109375,,
58.90308499999999,,,,,-0.10546875,0.03515625,-0.98828125,-0.007794312988401953,-0.25045896232431736,0,-0.009014423005282879,0,156.97491292488,0,0,0,0,0,0.111328125,,
58.934205,,,,,-0.07421875,0.009765625,-1.001953125,-0.0070436972505019575,-0.25237283264687804,0,-0.0048828125,0,157.49851170047998,0,0,0,0,0,0.11328125,,
58.956464999999994,,,,,-0.072265625,0.001953125,-0.974609375,-0.006394035911156848,-0.259540975890098,0,-0.007990056648850441,0,157.81267096584,0,0,0,0,0,0.11328125,,
58.97672500000001,,,,,-0.0625,0.037109375,-1.015625,-0.005596106643281126,-0.26984496340059216,0,-0.01116071455180645,0,158.1268302312,0,0,0,0,0,0.11328125,,
58.997960000000006,,,,,-0.078125,0.005859375,-1.00390625,-0.005695421327196982,-0.2765650136904822,0,-0.0048828125,0,158.65042900679998,0,0,0,0,0,0.11328125,,
59.02085500000001,,,,,-0.078125,0.03125,-1.0078125,-0.00590756097515688,-0.28375815552078054,0,0.006103515625,0,158.75514876192,0,0,0,0,0,0.11328125,,
59.042095,,,,,-0.07421875,0.05859375,-1.00390625,-0.006673810687362648,-0.2909512973510788,0,0.004185267724096775,0,159.1740277824,0,0,0,0,0,0.11328125,,
59.066175,,,,,-0.078125,-0.015625,-0.97265625,-0.007658171110202441,-0.29525212953660834,0,0.0013950893189758062,0,159.38346729263998,0,0,0,0,0,0.11328125,,
59.090235,,,,,-0.099609375,0.091796875,-1.01953125,-0.008073057224851065,-0.2868440026138979,0,0.003662109375,0,159.90706606824,0,0,0,0,0,0.115234375,,
59.11683,,,,,-0.048828125,0.001953125,-0.97265625,-0.00836285041937046,-0.28139269781873916,0,-0.001220703125,0,160.43066484384,0,0,0,0,0,0.115234375,,
59.141390000000015,,,,,-0.07421875,-0.00390625,-0.986328125,-0.007518084199878545,-0.2759413930235804,0,-0.01220703125,0,160.84954386432,0,0,0,0,0,0.115234375,,
59.16602,,,,,-0.0859375,0.02734375,-1.025390625,-0.007481601918585562,-0.2775327009322263,0,0,0,161.37314263992,0,0,0,0,0,0.1171875,,
59.19238500000001,,,,,-0.07421875,0.029296875,-0.966796875,-0.007942764568728255,-0.27042557574563864,0,-0.0048828125,0,161.89674141551998,0,0,0,0,0,0.115234375,,
59.216565,,,,,-0.07421875,0.041015625,-1.017578125,-0.008671252748527314,-0.2666300913419088,0,-0.01627604104578495,0,162.42034019111998,0,0,0,0,0,0.115234375,,
59.241949999999996,,,,,-0.07421875,0.01953125,-1.00390625,-0.007782942444944326,-0.27073738607908954,0,-0.0048828125,0,163.46753774232,0,0,0,0,0,0.115234375,,
59.265425,,,,,-0.07421875,-0.001953125,-0.982421875,-0.007228776335845303,-0.2789232137382104,0,0.0010850694961845875,0,164.30529578328,0,0,0,0,0,0.1171875,,
59.291470000000004,,,,,-0.048828125,-0.001953125,-0.970703125,-0.006920594557746432,-0.2830162619687766,0,-0.004185267724096775,0,164.93361431399998,0,0,0,0,0,0.1171875,,
59.315675000000006,,,,,-0.0625,0.0390625,-1.00390625,-0.006849124183504599,-0.2779627841507793,0,-0.0065104165114462376,0,165.77137235496,0,0,0,0,0,0.1171875,,
59.340165000000006,,,,,-0.0859375,0.03515625,-0.984375,-0.009591466414453659,-0.2878762023384251,0,-0.005580357275903225,0,166.39969088568,0,0,0,0,0,0.119140625,,
59.36520000000001,,,,,-0.048828125,0.009765625,-0.974609375,-0.009478622910615483,-0.2878762023384251,0,-0.0032552082557231188,0,167.02800941639998,0,0,0,0,0,0.119140625,,
59.389945000000004,,,,,-0.078125,-0.046875,-0.982421875,-0.008957576384461593,-0.2858333070502985,0,0.00732421875,0,168.49408598808,0,0,0,0,0,0.12109375,,
59.41617,,,,,-0.037109375,0.01171875,-0.955078125,-0.008660564856659773,-0.2890051707871266,0,-0.001220703125,0,169.43656378416,0,0,0,0,0,0.12109375,,
59.440225000000005,,,,,-0.08203125,0.0234375,-0.9609375,-0.008312359528770404,-0.2921770345239547,0,-0.0048828125,0,170.16960207,0,0,0,0,0,0.123046875,,
59.467735,,,,,-0.0859375,0.056640625,-1.01171875,-0.007797231913603985,-0.3033054378040126,0,-0.0146484375,0,171.21679962119998,0,0,0,0,0,0.125,,
59.493175,,,,,-0.048828125,0.044921875,-0.9921875,-0.007804780250901813,-0.3094591222554707,0,-0.0087890625,0,171.94983790703998,0,0,0,0,0,0.12890625,,
59.51711,,,,,-0.0625,0.0078125,-0.955078125,-0.00824182736023997,-0.31357367464696456,0,-0.0048828125,0,172.57815643776,0,0,0,0,0,0.130859375,,
59.54322,,,,,-0.078125,0.0390625,-1.021484375,-0.007686167385923752,-0.35002322741932806,0,0.001220703125,0,173.31119472359998,0,0,0,0,0,0.130859375,,
59.56722500000001,,,,,-0.07421875,0.02734375,-0.978515625,-0.007695217720123617,-0.35582209321548,0,-0.02495659701526165,0,174.04423300943998,0,0,0,0,0,0.130859375,,
59.592085000000004,,,,,-0.07421875,0.01171875,-0.96875,-0.00770426805432348,-0.3674200936097954,0,-0.00732421875,0,174.56783178504,0,0,0,0,0,0.134765625,,
59.61612000000001,,,,,-0.0859375,0.03125,-0.98046875,-0.007575739515323125,-0.3773872721997603,0,-0.010986328125,0,175.19615031575998,0,0,0,0,0,0.13671875,,
59.64173000000001,,,,,-0.0859375,0.01953125,-0.9921875,-0.007651199281693441,-0.3694844930588496,0,-0.012555803172290325,0,175.82446884648,0,0,0,0,0,0.140625,,
59.665925,,,,,-0.07421875,-0.015625,-0.96875,-0.010218624418282607,-0.358399098100647,0,0,0,176.4527873772,0,0,0,0,0,0.142578125,,
59.690104999999996,,,,,-0.099609375,0.056640625,-1.01953125,-0.009500901291856956,-0.3473137031424444,0,0.001220703125,0,176.9763861528,0,0,0,0,0,0.146484375,,
59.71613000000001,,,,,-0.13671875,0.056640625,-0.994140625,-0.009085221089090639,-0.32184202452364524,0,0.004185267724096775,0,177.81414419376,0,0,0,0,0,0.150390625,,
59.74049500000001,,,,,-0.07421875,0.03515625,-1.029296875,-0.008011526122957776,-0.3256805172492304,0,0.00542534701526165,0,178.33774296936,0,0,0,0,0,0.158203125,,
59.768405000000016,,,,,0.01171875,-0.060546875,-0.953125,-0.006908206007530897,-0.33697020173624564,0,-0.006103515625,0,178.65190223471998,0,0,0,0,0,0.166015625,,
59.795300000000005,,,,,-0.09375,-0.001953125,-0.947265625,-0.007472585389018965,-0.36187202009046215,0,-0.0078125,0,179.17550101031998,0,0,0,0,0,0.17578125,,
59.818675000000006,,,,,-0.162109375,0.0234375,-1.03515625,-0.007654499074332006,-0.39930001218503375,0,-0.002170138992369175,0,179.80381954103999,0,0,0,0,0,0.185546875,,
59.84050500000001,,,,,-0.0859375,0.02734375,-1.033203125,-0.00783641275964505,-0.4011601221052753,0,-0.0069754463620483875,0,180.32741831663998,0,0,0,0,0,0.197265625,,
59.86602500000001,,,,,-0.078125,-0.009765625,-0.982421875,-0.009647744878493786,-0.4011601221052753,0,-0.0069754463620483875,0,180.641577582,0,0,0,0,0,0.208984375,,
59.89002000000001,,,,,-0.111328125,0.0078125,-0.96484375,-0.009483696818315152,-0.36630187724155766,0,-0.008544921875,0,181.1651763576,0,0,0,0,0,0.216796875,,
59.915380000000006,,,,,-0.048828125,0.017578125,-1.029296875,-0.008808080410704902,-0.33842173259886194,0,-0.009765625,0,181.47933562295998,0,0,0,0,0,0.232421875,,
59.940645,,,,,0.0625,-0.015625,-0.978515625,-0.007637062499636363,-0.34312039176155307,0,-0.00244140625,0,181.79349488832,0,0,0,0,0,0.24609375,,
59.963785,,,,,-0.048828125,0.095703125,-1.0703125,-0.006698274396773283,-0.37846248024614265,0,-0.0032552082557231188,0,182.21237390879998,0,0,0,0,0,0.2578125,,
59.98433,,,,,-0.1484375,0.021484375,-0.93359375,-0.006698274396773283,-0.41380456873073235,0,0.0013950893189758062,0,182.84069243951998,0,0,0,0,0,0.2734375,,
60.006595000000004,,,,,-0.125,-0.181640625,-1.01171875,-0.008567623262849782,-0.42998644982878753,0,-0.004185267724096775,0,183.25957146,0,0,0,0,0,0.28515625,,
60.02834999999999,,,,,-0.140625,0.158203125,-0.951171875,-0.010048878001293775,-0.39199934955009713,0,-0.013427734375,0,183.67845048048,0,0,0,0,0,0.296875,,
60.05066500000001,,,,,-0.109375,0.025390625,-1.0234375,-0.009223977471917267,-0.3064342932189854,0,0,0,184.09732950096,0,0,0,0,0,0.310546875,,
60.07336,,,,,-0.048828125,-0.009765625,-0.908203125,-0.008907877202883451,-0.350152252384894,0,-0.005580357275903225,0,184.30676901119998,0,0,0,0,0,0.322265625,,
60.09662000000001,,,,,-0.125,-0.0703125,-1.0390625,-0.006541241389687281,-0.4032567777957209,0,0.009765625,0,184.62092827656,0,0,0,0,0,0.337890625,,
60.11986,,,,,-0.125,0.046875,-0.89453125,-0.0068194830665804975,-0.4472220348122975,0,-0.003662109375,0,185.3539665624,0,0,0,0,0,0.3515625,,
60.142325000000014,,,,,-0.037109375,-0.08984375,-1.01953125,-0.010241616442805622,-0.3979667542075195,0,-0.008544921875,0,185.87756533799998,0,0,0,0,0,0.373046875,,
60.16537000000001,,,,,-0.21875,0.21484375,-0.947265625,-0.010945631990785546,-0.3487114736027416,0,0,0,186.29644435848,0,0,0,0,0,0.380859375,,
60.191,,,,,0.048828125,-0.01171875,-1.0625,-0.007460707257090963,-0.3355724312759486,0,-0.012555803172290325,0,186.9247628892,0,0,0,0,0,0.400390625,,
60.21809,,,,,0.01171875,0,-0.970703125,-0.005830814786759574,-0.4368785334060987,0,-0.009765625,0,187.23892215456,0,0,0,0,0,0.408203125,,
60.241095000000016,,,,,-0.1484375,0.134765625,-0.990234375,-0.009370974371509506,-0.4252447823442412,0,-0.0010850694961845875,0,187.65780117504,0,0,0,0,0,0.427734375,,
60.265679999999996,,,,,-0.162109375,0.0546875,-0.931640625,-0.011782123977138808,-0.3668609854256765,0,-0.009765625,0,188.18139995063999,0,0,0,0,0,0.439453125,,
60.29086,,,,,-0.037109375,-0.03125,-1.0859375,-0.008751442414527374,-0.3500984919825748,0,-0.009765625,0,188.80971848136,0,0,0,0,0,0.462890625,,
60.31669500000001,,,,,0.0625,-0.0390625,-0.958984375,-0.006083446298989272,-0.4440609231559332,0,-0.006103515625,0,189.22859750184,0,0,0,0,0,0.46875,,
60.341465000000014,,,,,-0.287109375,0.05078125,-0.984375,-0.008392661432627306,-0.46544681119847925,0,-0.00542534701526165,0,189.64747652231998,0,0,0,0,0,0.4921875,,
60.366009999999996,,,,,-0.2109375,0.064453125,-0.96875,-0.010776425260650374,-0.3608505724463989,0,-0.0048828125,0,189.96163578768,0,0,0,0,0,0.50390625,,
60.39518000000001,,,,,0.0625,-0.08203125,-1.02734375,-0.008610635313242219,-0.36589329818393235,0,-0.01220703125,0,190.38051480816,0,0,0,0,0,0.529296875,,
60.417905,,,,,-0.20703125,0.0625,-0.994140625,-0.006498428785880931,-0.45570193187210395,0,-0.00390625,0,190.90411358376,0,0,0,0,0,0.533203125,,
60.44164,,,,,0.03125,0.03515625,-0.951171875,-0.010820348102916119,-0.38216119592569814,0,-0.008544921875,0,191.53243211448,0,0,0,0,0,0.552734375,,
60.469660000000005,,,,,-0.0859375,-0.03515625,-1.03125,-0.012400971740979228,-0.4350076714053933,0,-0.0027901786379516125,0,192.05603089008,0,0,0,0,0,0.55859375,,
60.49257000000001,,,,,-0.103515625,0.0546875,-0.908203125,-0.006403155465781763,-0.4665685219928677,0,0.0009765625,0,192.57962966568,0,0,0,0,0,0.564453125,,
60.516,,,,,-0.015625,-0.056640625,-1.029296875,-0.007755000832855889,-0.3612483994235604,0,-0.009765625,0,192.99850868616,0,0,0,0,0,0.578125,,
60.54041,,,,,-0.1875,-0.017578125,-0.986328125,-0.012377534285097434,-0.3785592489703171,0,-0.003662109375,0,193.41738770664,0,0,0,0,0,0.57421875,,
60.565845,,,,,0.13671875,0.04296875,-1.041015625,-0.008580071520585245,-0.4488025906404796,0,0.006103515625,0,193.94098648224,0,0,0,0,0,0.58203125,,
60.59078,,,,,-0.1484375,0.0546875,-0.94140625,-0.00783087543632188,-0.43343786765767506,0,-0.01220703125,0,194.77874452319998,0,0,0,0,0,0.58984375,,
60.61721000000001,,,,,-0.1484375,0.037109375,-1.01953125,-0.011872876199559849,-0.39585934643660997,0,-0.0065104165114462376,0,195.3023432988,0,0,0,0,0,0.58203125,,
60.64013500000001,,,,,0.0859375,-0.04296875,-0.966796875,-0.008126480145729165,-0.47260769678738607,0,0.002170138992369175,0,195.72122231928,0,0,0,0,0,0.58984375,,
60.66692,,,,,-0.1484375,0.087890625,-0.9609375,-0.009559529463004169,-0.4528561249753413,0,0.0013950893189758062,0,196.14010133975998,0,0,0,0,0,0.59375,,
60.690500000000014,,,,,-0.099609375,0.03515625,-1.01171875,-0.012065256729715815,-0.4214923062623665,0,-0.00434027798473835,0,196.45426060512,0,0,0,0,0,0.5859375,,
60.716755000000006,,,,,0.048828125,-0.04296875,-1.0234375,-0.007521458046885607,-0.48044596344551377,0,-0.0048828125,0,197.18729889096,0,0,0,0,0,0.5859375,,
60.74029000000001,,,,,-0.1875,0.08984375,-0.966796875,-0.010130929774321552,-0.4227180434352425,0,0.00542534701526165,0,197.71089766656,0,0,0,0,0,0.58984375,,
60.76794,,,,,-0.07421875,-0.087890625,-0.96484375,-0.011870008014551516,-0.4779514807779066,0,0.005580357275903225,0,198.33921619728,0,0,0,0,0,0.5859375,,
60.795235,,,,,-0.01171875,0.060546875,-1.021484375,-0.006782698555996114,-0.49241302900175,0,-0.0068359375,0,198.75809521776,0,0,0,0,0,0.578125,,
60.81747500000001,,,,,-0.072265625,-0.001953125,-1.005859375,-0.011318602742070742,-0.44201077021349355,0,-0.0048828125,0,199.17697423823998,0,0,0,0,0,0.578125,,
60.840830000000004,,,,,-0.13671875,0.080078125,-0.98046875,-0.008270872878635217,-0.48700473252844645,0,-0.0048828125,0,199.70057301384,0,0,0,0,0,0.580078125,,
60.87025500000001,,,,,-0.03125,-0.029296875,-1.00390625,-0.00898287481195064,-0.4344593153017383,0,-0.01708984375,0,200.32889154455998,0,0,0,0,0,0.578125,,
60.893395000000005,,,,,-0.01953125,-0.02734375,-0.9765625,-0.012473783958867658,-0.4981653920498958,0,0,0,200.74777056503999,0,0,0,0,0,0.56640625,,
60.91866499999999,,,,,-0.162109375,-0.044921875,-0.970703125,-0.007800141784763608,-0.5060144107884873,0,-0.010986328125,0,201.27136934063998,0,0,0,0,0,0.55859375,,
60.943104999999996,,,,,-0.078125,0.072265625,-1.013671875,-0.011581805072464929,-0.4469102244788466,0,-0.006103515625,0,201.69024836111998,0,0,0,0,0,0.556640625,,
60.965530000000015,,,,,0.0234375,-0.00390625,-1.025390625,-0.00807779485282625,-0.5080142977547586,0,-0.0086805559694767,0,202.21384713671998,0,0,0,0,0,0.556640625,,
60.990705,,,,,-0.13671875,0.08984375,-1,-0.011519195760327169,-0.4377279477627409,0,0.005580357275903225,0,203.15632493279998,0,0,0,0,0,0.5546875,,
61.01569500000001,,,,,-0.0234375,-0.025390625,-0.9375,-0.01690777361330501,-0.5380448584902192,0,-0.003662109375,0,204.62240150448,0,0,0,0,0,0.546875,,
61.045210000000004,,,,,-0.111328125,-0.0390625,-0.9296875,-0.012634885705771488,-0.5159493331370609,0,-0.0086805559694767,0,206.50735709664,0,0,0,0,0,0.537109375,,
61.06983,,,,,-0.103515625,0.025390625,-0.9921875,-0.014435443476832158,-0.5339805720748938,0,-0.011935763992369175,0,208.60175219904,0,0,0,0,0,0.525390625,,
61.09175,,,,,-0.048828125,0.01953125,-0.99609375,-0.009446164934678848,-0.4635759491977739,0,-0.0048828125,0,209.9631090156,0,0,0,0,0,0.515625,,
61.116545000000016,,,,,-0.078125,0.017578125,-0.994140625,-0.014720319406758078,-0.4874778240688547,0,-0.00732421875,0,211.32446583216,0,0,0,0,0,0.509765625,,
61.147195,,,,,-0.0859375,0.087890625,-1.001953125,-0.010638863886026294,-0.48858528835662857,0,-0.010986328125,0,212.26694362824,0,0,0,0,0,0.505859375,,
61.16883500000001,,,,,-0.09375,-0.005859375,-1.041015625,-0.016220152498091684,-0.6143631256224423,0,-0.001953125,0,213.52358068968,0,0,0,0,0,0.505859375,,
61.19136999999999,,,,,-0.07421875,-0.0625,-1,-0.010153154089585541,-0.5600328630387393,0,-0.009765625,0,214.88493750624,0,0,0,0,0,0.505859375,,
61.22133,,,,,-0.171875,-0.005859375,-0.951171875,-0.012830206542079383,-0.5992457004903057,0,0.0048828125,0,215.72269554719998,0,0,0,0,0,0.50390625,,
61.241949999999996,,,,,-0.11328125,-0.08203125,-1.03515625,-0.009122449930253022,-0.4956816614627524,0,-0.0086805559694767,0,216.66517334327997,0,0,0,0,0,0.505859375,,
61.26699000000001,,,,,0.03125,0.130859375,-1.109375,-0.009846881962062782,-0.6318782646980117,0,-0.008544921875,0,217.39821162912,0,0,0,0,0,0.509765625,,
61.291225000000004,,,,,-0.13671875,-0.083984375,-1.013671875,-0.011675987489317021,-0.4953160907269825,0,-0.00244140625,0,218.3406894252,0,0,0,0,0,0.51171875,,
61.317845,,,,,-0.25,-0.013671875,-0.966796875,-0.010262092914267367,-0.5793758557931589,0,-0.006103515625,0,219.38788697639998,0,0,0,0,0,0.513671875,,
61.340495,,,,,-0.0859375,-0.169921875,-0.87109375,-0.015939737174759078,-0.693950025215668,0,-0.010986328125,0,220.33036477247998,0,0,0,0,0,0.5234375,,
61.366045000000014,,,,,0.224609375,-0.083984375,-0.849609375,-0.010276057560343643,-0.5474314247351376,0,-0.006103515625,0,220.9586833032,0,0,0,0,0,0.53125,,
61.39379000000001,,,,,-0.048828125,0.248046875,-1.125,-0.01307709236947762,-0.6861655189598592,0,-0.009765625,0,221.69172158904,0,0,0,0,0,0.552734375,,
61.41815000000001,,,,,-0.5234375,0.017578125,-1.21875,-0.012560024020991642,-0.5713332996062185,0,0.0029296875,0,222.32004011976,0,0,0,0,0,0.578125,,
61.44296000000001,,,,,-0.32421875,-0.123046875,-1.2734375,-0.009031727238745743,-0.5030575886609359,0,-0.009765625,0,222.94835865047997,0,0,0,0,0,0.59375,,
61.46735500000001,,,,,-0.08203125,0.048828125,-0.9609375,-0.014089981819173368,-0.6104816245750018,0,-0.00244140625,0,223.68139693632,0,0,0,0,0,0.609375,,
61.492495,,,,,-0.3125,-0.171875,-1.109375,-0.01235738649352936,-0.5176374097698812,0,-0.003662109375,0,224.30971546703998,0,0,0,0,0,0.62109375,,
61.517125,,,,,-0.26171875,0.04296875,-0.8984375,-0.012400377020217731,-0.6344910202507209,0,0.008544921875,0,224.93803399776,0,0,0,0,0,0.63671875,,
61.541395,,,,,0.13671875,0.28125,-1.1015625,-0.015424408266092338,-0.6962509704349263,0,-0.006103515625,0,225.46163277335998,0,0,0,0,0,0.654296875,,
61.56832000000001,,,,,0.037109375,0.0546875,-0.98046875,-0.010942058048380703,-0.5437112048946545,0,-0.003662109375,0,225.88051179384,0,0,0,0,0,0.66796875,,
61.591005,,,,,0.01953125,0.125,-0.884765625,-0.01331128832540896,-0.7085943588073963,0,-0.009765625,0,226.40411056943998,0,0,0,0,0,0.6796875,,
61.616155,,,,,0.4375,-0.15625,-0.904296875,-0.012737784861042654,-0.6641022498480923,0,-0.0048828125,0,227.03242910016,0,0,0,0,0,0.6875,,
61.640705000000004,,,,,0.01171875,0.22265625,-0.703125,-0.010279884227380166,-0.5824294466448848,0,-0.003662109375,0,227.55602787575998,0,0,0,0,0,0.6953125,,
61.666365000000006,,,,,0.19921875,0.08984375,-0.9921875,-0.01036606704622094,-0.5657852260868853,0,0.001220703125,0,228.07962665135997,0,0,0,0,0,0.701171875,,
61.69021000000001,,,,,0.037109375,0.123046875,-1.16015625,-0.01282820553320214,-0.6087397875398625,0,-0.00244140625,0,228.60322542696,0,0,0,0,0,0.705078125,,
61.716544999999996,,,,,-0.0234375,0.009765625,-0.81640625,-0.01181892910371475,-0.5503882468626892,0,-0.001220703125,0,228.91738469231998,0,0,0,0,0,0.712890625,,
61.741235,,,,,-0.048828125,-0.10546875,-1.02734375,-0.01299834282774697,-0.5740858322049575,0,0,0,229.65042297815998,0,0,0,0,0,0.712890625,,
61.76538000000001,,,,,-0.01171875,0.080078125,-1.0546875,-0.012937259800199922,-0.6205348198086773,0,0.001220703125,0,230.27874150888,0,0,0,0,0,0.72265625,,
61.79103,,,,,-0.2109375,0.150390625,-0.84375,-0.015007344869163407,-0.6840366070280222,0,-0.00244140625,0,230.80234028447998,0,0,0,0,0,0.732421875,,
61.815529999999995,,,,,-0.173828125,-0.07421875,-1.22265625,-0.014157923737700914,-0.7044225515874325,0,-0.001220703125,0,231.22121930496,0,0,0,0,0,0.740234375,,
61.84062000000001,,,,,-0.0859375,-0.005859375,-1.0625,-0.013926164721608816,-0.6699836378618041,0,-0.0065104165114462376,0,231.64009832544,0,0,0,0,0,0.744140625,,
61.865575,,,,,0.0234375,0.12890625,-0.80078125,-0.013263647295550237,-0.6960359288256498,0,-0.001220703125,0,231.95425759079998,0,0,0,0,0,0.748046875,,
61.89415000000001,,,,,-0.25,-0.181640625,-0.9140625,-0.0126229811386193,-0.6927888005255749,0,-0.001220703125,0,232.26841685615997,0,0,0,0,0,0.75390625,,
61.917890000000014,,,,,-0.26953125,-0.01953125,-1.138671875,-0.009895324510508327,-0.6785315418305443,0,-0.0010850694961845875,0,232.58257612152,0,0,0,0,0,0.759765625,,
61.94177499999999,,,,,-0.25,-0.056640625,-1.177734375,-0.013122692010665194,-0.6344265077679381,0,0.0010850694961845875,0,233.001455142,0,0,0,0,0,0.765625,,
61.966770000000004,,,,,0.0234375,0.1640625,-0.796875,-0.011683306611128999,-0.6008800167208069,0,-0.00837053544819355,0,233.31561440736,0,0,0,0,0,0.76953125,,
61.99084,,,,,0.0234375,0.0078125,-1.25,-0.011883794210586275,-0.6017616873188406,0,0.0010850694961845875,0,233.62977367271998,0,0,0,0,0,0.7734375,,
62.01569500000001,,,,,0.01171875,0.07421875,-0.994140625,-0.011877557950499521,-0.6038798471702138,0,-0.015345982275903225,0,233.83921318295998,0,0,0,0,0,0.76953125,,
62.04208,,,,,-0.0859375,-0.009765625,-0.83984375,-0.01316018275340157,-0.5869883287615463,0,-0.01220703125,0,234.25809220344,0,0,0,0,0,0.771484375,,
62.070555000000006,,,,,-0.2734375,0.005859375,-1.046875,-0.016977279946291057,-0.6099117643104192,0,-0.0126953125,0,234.88641073416,0,0,0,0,0,0.775390625,,
62.09387000000001,,,,,0.103515625,0.13671875,-1.0390625,-0.012617570901910413,-0.6298461214903489,0,-0.00542534701526165,0,235.51472926487997,0,0,0,0,0,0.78515625,,
62.11788000000001,,,,,0.048828125,0.16015625,-0.783203125,-0.012946013196370492,-0.6555005854770332,0,-0.009765625,0,235.93360828535998,0,0,0,0,0,0.7890625,,
62.141315000000006,,,,,-0.09375,0.033203125,-0.953125,-0.013727329434046667,-0.6781014586119912,0,-0.0065104165114462376,0,236.35248730584,0,0,0,0,0,0.791015625,,
62.16626000000001,,,,,0.07421875,0.080078125,-0.9921875,-0.013598563227212918,-0.6957563747335904,0,-0.0013950893189758062,0,236.77136632632,0,0,0,0,0,0.794921875,,
62.19076000000001,,,,,-0.224609375,0.04296875,-1.041015625,-0.009095699218890028,-0.7026807145522931,0,0.003662109375,0,237.08552559167998,0,0,0,0,0,0.798828125,,
62.21577500000001,,,,,-0.173828125,0.0234375,-1.0546875,-0.016333133897606586,-0.7122500661650966,0,-0.00732421875,0,237.7138441224,0,0,0,0,0,0.802734375,,
62.246420000000015,,,,,-0.19921875,0.109375,-1.03125,-0.01386696348690966,-0.6838538216601372,0,0.001220703125,0,238.23744289799998,0,0,0,0,0,0.810546875,,
62.276330000000016,,,,,-0.009765625,0.09765625,-1.046875,-0.00999337886086584,-0.7184862728341145,0,-0.00887784082442522,0,238.65632191848,0,0,0,0,0,0.810546875,,
62.29869500000001,,,,,0,0.07421875,-0.970703125,-0.013469984355397742,-0.5833863818061652,0,-0.001953125,0,239.17992069407998,0,0,0,0,0,0.8125,,
62.321395,,,,,-0.361328125,-0.16015625,-1.001953125,-0.014595505549895988,-1.0877879805250792,0,-0.0069754463620483875,0,239.59879971456,0,0,0,0,0,0.814453125,,
62.34396500000001,,,,,-0.046875,-0.12109375,-0.974609375,-0.0147026235625428,-0.6971971535157427,0,-0.003662109375,0,240.12239849015998,0,0,0,0,0,0.8125,,
62.371575,,,,,-0.099609375,0.015625,-0.984375,-0.013777193382602028,-0.6879073559949989,0,-0.004185267724096775,0,240.75071702088,0,0,0,0,0,0.810546875,,
62.39386999999999,,,,,-0.07421875,-0.16015625,-0.955078125,-0.014647330975356898,-0.6604250383294645,0,0,0,241.27431579647998,0,0,0,0,0,0.80859375,,
62.419779999999996,,,,,-0.111328125,-0.015625,-1.123046875,-0.014428996305531927,-0.666639740837555,0,0.0016276041278615594,0,241.79791457207997,0,0,0,0,0,0.80859375,,
62.442625,,,,,-0.099609375,-0.083984375,-1.0546875,-0.013992688845594774,-0.6705750022873144,0,-0.013020833022892475,0,242.11207383744,0,0,0,0,0,0.806640625,,
62.465835000000006,,,,,-0.03125,0.28515625,-0.810546875,-0.01387844487360651,-0.6708975647012292,0,-0.01220703125,0,242.42623310279998,0,0,0,0,0,0.80859375,,
62.495740000000005,,,,,-0.099609375,-0.091796875,-1.193359375,-0.010870856923505295,-0.6768542172781876,0,-0.013950892724096775,0,242.84511212328,0,0,0,0,0,0.806640625,,
62.517604999999996,,,,,-0.041015625,0.048828125,-0.935546875,-0.015564956718299638,-0.6867676354658335,0,-0.0048828125,0,243.36871089887998,0,0,0,0,0,0.794921875,,
62.54744500000001,,,,,0,0.236328125,-1.13671875,-0.006528917378143363,-0.7252493314458598,0,0,0,243.9970294296,0,0,0,0,0,0.79296875,,
62.568535000000004,,,,,-0.197265625,-0.060546875,-0.80078125,-0.01635398743086556,-0.686552593856557,0,-0.00390625,0,244.41590845008,0,0,0,0,0,0.798828125,,
62.598639999999996,,,,,-0.07421875,0.048828125,-1.02734375,-0.014033397038031838,-0.6878858518340712,0,-0.0069754463620483875,0,244.73006771544,0,0,0,0,0,0.796875,,
62.622845,,,,,0.15625,-0.23046875,-0.89453125,-0.014068181655819858,-0.6962939787567817,0,-0.0107421875,0,245.14894673592,0,0,0,0,0,0.79296875,,
62.64474500000001,,,,,-0.0625,0.26171875,-0.884765625,-0.014847693224395029,-0.6966810536534792,0,-0.01708984375,0,245.77726526663997,0,0,0,0,0,0.787109375,,
62.66543000000001,,,,,0.01171875,0.169921875,-1.015625,-0.014741094362167742,-0.710013633428621,0,-0.0027901786379516125,0,246.40558379735998,0,0,0,0,0,0.783203125,,
62.691930000000006,,,,,-0.09375,-0.04296875,-1.025390625,-0.014055293420783316,-0.7102716833597529,0,-0.01116071455180645,0,246.82446281784,0,0,0,0,0,0.77734375,,
62.718645,,,,,-0.1875,-0.013671875,-1.048828125,-0.015032449399387094,-0.7158412610400137,0,0,0,247.34806159343998,0,0,0,0,0,0.771484375,,
62.740565000000004,,,,,0.05078125,0.013671875,-0.90625,-0.014346069076537684,-0.7196044892023521,0,-0.006103515625,0,247.87166036903997,0,0,0,0,0,0.759765625,,
62.767630000000004,,,,,-0.125,0.00390625,-0.984375,-0.015267268085920181,-0.729754453160202,0,-0.005580357275903225,0,248.1858196344,0,0,0,0,0,0.75390625,,
62.791965,,,,,-0.048828125,0.03125,-1.001953125,-0.014471101310611058,-0.7251740668826129,0,-0.0029296875,0,248.70941840999998,0,0,0,0,0,0.7421875,,
62.81774500000001,,,,,-0.099609375,0.03125,-1.005859375,-0.01465538583028947,-0.7391302673246566,0,-0.018310546875,0,249.23301718559998,0,0,0,0,0,0.732421875,,
62.84029000000001,,,,,-0.125,0.056640625,-1.044921875,-0.014368963380334306,-0.7399259212789796,0,-0.006103515625,0,249.65189620607998,0,0,0,0,0,0.7265625,,
62.87211,,,,,-0.1484375,-0.025390625,-1.021484375,-0.014858842358366897,-1.1323661061280936,0,-0.0027901786379516125,0,249.86133571631999,0,0,0,0,0,0.720703125,,
62.893995,,,,,-0.103515625,-0.056640625,-1.0390625,-0.014475486321206257,-0.6101878239763279,0,-0.0056966147385537624,0,250.17549498167998,0,0,0,0,0,0.712890625,,
62.922500000000014,,,,,-0.162109375,0.0234375,-1.01171875,-0.014628995629272277,-0.7414097083829874,0,0.0032552082557231188,0,250.48965424704,0,0,0,0,0,0.708984375,,
62.94404000000001,,,,,-0.125,0.0078125,-0.9921875,-0.015062914387895723,-0.7474523776036563,0,-0.005859375,0,251.01325302264,0,0,0,0,0,0.703125,,
62.96764999999999,,,,,-0.111328125,-0.046875,-0.96484375,-0.015469250726565851,-0.7517747139501136,0,0.0013950893189758062,0,251.53685179823998,0,0,0,0,0,0.69921875,,
62.99038,,,,,-0.111328125,0.044921875,-1,-0.016453044794192292,-1.128108282264419,0,-0.004185267724096775,0,251.95573081871999,0,0,0,0,0,0.69140625,,
63.015665000000006,,,,,-0.103515625,-0.126953125,-0.88671875,-0.014865336081282264,-0.7510865808004289,0,-0.013427734375,0,252.3746098392,0,0,0,0,0,0.685546875,,
63.044475000000006,,,,,-0.07421875,0.08203125,-0.990234375,-0.01477907110666083,-0.7511941016050672,0,0.00244140625,0,252.68876910455998,0,0,0,0,0,0.67578125,,
63.06911,,,,,-0.08203125,0.03125,-1.056640625,-0.015048245942898464,-0.6569808781548901,0,-0.001953125,0,253.10764812504,0,0,0,0,0,0.66796875,,
63.09767,,,,,-0.125,-0.01953125,-0.966796875,-0.015877812851181214,-0.7740100163493018,0,-0.00732421875,0,253.73596665576,0,0,0,0,0,0.658203125,,
63.119565,,,,,-0.03125,-0.091796875,-0.9765625,-0.015824822986530224,-0.7750207119129012,0,0.00390625,0,254.4690049416,0,0,0,0,0,0.6484375,,
63.14218500000001,,,,,-0.09375,0.16796875,-0.94140625,-0.015363614412045411,-0.7865684463310483,0,0.0027901786379516125,0,254.99260371719998,0,0,0,0,0,0.640625,,
63.167670000000015,,,,,-0.03125,0.056640625,-1.07421875,-0.014105605448051919,-1.032242732848964,0,-0.009765625,0,255.30676298255997,0,0,0,0,0,0.6328125,,
63.19026000000001,,,,,-0.07421875,-0.001953125,-0.984375,-0.015880986832884702,-0.7077019361288989,0,-0.002170138992369175,0,255.51620249279998,0,0,0,0,0,0.626953125,,
63.21954000000001,,,,,-0.046875,0.037109375,-0.92578125,-0.016794681132970397,-0.9365922250427852,0,-0.0027901786379516125,0,255.83036175816,0,0,0,0,0,0.62109375,,
63.24232000000001,,,,,-0.150390625,0.00390625,-0.8984375,-0.01569985741774916,-0.7437141480283963,0,0.0048828125,0,256.35396053375996,0,0,0,0,0,0.615234375,,
63.26684000000001,,,,,0.015625,0.0390625,-0.994140625,-0.016077940635269832,-0.8608545702556086,0,0.0027901786379516125,0,256.87755930936,0,0,0,0,0,0.609375,,
63.290425000000006,,,,,-0.037109375,0.02734375,-0.962890625,-0.016013382979672457,-0.7742035537976506,0,-0.0048828125,0,257.29643832984,0,0,0,0,0,0.6015625,,
63.31602,,,,,-0.048828125,-0.01171875,-0.9609375,-0.015886962727443547,-0.7942131755408272,0,-0.003662109375,0,257.6105975952,0,0,0,0,0,0.591796875,,
63.34202499999999,,,,,-0.125,0.0859375,-0.978515625,-0.015579335017686583,-0.7713865087161287,0,0,0,257.92475686055997,0,0,0,0,0,0.583984375,,
63.365625,,,,,-0.125,0.0078125,-0.982421875,-0.015582641160569597,-0.772891799981064,0,-0.00434027798473835,0,258.23891612591996,0,0,0,0,0,0.580078125,,
63.39115000000001,,,,,-0.048828125,-0.00390625,-0.974609375,-0.01725919025808051,-0.7852136841926065,0,-0.01116071455180645,0,258.65779514639996,0,0,0,0,0,0.572265625,,
63.41700499999999,,,,,-0.111328125,0.00390625,-1.015625,-0.01663696795662289,-0.7934712819888232,0,0,0,259.181393922,0,0,0,0,0,0.56640625,,
63.440675000000006,,,,,-0.0234375,-0.02734375,-1,-0.016071520818977936,-0.8777998490665954,0,0.002170138992369175,0,259.80971245271996,0,0,0,0,0,0.560546875,,
63.465595,,,,,-0.0625,-0.025390625,-0.99609375,-0.016271440946407943,-0.5542912520710573,0,-0.004185267724096775,0,260.22859147319997,0,0,0,0,0,0.552734375,,
63.490585,,,,,-0.0625,0.00390625,-1,-0.017605682242433092,-0.8127605143409237,0,-0.00244140625,0,260.64747049368,0,0,0,0,0,0.54296875,,
63.517835000000005,,,,,-0.048828125,0.037109375,-0.90234375,-0.01629936012084123,-0.8191902584582905,0,-0.0010850694961845875,0,261.06634951416,0,0,0,0,0,0.537109375,,
63.54205499999999,,,,,-0.099609375,-0.00390625,-1.00390625,-0.016278776262824927,-0.8305014471062334,0,-0.01519097201526165,0,261.69466804487996,0,0,0,0,0,0.533203125,,
63.56569499999999,,,,,-0.0859375,0.04296875,-0.9921875,-0.01698793904993147,-0.8415545858230444,0,-0.010986328125,0,262.21826682048,0,0,0,0,0,0.52734375,,
63.594735000000014,,,,,-0.0625,0.0234375,-1.00390625,-0.017270491100446556,-0.8503497876424525,0,0.005580357275903225,0,262.95130510632,0,0,0,0,0,0.517578125,,
63.617065000000004,,,,,-0.03125,0.033203125,-1.0078125,-0.016172156281153163,-0.8476725196069603,0,-0.005859375,0,263.3701841268,0,0,0,0,0,0.509765625,,
63.64327,,,,,-0.109375,-0.076171875,-0.986328125,-0.01625204087101336,-0.8163947175376962,0,-0.006103515625,0,263.8937829024,0,0,0,0,0,0.501953125,,
63.67194500000001,,,,,-0.041015625,0.03125,-0.982421875,-0.017770045224578212,-0.8176204547105722,0,-0.0048828125,0,264.41738167799997,0,0,0,0,0,0.494140625,,
63.694635,,,,,-0.07421875,0.015625,-0.99609375,-0.01833269147906004,-0.8258995566677166,0,-0.0078125,0,265.77873849456,0,0,0,0,0,0.486328125,,
63.718990000000005,,,,,-0.07421875,0.119140625,-0.970703125,-0.01830446213146278,-0.8487584797338066,0,0,0,266.82593604576,0,0,0,0,0,0.482421875,,
63.74060500000001,,,,,-0.07421875,0.015625,-0.966796875,-0.017615557842024086,-0.867983199603124,0,-0.008544921875,0,267.5589743316,0,0,0,0,0,0.4765625,,
63.76663500000001,,,,,-0.03125,-0.080078125,-1.001953125,-0.016765636532893233,-0.976202889471513,0,-0.0027901786379516125,0,268.18729286231996,0,0,0,0,0,0.47265625,,
63.790490000000005,,,,,-0.048828125,0.08984375,-0.990234375,-0.01722116500992249,-0.8406514110640833,0,-0.009765625,0,268.71089163792,0,0,0,0,0,0.46875,,
63.817494999999994,,,,,-0.125,-0.01171875,-0.9765625,-0.018138271086811972,-0.8887024586569129,0,-0.00837053544819355,0,269.33921016863997,0,0,0,0,0,0.466796875,,
63.84017999999999,,,,,-0.125,-0.05078125,-1.009765625,-0.018051642055839298,-0.8917487918543258,0,-0.009765625,0,270.1769682096,0,0,0,0,0,0.46484375,,
63.86549000000001,,,,,-0.07421875,-0.0390625,-1.048828125,-0.019120363059346834,-0.7514413994557351,0,-0.0027901786379516125,0,271.22416576079996,0,0,0,0,0,0.46484375,,
63.891059999999996,,,,,-0.01171875,-0.005859375,-0.990234375,-0.018315215786010152,-0.8920033473593069,0,-0.0048828125,0,272.06192380176,0,0,0,0,0,0.462890625,,
63.91577500000001,,,,,-0.048828125,0.033203125,-1.009765625,-0.017441696274781215,-0.9130774250684021,0,-0.0032552082557231188,0,272.58552257736,0,0,0,0,0,0.4609375,,
63.94495,,,,,-0.0859375,0.05859375,-1.001953125,-0.01703246180969083,-0.909905561331574,0,-0.001220703125,0,273.10912135295996,0,0,0,0,0,0.4609375,,
63.96786499999999,,,,,-0.072265625,0.033203125,-1.01953125,-0.018384540413339256,-0.8899281958297889,0,0.0009765625,0,273.73743988368,0,0,0,0,0,0.462890625,,
63.99090500000001,,,,,-0.09375,0.060546875,-0.947265625,-0.01774540912465296,-1.0436829464624728,0,-0.012555803172290325,0,274.57519792464,0,0,0,0,0,0.466796875,,
64.01988500000002,,,,,0.01171875,-0.048828125,-0.904296875,-0.018173653490372886,-0.9027984361449862,0,0,0,275.30823621048,0,0,0,0,0,0.4765625,,
64.04315500000001,,,,,-0.134765625,0.1875,-0.982421875,-0.018048061856144756,-0.8775095428940721,0,-0.0078125,0,275.9365547412,0,0,0,0,0,0.484375,,
64.066465,,,,,0.40625,0.046875,-1.041015625,-0.01768602858897079,-0.8918850744742048,0,-0.008544921875,0,276.35543376168,0,0,0,0,0,0.5,,
64.09357500000002,,,,,-0.349609375,0,-0.95703125,-0.018007018092685213,-0.8759612433072813,0,0.009765625,0,276.56487327191996,0,0,0,0,0,0.521484375,,
64.12075000000002,,,,,-0.287109375,0,-0.80859375,-0.018482067526837658,-0.8851220158624595,0,-0.005859375,0,277.08847204752,0,0,0,0,0,0.54296875,,
64.14189999999999,,,,,0.0625,-0.087890625,-1.0546875,-0.019362041620168847,-0.9735506200230992,0,-0.010986328125,0,277.92623008848,0,0,0,0,0,0.57421875,,
64.165565,,,,,-0.03125,-0.041015625,-0.978515625,-0.01901340911558082,-0.8628329530609523,0,-0.00837053544819355,0,278.65926837432,0,0,0,0,0,0.591796875,,
64.198435,,,,,-0.361328125,0.05859375,-1.1171875,-0.017862429908375846,-0.8901647415999929,0,0.0048828125,0,279.28758690504,0,0,0,0,0,0.611328125,,
64.21933,,,,,-0.125,-0.068359375,-0.931640625,-0.01809641054667974,-0.891189683670207,0,0,0,279.91590543576,0,0,0,0,0,0.626953125,,
64.24280499999999,,,,,-0.01953125,0.0625,-0.9765625,-0.01832610174636279,-1.1925347484036528,0,-0.0013950893189758062,0,280.23006470112,0,0,0,0,0,0.638671875,,
64.26592,,,,,-0.173828125,-0.1328125,-1.060546875,-0.017875378761764118,-0.9010565991098468,0,-0.008544921875,0,280.6489437216,0,0,0,0,0,0.65234375,,
64.293225,,,,,-0.3125,-0.140625,-1.09375,-0.018886916698023608,-0.8990782163045031,0,-0.01116071455180645,0,281.38198200744,0,0,0,0,0,0.662109375,,
64.316825,,,,,-0.2109375,0.080078125,-0.888671875,-0.01943326900257826,-0.9016264593744294,0,-0.0078125,0,282.21974004839996,0,0,0,0,0,0.6796875,,
64.34130499999999,,,,,-0.486328125,-0.2890625,-0.97265625,-0.020287300160095452,-0.9125398210452108,0,-0.0069754463620483875,0,282.84805857912,0,0,0,0,0,0.693359375,,
64.36609999999999,,,,,0.1484375,0.24609375,-1.11328125,-0.018957038175177927,-1.005308771287085,0,-0.00244140625,0,283.2669375996,0,0,0,0,0,0.70703125,,
64.39097,,,,,-0.3125,-0.138671875,-1.09375,-0.018957042118689715,-1.020146642327162,0,0.00244140625,0,283.58109686496,0,0,0,0,0,0.71875,,
64.417145,,,,,-0.26171875,0.076171875,-1.126953125,-0.018756085724086602,-1.0036852071370472,0,-0.008544921875,0,283.99997588544,0,0,0,0,0,0.734375,,
64.44357000000001,,,,,-0.25,0.125,-0.94921875,-0.01905283628797209,-1.0147921062561776,0,-0.002170138992369175,0,284.73301417128,0,0,0,0,0,0.7421875,,
64.46689,,,,,0.111328125,-0.046875,-1.07421875,-0.018987662542001935,-0.9357213065252156,0,-0.013020833022892475,0,285.46605245712,0,0,0,0,0,0.7578125,,
64.49284999999999,,,,,-0.111328125,0.05078125,-1.08203125,-0.018272544052323415,-0.9480539428172217,0,0.005580357275903225,0,285.8849314776,0,0,0,0,0,0.763671875,,
64.51576000000001,,,,,-0.2109375,0.15625,-0.779296875,-0.01932731327494193,-0.9234639347964562,0,-0.0032552082557231188,0,286.30381049808,0,0,0,0,0,0.771484375,,
64.54172,,,,,0.3359375,0.005859375,-0.9296875,-0.020395024235231245,-0.9627090284894139,0,-0.001220703125,0,286.72268951856,0,0,0,0,0,0.779296875,,
64.56703,,,,,-0.298828125,-0.009765625,-1.078125,-0.01968382483144796,-1.0492632762231975,0,-0.00732421875,0,287.24628829415997,0,0,0,0,0,0.783203125,,
64.59247500000001,,,,,-0.412109375,0.072265625,-1.25390625,-0.020432308217901263,-0.9372373498706147,0,-0.0032552082557231188,0,287.87460682488,0,0,0,0,0,0.798828125,,
64.617045,,,,,0.30078125,0.234375,-0.869140625,-0.01938614313232329,-1.056811236708802,0,0,0,288.60764511072,0,0,0,0,0,0.8046875,,
64.643175,,,,,-0.203125,-0.166015625,-0.8203125,-0.0194424991830125,-0.9671388856405094,0,-0.00732421875,0,289.0265241312,0,0,0,0,0,0.82421875,,
64.67321500000001,,,,,-0.134765625,0.03515625,-0.84375,-0.018875406498582034,-0.9846110163942235,0,-0.007595486007630825,0,289.44540315167995,0,0,0,0,0,0.82421875,,
64.69547999999999,,,,,0.13671875,-0.025390625,-0.994140625,-0.019660795021753955,-1.0398121974954961,0,0.0048828125,0,289.86428217215996,0,0,0,0,0,0.828125,,
64.71701000000002,,,,,-0.15625,0.060546875,-1.03125,-0.020437634910122925,-0.8749182915022905,0,-0.013950892724096775,0,290.38788094776,0,0,0,0,0,0.841796875,,
64.741375,,,,,-0.0234375,0.150390625,-1.033203125,-0.021480730949821763,-1.0800034742692706,0,-0.005580357275903225,0,291.22563898872,0,0,0,0,0,0.841796875,,
64.76572499999999,,,,,-0.3125,0.0859375,-1.005859375,-0.020234268459567387,-1.0865514912717391,0,-0.003662109375,0,291.74923776431996,0,0,0,0,0,0.845703125,,
64.792955,,,,,0.0859375,0.1796875,-1.095703125,-0.0198954116768726,-1.0462526936933267,0,0,0,292.37755629504,0,0,0,0,0,0.857421875,,
64.81816500000001,,,,,-0.197265625,0.0078125,-1.046875,-0.019886418283385113,-0.9873205406711071,0,0.0010850694961845875,0,292.90115507063996,0,0,0,0,0,0.85546875,,
64.848695,,,,,0.140625,0.166015625,-0.828125,-0.019891304825388024,-0.9814391526573953,0,0.006103515625,0,293.42475384624,0,0,0,0,0,0.8671875,,
64.86997500000001,,,,,0.087890625,0.123046875,-0.955078125,-0.021355255661255106,-1.0597108040078838,0,-0.0009765625,0,293.94835262184,0,0,0,0,0,0.869140625,,
64.898865,,,,,-0.09375,-0.025390625,-0.85546875,-0.0217322961013544,-1.0736382426346867,0,-0.00837053544819355,0,294.99555017304,0,0,0,0,0,0.859375,,
64.92064,,,,,-0.01953125,-0.150390625,-0.8046875,-0.021025216028589897,-1.0384216846895118,0,-0.0126953125,0,295.93802796911996,0,0,0,0,0,0.857421875,,
64.94199499999999,,,,,0.228515625,0.01171875,-1.01953125,-0.020448559626368656,-1.1431181865919176,0,-0.005580357275903225,0,296.56634649984,0,0,0,0,0,0.861328125,,
64.96890499999999,,,,,-0.125,0.001953125,-0.943359375,-0.02021124212259119,-1.0877449722032237,0,-0.00837053544819355,0,296.98522552032,0,0,0,0,0,0.85546875,,
64.991225,,,,,-0.25,-0.033203125,-1.109375,-0.02096145634399866,-1.0210713212470506,0,-0.002170138992369175,0,297.61354405104,0,0,0,0,0,0.849609375,,
65.01645500000001,,,,,0.1484375,0.275390625,-0.90234375,-0.022513697399491276,-1.1294092840005419,0,-0.015345982275903225,0,298.451302092,0,0,0,0,0,0.8515625,,
65.04219,,,,,-0.25,-0.15234375,-1.12109375,-0.022976787381903972,-1.077702529050012,0,0.002170138992369175,0,299.4984996432,0,0,0,0,0,0.853515625,,
65.06660000000001,,,,,0.0625,0.021484375,-0.859375,-0.021545552596182387,-1.0907017943307753,0,-0.013427734375,0,300.54569719439996,0,0,0,0,0,0.84765625,,
65.09787000000001,,,,,-0.298828125,0.052734375,-1.134765625,-0.022147952369831667,-1.0994862440697195,0,-0.010986328125,0,301.48817499048,0,0,0,0,0,0.84375,,
65.12071499999999,,,,,-0.05078125,-0.12109375,-0.904296875,-0.021460389581245524,-1.105371126509582,0,-0.007990056648850441,0,302.11649352119997,0,0,0,0,0,0.841796875,,
65.14191000000001,,,,,0,0.11328125,-0.751953125,-0.021606083180021364,-1.1297425984949205,0,-0.0065104165114462376,0,302.74481205192,0,0,0,0,0,0.845703125,,
65.165485,,,,,0.203125,-0.037109375,-0.81640625,-0.021790320797149258,-1.1297425984949205,0,-0.01220703125,0,303.26841082752,0,0,0,0,0,0.859375,,
65.19090000000001,,,,,0.224609375,0.322265625,-0.978515625,-0.02153747677226414,-1.096400396976602,0,-0.0146484375,0,304.00144911335997,0,0,0,0,0,0.86328125,,
65.21562000000002,,,,,0.1484375,0.1640625,-0.609375,-0.022337076892156648,-1.1612031859320697,0,0.01220703125,0,304.62976764408,0,0,0,0,0,0.859375,,
65.24327500000001,,,,,0.111328125,-0.306640625,-0.8359375,-0.021506776082211465,-1.090852323457269,0,0.003662109375,0,305.2580861748,0,0,0,0,0,0.853515625,,
65.265845,,,,,-0.1875,-0.0625,-0.736328125,-0.02136999235020022,-1.1589237448737388,0,-0.00434027798473835,0,305.67696519528,0,0,0,0,0,0.84765625,,
65.29224,,,,,-0.1875,0.08203125,-1.173828125,-0.021822384222585065,-1.199383823659109,0,-0.003662109375,0,305.99112446064,0,0,0,0,0,0.845703125,,
65.31605,,,,,0.361328125,0.287109375,-0.978515625,-0.0219810041212749,-1.1021850162661393,0,-0.006103515625,0,306.72416274648,0,0,0,0,0,0.841796875,,
65.34659500000001,,,,,-0.4609375,-0.162109375,-1.0703125,-0.022312668817101,-1.115291802351541,0,0,0,307.35248127719996,0,0,0,0,0,0.84765625,,
65.36789,,,,,-0.103515625,0.0859375,-1.08984375,-0.022174246259229168,-1.2120497744454937,0,-0.0048828125,0,307.98079980792,0,0,0,0,0,0.8515625,,
65.39200500000001,,,,,0.0625,0.03125,-1.125,-0.02158388213838144,-1.1481071519271318,0,-0.0013950893189758062,0,308.3996788284,0,0,0,0,0,0.85546875,,
65.415955,,,,,0.2109375,0.287109375,-0.888671875,-0.0218324107052069,-1.1461610253631798,0,-0.003662109375,0,308.81855784888,0,0,0,0,0,0.853515625,,
65.44077,,,,,-0.361328125,-0.14453125,-0.8203125,-0.02197686543019868,-1.2143399675842879,0,-0.001220703125,0,309.23743686935995,0,0,0,0,0,0.84765625,,
65.46629500000002,,,,,0.19921875,0.109375,-0.99609375,-0.021805394725935394,-1.1771485212599206,0,-0.00732421875,0,309.65631588983996,0,0,0,0,0,0.84765625,,
65.49233,,,,,-0.2734375,-0.123046875,-1.16015625,-0.0225903579266532,-1.1434837573276875,0,-0.00434027798473835,0,310.38935417567996,0,0,0,0,0,0.84765625,,
65.51597500000001,,,,,0.0625,0.13671875,-0.615234375,-0.022836462639048323,-1.2057060469718373,0,-0.0048828125,0,311.0176727064,0,0,0,0,0,0.84765625,,
65.54226000000001,,,,,-0.25,0.2421875,-1.123046875,-0.021527983238539748,-1.2212858115639182,0,-0.006103515625,0,311.54127148199996,0,0,0,0,0,0.849609375,,
65.56793499999999,,,,,-0.3125,-0.013671875,-1.380859375,-0.02150762274715903,-1.164482570473536,0,-0.00244140625,0,311.85543074736,0,0,0,0,0,0.85546875,,
65.59063,,,,,-0.4375,-0.083984375,-1.09375,-0.022641610045881635,-1.1885134703101827,0,-0.01627604104578495,0,312.27430976784,0,0,0,0,0,0.859375,,
65.61640000000001,,,,,0.07421875,0.0546875,-0.78515625,-0.02258076013949527,-1.2407363251229762,0,0.001220703125,0,312.79790854344,0,0,0,0,0,0.86328125,,
65.64074500000001,,,,,0.4609375,0.15625,-0.9140625,-0.02251786826924123,-1.2189203538618771,0,0.00244140625,0,313.42622707415995,0,0,0,0,0,0.875,,
65.66596000000001,,,,,-0.099609375,-0.380859375,-0.73828125,-0.023162150492052336,-1.1819654533077137,0,-0.001220703125,0,314.05454560488,0,0,0,0,0,0.88671875,,
65.69096499999999,,,,,0.361328125,0.2421875,-1.087890625,-0.023175184801426905,-1.1926852775301464,0,-0.0146484375,0,314.57814438047996,0,0,0,0,0,0.892578125,,
65.71542,,,,,-0.13671875,-0.109375,-0.912109375,-0.022406313408986234,-1.2279413493710254,0,-0.010986328125,0,314.89230364584,0,0,0,0,0,0.892578125,,
65.74864,,,,,-0.423828125,-0.353515625,-1.189453125,-0.021894932829530228,-1.2562515772322742,0,0.0010850694961845875,0,315.2064629112,0,0,0,0,0,0.8984375,,
65.77418,,,,,-0.08203125,-0.35546875,-0.904296875,-0.023220842444211957,-1.213232503296514,0,-0.00532670458778739,0,315.62534193168,0,0,0,0,0,0.9140625,,
65.79532499999999,,,,,0,0.009765625,-0.87890625,-0.022677141368570308,-1.1816321388133353,0,0.00244140625,0,316.2536604624,0,0,0,0,0,0.91796875,,
65.81716499999999,,,,,-0.515625,-0.013671875,-1.328125,-0.022197085618547916,-1.25235932410437,0,0,0,316.67253948288,0,0,0,0,0,0.921875,,
65.8408,,,,,0.03125,0.353515625,-0.966796875,-0.023355288150518346,-1.25235932410437,0,-0.0027901786379516125,0,316.98669874824,0,0,0,0,0,0.9296875,,
65.86541500000001,,,,,0.25,-0.328125,-0.83984375,-0.02324382922954935,-1.267874576213668,0,-0.00244140625,0,317.30085801359996,0,0,0,0,0,0.931640625,,
65.89121,,,,,0,0.0625,-0.9765625,-0.023288392141394665,-1.237263403133161,0,-0.009765625,0,317.61501727895995,0,0,0,0,0,0.92578125,,
65.91574500000002,,,,,0.125,0.041015625,-0.9140625,-0.022831831318245222,-1.1924379796794784,0,-0.00542534701526165,0,318.03389629943996,0,0,0,0,0,0.919921875,,
65.94263000000001,,,,,-0.236328125,0.251953125,-0.939453125,-0.023480779354311077,-1.2212212990811355,0,-0.00244140625,0,318.55749507504,0,0,0,0,0,0.919921875,,
65.96727,,,,,0.2109375,-0.34765625,-0.705078125,-0.024057727630523953,-1.3039155499284063,0,-0.0065104165114462376,0,319.18581360575996,0,0,0,0,0,0.919921875,,
65.99060500000002,,,,,-0.2109375,0.23828125,-0.94140625,-0.02435305936382788,-1.3032811771810406,0,0,0,319.70941238136,0,0,0,0,0,0.923828125,,
66.01576000000001,,,,,0.111328125,0.099609375,-0.869140625,-0.024097813051886515,-1.2664875578338348,0,-0.004185267724096775,0,320.12829140184,0,0,0,0,0,0.927734375,,
66.04082500000001,,,,,-0.111328125,-0.08203125,-0.87890625,-0.022775323723860187,-1.2347796725460174,0,-0.0048828125,0,320.54717042232,0,0,0,0,0,0.9375,,
66.066465,,,,,-0.474609375,0.1171875,-1.044921875,-0.023310113736771408,-1.23096268398136,0,-0.0032552082557231188,0,321.07076919791996,0,0,0,0,0,0.947265625,,
66.090895,,,,,0.048828125,0.2890625,-1.083984375,-0.024201429757845262,-1.2694873882832418,0,-0.010986328125,0,321.80380748375995,0,0,0,0,0,0.947265625,,
66.116635,,,,,0.125,0.349609375,-0.939453125,-0.024563693599594018,-1.308012092585123,0,-0.00732421875,0,322.43212601448,0,0,0,0,0,0.939453125,,
66.14137000000001,,,,,-0.0234375,-0.134765625,-1.189453125,-0.02493929979216059,-1.3378706200331625,0,-0.01519097201526165,0,322.95572479007996,0,0,0,0,0,0.927734375,,
66.16597999999999,,,,,-0.486328125,-0.146484375,-1.19140625,-0.024314502652800746,-1.3227209386596344,0,-0.01220703125,0,323.37460381055996,0,0,0,0,0,0.923828125,,
66.19225000000002,,,,,-0.537109375,-0.12890625,-1,-0.023887562405446743,-1.285239186162744,0,-0.0048828125,0,323.68876307592,0,0,0,0,0,0.931640625,,
66.21745500000002,,,,,-0.099609375,-0.681640625,-0.55078125,-0.02394076316633863,-1.2665198140752263,0,-0.01627604104578495,0,324.21236185152,0,0,0,0,0,0.943359375,,
66.24099500000001,,,,,-0.798828125,-0.37890625,-0.9921875,-0.02461699625449076,-1.2679498407769147,0,-0.003662109375,0,324.84068038223995,0,0,0,0,0,0.95703125,,
66.26706500000002,,,,,-0.349609375,0.107421875,-1.1796875,-0.024709189037257533,-1.2920452530963447,0,-0.008544921875,0,325.36427915784,0,0,0,0,0,0.96484375,,
66.2935,,,,,-0.474609375,0.271484375,-1.333984375,-0.024780623642963007,-1.3161406654157741,0,0.0032552082557231188,0,325.78315817832,0,0,0,0,0,0.96875,,
66.319085,,,,,0.509765625,0.619140625,-1.048828125,-0.024587652217102404,-1.3387415385507324,0,-0.0032552082557231188,0,326.09731744367997,0,0,0,0,0,0.974609375,,
66.34249000000001,,,,,-0.38671875,-0.61328125,-1.03515625,-0.024080022974635223,-1.3578049772130922,0,-0.0048828125,0,326.30675695392,0,0,0,0,0,0.98828125,,
66.36624,,,,,0.078125,-0.03515625,-0.99609375,-0.02472074450078175,-1.3733632376442457,0,0.0013950893189758062,0,326.7256359744,0,0,0,0,0,1.00390625,,
66.39847999999999,,,,,-0.361328125,0.07421875,-0.7734375,-0.025197531415217352,-1.3733632376442457,0,-0.001220703125,0,327.35395450512,0,0,0,0,0,1.0078125,,
66.42038500000001,,,,,0.4375,0.052734375,-1.0625,-0.024391659094189565,-1.3486119484165229,0,-0.0035511364694684744,0,328.19171254608,0,0,0,0,0,1.0078125,,
66.44246500000001,,,,,-0.6875,-0.38671875,-1.0703125,-0.023838842437301964,-1.3293657243862778,0,-0.01813616044819355,0,328.61059156656,0,0,0,0,0,1.017578125,,
66.466025,,,,,0.140625,0.20703125,-0.818359375,-0.024314597893990316,-1.3183233377499304,0,-0.00837053544819355,0,328.8200310768,0,0,0,0,0,1.017578125,,
66.494685,,,,,0.15625,-0.462890625,-0.609375,-0.024305459647053728,-1.307280951113583,0,-0.00732421875,0,329.13419034215997,0,0,0,0,0,1.017578125,,
66.51836000000002,,,,,-0.427734375,0.025390625,-1.28515625,-0.02589831969324812,-1.2947942912689328,0,-0.0068359375,0,330.07666813824,0,0,0,0,0,1.01953125,,
66.54300500000001,,,,,0.28125,0.087890625,-1.021484375,-0.027039342609383926,-1.2973782850064013,0,-0.00732421875,0,331.22858544456,0,0,0,0,0,1.021484375,,
66.56783000000001,,,,,0.3984375,0.3984375,-0.6875,-0.02682050703384902,-1.316033144611136,0,-0.00244140625,0,331.9616237304,0,0,0,0,0,1.025390625,,
66.59214000000001,,,,,-0.0625,0.8828125,-1.22265625,-0.026543220934303956,-1.3181298003015818,0,-0.008544921875,0,332.79938177136,0,0,0,0,0,1.033203125,,
66.61612000000001,,,,,-0.8359375,0.146484375,-1.48046875,-0.026376416468766168,-1.3202264559920274,0,-0.006103515625,0,333.32298054695997,0,0,0,0,0,1.04296875,,
66.64098500000001,,,,,-0.3984375,-0.244140625,-1.248046875,-0.026250318739582272,-1.3243767590510633,0,-0.0013950893189758062,0,333.74185956744,0,0,0,0,0,1.04296875,,
66.66619,,,,,-0.8125,-0.044921875,-1.56640625,-0.027373874664121993,-1.3243767590510633,0,0,0,334.47489785327997,0,0,0,0,0,1.056640625,,
66.69086000000001,,,,,-0.8125,0.287109375,-1.72265625,-0.027136033758991887,-1.3351933519976704,0,-0.003662109375,0,335.41737564936,0,0,0,0,0,1.07421875,,
66.71601000000001,,,,,-0.224609375,0.517578125,-1.38671875,-0.026607169682622618,-1.3380103970791923,0,-0.00244140625,0,336.04569418008,0,0,0,0,0,1.080078125,,
66.74371000000001,,,,,0.6484375,0.876953125,-1.20703125,-0.026212793949204574,-1.3380103970791923,0,-0.0032552082557231188,0,336.46457320056,0,0,0,0,0,1.087890625,,
66.76798,,,,,0.134765625,-0.083984375,-0.947265625,-0.0263852201079161,-1.3359244934692103,0,-0.002170138992369175,0,336.88345222104,0,0,0,0,0,1.1015625,,
66.79423500000001,,,,,-0.974609375,-0.427734375,-1.02734375,-0.026649351244065943,-1.3435799747594532,0,-0.00732421875,0,337.30233124152,0,0,0,0,0,1.119140625,,
66.81886000000002,,,,,-0.7109375,-0.458984375,-1.57421875,-0.027761101301713966,-1.3575361752014967,0,-0.0086805559694767,0,337.93064977224,0,0,0,0,0,1.13671875,,
66.84818000000001,,,,,-0.01171875,-0.189453125,-0.94140625,-0.027424903559687352,-1.384470136763376,0,0.0048828125,0,338.55896830295995,0,0,0,0,0,1.140625,,
66.870765,,,,,-0.14453125,0.326171875,-0.8359375,-0.02737333105662092,-1.4114040983252552,0,-0.0009765625,0,339.2920065888,0,0,0,0,0,1.158203125,,
66.89421,,,,,0.03125,-0.3359375,-0.716796875,-0.027269615831725835,-1.4271236399633658,0,-0.0146484375,0,339.81560536439997,0,0,0,0,0,1.16796875,,
66.92333500000001,,,,,-0.25,-0.369140625,-1.25,-0.02715954006000172,-1.4369832977486927,0,-0.01953125,0,340.23448438488,0,0,0,0,0,1.171875,,
66.94619999999999,,,,,0.125,0.408203125,-0.77734375,-0.02717449356247515,-1.4468429555340192,0,-0.001953125,0,340.54864365023997,0,0,0,0,0,1.166015625,,
66.96874000000001,,,,,-0.125,-0.318359375,-1.443359375,-0.02719401762204118,-1.4976142794841965,0,-0.004185267724096775,0,341.07224242584,0,0,0,0,0,1.1796875,,
66.99751499999999,,,,,-0.1875,0.09765625,-1.326171875,-0.02780592673909985,-1.4875503321700572,0,-0.009765625,0,341.70056095655997,0,0,0,0,0,1.177734375,,
67.0265,,,,,-0.1875,-0.37109375,-0.802734375,-0.027593724356040072,-1.4752284479585147,0,-0.0029296875,0,342.43359924239996,0,0,0,0,0,1.189453125,,
67.04943500000002,,,,,0.08203125,0.248046875,-1.142578125,-0.027044151279447766,-1.4505846795354302,0,-0.01410590298473835,0,342.85247826287997,0,0,0,0,0,1.193359375,,
67.07816500000001,,,,,-0.26171875,-0.013671875,-1.05078125,-0.026537917765873182,-1.4041141877707826,0,-0.00732421875,0,343.27135728336,0,0,0,0,0,1.205078125,,
67.101055,,,,,0.3125,-0.31640625,-0.673828125,-0.026691203311778017,-1.3906740871910024,0,-0.005859375,0,343.69023630384,0,0,0,0,0,1.20703125,,
67.12199000000001,,,,,0.32421875,0.75390625,-1.201171875,-0.02766412744378046,-1.4055657186333987,0,-0.009765625,0,344.31855483455996,0,0,0,0,0,1.224609375,,
67.14766499999999,,,,,-0.25,0.189453125,-1.494140625,-0.027656512237999975,-1.433897450655575,0,0.005580357275903225,0,344.94687336528,0,0,0,0,0,1.234375,,
67.17202999999999,,,,,-0.8125,-0.375,-0.955078125,-0.027996652437600668,-1.4889696067912819,0,-0.0108506940305233,0,345.36575238576,0,0,0,0,0,1.2578125,,
67.20418000000001,,,,,-0.599609375,0.318359375,-1.12890625,-0.02767984823283394,-1.4995066456458295,0,-0.0027901786379516125,0,345.67991165112,0,0,0,0,0,1.27734375,,
67.22698000000001,,,,,-0.822265625,-0.435546875,-0.9140625,-0.027680554522973477,-1.4940553408506707,0,-0.002663352293893695,0,346.0987906716,0,0,0,0,0,1.296875,,
67.25016500000001,,,,,-0.32421875,0.447265625,-0.837890625,-0.027740965345453755,-1.4780669972009643,0,0,0,346.41294993696,0,0,0,0,0,1.318359375,,
67.27203999999999,,,,,-0.599609375,-0.1640625,-1.044921875,-0.02843048069635076,-1.4131029270385393,0,0.0048828125,0,347.04126846767997,0,0,0,0,0,1.337890625,,
67.294005,,,,,-0.671875,0.392578125,-1.205078125,-0.028007807493226948,-1.4159844846028442,0,-0.005580357275903225,0,347.56486724328,0,0,0,0,0,1.359375,,
67.317695,,,,,-0.1484375,-0.201171875,-0.97265625,-0.027565537337167226,-1.4159844846028442,0,0,0,347.98374626376,0,0,0,0,0,1.38671875,,
67.34063499999999,,,,,0.048828125,0.470703125,-1.076171875,-0.02735720512583958,-1.4860235367441943,0,-0.010986328125,0,348.29790552912,0,0,0,0,0,1.3984375,,
67.36911500000001,,,,,0.140625,-0.349609375,-1.056640625,-0.02762325016103442,-1.5014850284511732,0,-0.009765625,0,348.61206479448,0,0,0,0,0,1.3984375,,
67.39209000000001,,,,,0.099609375,-0.40625,-0.544921875,-0.027718165547318832,-1.4976644110593589,0,-0.0009765625,0,348.82150430471995,0,0,0,0,0,1.3984375,,
67.417565,,,,,0.07421875,0.68359375,-1.130859375,-0.029039815415950528,-1.4880234237104653,0,-0.0027901786379516125,0,349.24038332519996,0,0,0,0,0,1.421875,,
67.44079,,,,,-0.486328125,-0.865234375,-1.115234375,-0.02934886450056668,-1.4348006254145365,0,-0.0010850694961845875,0,349.65926234567996,0,0,0,0,0,1.43359375,,
67.468065,,,,,0.32421875,0.00390625,-1.11328125,-0.0276765948645436,-1.4835290540765869,0,-0.0069754463620483875,0,350.18286112128,0,0,0,0,0,1.439453125,,
67.49083999999999,,,,,-0.125,0.439453125,-0.73046875,-0.02744610062585527,-1.5200431193317334,0,-0.0086805559694767,0,350.49702038664,0,0,0,0,0,1.458984375,,
67.51602,,,,,-0.349609375,-0.642578125,-1.265625,-0.027679544734944113,-1.5349024945327383,0,-0.005580357275903225,0,350.81117965199996,0,0,0,0,0,1.4765625,,
67.54202500000001,,,,,0.787109375,0.884765625,-0.916015625,-0.027799498047703448,-1.5349024945327383,0,-0.011935763992369175,0,351.12533891735995,0,0,0,0,0,1.490234375,,
67.56694499999999,,,,,-0.787109375,0.0859375,-1.37890625,-0.028454286707219487,-1.436348925001327,0,-0.0048828125,0,351.54421793783996,0,0,0,0,0,1.501953125,,
67.59254500000002,,,,,0.474609375,-0.63671875,-0.28125,-0.028764254711946977,-1.4444344895101229,0,-0.007595486007630825,0,352.06781671344,0,0,0,0,0,1.51953125,,
67.61847999999999,,,,,-0.173828125,0.2578125,-1.0390625,-0.027681918484267574,-1.497435122943468,0,-0.003662109375,0,352.69613524415996,0,0,0,0,0,1.529296875,,
67.64056,,,,,-0.048828125,0.40234375,-0.9453125,-0.027156161031235117,-1.5125811754898395,0,0,0,353.11501426463997,0,0,0,0,0,1.55078125,,
67.667655,,,,,0.1484375,0.529296875,-0.625,-0.027689063438819068,-1.5125811754898395,0,-0.0013950893189758062,0,353.32445377488,0,0,0,0,0,1.578125,,
67.690725,,,,,-0.125,-1.28125,-1.02734375,-0.028507178258183222,-1.4357038001734976,0,-0.0086805559694767,0,353.74333279536,0,0,0,0,0,1.60546875,,
67.71736,,,,,0.7734375,0.791015625,-1.1953125,-0.02912308014992519,-1.47307803186575,0,0.00244140625,0,354.4763710812,0,0,0,0,0,1.630859375,,
67.74087500000002,,,,,-0.8359375,0.72265625,-1.125,-0.028210027338803824,-1.515118666479302,0,-0.00244140625,0,355.10468961192,0,0,0,0,0,1.642578125,,
67.76686500000001,,,,,-0.57421875,-0.703125,-1.052734375,-0.028029078978610764,-1.5033881466932701,0,-0.003662109375,0,355.41884887727997,0,0,0,0,0,1.646484375,,
67.791795,,,,,0.548828125,-0.07421875,-0.4609375,-0.028329895378367075,-1.449616992293686,0,-0.006103515625,0,355.73300814263996,0,0,0,0,0,1.658203125,,
67.81630500000001,,,,,-0.125,-0.509765625,-1.818359375,-0.028205153974431536,-1.4481117010287505,0,-0.002170138992369175,0,355.94244765288,0,0,0,0,0,1.677734375,,
67.841175,,,,,-0.298828125,0.404296875,-1.455078125,-0.026910363882408476,-1.5297630000710303,0,-0.006103515625,0,356.25660691824,0,0,0,0,0,1.666015625,,
67.86603,,,,,-0.298828125,0.1484375,-0.400390625,-0.02821764985806458,-1.500560349531284,0,0.00244140625,0,356.67548593872,0,0,0,0,0,1.671875,,
67.89188500000002,,,,,0.875,0.078125,-0.32421875,-0.02953963792228683,-1.4761746310393313,0,-0.003662109375,0,357.19908471431995,0,0,0,0,0,1.677734375,,
67.91664999999999,,,,,-0.0234375,0.79296875,-0.888671875,-0.029137551514190764,-1.4974745024381668,0,-0.013020833022892475,0,357.72268348992,0,0,0,0,0,1.677734375,,
67.94544,,,,,0.0625,0.46875,-0.73046875,-0.02829490249639251,-1.517742174112475,0,-0.001220703125,0,358.24628226552,0,0,0,0,0,1.67578125,,
67.96852,,,,,0.041015625,0.806640625,-1.4921875,-0.0276403045170184,-1.477558020592008,0,-0.0086805559694767,0,358.56044153088,0,0,0,0,0,1.689453125,,
67.99274500000001,,,,,0.53125,0.24609375,-0.697265625,-0.0287310009191838,-1.44802568438504,0,-0.010986328125,0,358.97932055136,0,0,0,0,0,1.701171875,,
68.02167000000001,,,,,0.32421875,0.162109375,-1.029296875,-0.028902379066715892,-1.5368163648552988,0,0,0,359.60763908207997,0,0,0,0,0,1.701171875,,
68.04386,,,,,-0.041015625,-0.091796875,-0.390625,-0.02830403748092142,-1.4913135603323955,0,-0.011935763992369175,0,360.23595761279995,0,0,0,0,0,1.705078125,,
68.06806000000002,,,,,0.015625,0.060546875,-1.021484375,-0.029015659072345587,-1.4818517295242306,0,-0.015869140625,0,360.7595563884,0,0,0,0,0,1.716796875,,
68.09474499999999,,,,,-0.5859375,0.068359375,-0.390625,-0.029184244015042216,-1.5167529827098032,0,-0.0013950893189758062,0,361.17843540888,0,0,0,0,0,1.732421875,,
68.12254000000001,,,,,-0.03125,-0.083984375,-1.630859375,-0.02817698686160053,-1.5208280212055927,0,-0.00542534701526165,0,361.59731442936,0,0,0,0,0,1.748046875,,
68.14519,,,,,0.1484375,0.078125,-0.703125,-0.028922583993639846,-1.5196201593664875,0,-0.0009765625,0,362.01619344984,0,0,0,0,0,1.767578125,,
68.16768499999999,,,,,-0.203125,0.04296875,-0.83203125,-0.030191555286865415,-1.5344294029923298,0,0,0,362.53979222543995,0,0,0,0,0,1.76953125,,
68.19179500000001,,,,,0.173828125,0.33984375,-1.2734375,-0.029383883280733384,-1.5576969051160452,0,-0.005580357275903225,0,363.27283051128,0,0,0,0,0,1.76171875,,
68.21697999999999,,,,,0.3125,-0.380859375,-0.498046875,-0.0294275838475993,-1.4676804874729104,0,-0.006103515625,0,363.79642928687997,0,0,0,0,0,1.76953125,,
68.24244000000002,,,,,0.3984375,0.263671875,-1.427734375,-0.030277374754937657,-1.5786204536986468,0,-0.0065104165114462376,0,364.42474781759995,0,0,0,0,0,1.78515625,,
68.26742999999999,,,,,0.111328125,0.0390625,-0.671875,-0.02954267122961376,-1.5038289819922865,0,-0.00732421875,0,365.05306634832,0,0,0,0,0,1.796875,,
68.29257500000001,,,,,0.19921875,-0.34375,-0.76953125,-0.030166933500724292,-1.5505360195271383,0,-0.00732421875,0,365.78610463416,0,0,0,0,0,1.796875,,
68.31665000000001,,,,,0.048828125,0.404296875,-1.23828125,-0.031466192278293954,-1.5667501568665851,0,-0.007595486007630825,0,366.83330218535997,0,0,0,0,0,1.80859375,,
68.341085,,,,,0.125,-0.501953125,-0.87890625,-0.03108735996690432,-1.5431170840070998,0,-0.009765625,0,367.67106022632,0,0,0,0,0,1.80859375,,
68.365485,,,,,-0.1484375,0.27734375,-1.4375,-0.03003966376870323,-1.5477619827674718,0,-0.0048828125,0,368.40409851216,0,0,0,0,0,1.818359375,,
68.392505,,,,,0.287109375,-0.18359375,-0.865234375,-0.031081433312271305,-1.5411279491212926,0,-0.00244140625,0,368.82297753264,0,0,0,0,0,1.8203125,,
68.41653,,,,,-0.849609375,-0.296875,-0.48046875,-0.02954973042524159,-1.5365798190850948,0,0.002170138992369175,0,369.45129606335996,0,0,0,0,0,1.8359375,,
68.441175,,,,,0.3984375,-0.0703125,-0.982421875,-0.030813779212223842,-1.5584710549094407,0,-0.001220703125,0,369.97489483896,0,0,0,0,0,1.853515625,,
68.46601500000001,,,,,0.1875,0.56640625,-1.48828125,-0.030450077602515065,-1.5560195805636885,0,-0.00244140625,0,370.7079331248,0,0,0,0,0,1.85546875,,
68.49235,,,,,-0.82421875,-0.71484375,-1.515625,-0.03200761593160992,-1.5581699966564535,0,-0.001220703125,0,371.54569116576,0,0,0,0,0,1.875,,
68.517875,,,,,-0.162109375,-0.10546875,-1.58203125,-0.03233073101105584,-1.5431385881680273,0,-0.00434027798473835,0,372.48816896183996,0,0,0,0,0,1.896484375,,
68.542705,,,,,-0.3984375,0.41015625,-1.341796875,-0.0314066214879406,-1.5431385881680273,0,-0.00732421875,0,373.01176773744,0,0,0,0,0,1.91015625,,
68.567495,,,,,0.3125,0.51171875,-1.63671875,-0.0316724576057702,-1.548858694974782,0,-0.007595486007630825,0,373.53536651304,0,0,0,0,0,1.927734375,,
68.59245000000001,,,,,-0.26171875,-0.439453125,-0.48828125,-0.03139404693152274,-1.5596322795995334,0,-0.006103515625,0,374.26840479888,0,0,0,0,0,1.947265625,,
68.61674000000001,,,,,-0.0859375,0.658203125,-0.80859375,-0.03431524811568983,-1.572857338570037,0,-0.006103515625,0,375.62976161544,0,0,0,0,0,1.966796875,,
68.64135,,,,,0.5,-0.48828125,-0.90234375,-0.033658361630243196,-1.581179448849037,0,-0.003662109375,0,376.88639867688,0,0,0,0,0,1.990234375,,
68.66662000000001,,,,,-0.13671875,1.033203125,-0.7890625,-0.033546365777047275,-1.5862114225061066,0,-0.015869140625,0,377.93359622808,0,0,0,0,0,2.015625,,
68.69189999999999,,,,,0.099609375,-0.33984375,-0.884765625,-0.03220784039051241,-1.5667286527056574,0,-0.0048828125,0,378.56191475879996,0,0,0,0,0,2.0390625,,
68.718365,,,,,-0.625,0.640625,-1.02734375,-0.03265365422690234,-1.560406429392929,0,0,0,378.98079377927996,0,0,0,0,0,2.041015625,,
68.7416,,,,,-0.3984375,-0.9140625,-0.15625,-0.03242805312277538,-1.556062588885544,0,-0.011935763992369175,0,379.50439255488,0,0,0,0,0,2.0703125,,
68.76686,,,,,0.037109375,0.203125,-0.96484375,-0.03290106110873287,-1.5771796749164946,0,-0.010986328125,0,380.13271108559996,0,0,0,0,0,2.09375,,
68.79141500000001,,,,,-0.1875,0.2109375,-1.46484375,-0.0328218926523746,-1.5643416908426886,0,-0.00732421875,0,380.55159010607997,0,0,0,0,0,2.091796875,,
68.81619500000001,,,,,-0.0234375,-0.05078125,-0.904296875,-0.03329363286366006,-1.5717821305236546,0,-0.0048828125,0,380.97046912656,0,0,0,0,0,2.10546875,,
68.84147000000002,,,,,-0.111328125,-0.580078125,-0.5390625,-0.033091542426694695,-1.5646427490956756,0,-0.00732421875,0,381.28462839191997,0,0,0,0,0,2.123046875,,
68.86604500000001,,,,,0.173828125,0.615234375,-1.416015625,-0.03308698185256818,-1.5625891017270852,0,-0.0108506940305233,0,381.80822716752,0,0,0,0,0,2.123046875,,
68.89199500000001,,,,,-0.6484375,-0.337890625,-1.03125,-0.033271471921702066,-1.5569765157249689,0,0.00244140625,0,382.227106188,0,0,0,0,0,2.1484375,,
68.91771500000002,,,,,-0.32421875,0.26953125,-1.13671875,-0.034419705516904715,-1.5640728888310929,0,-0.00244140625,0,383.06486422896,0,0,0,0,0,2.1796875,,
68.94148500000001,,,,,0.07421875,-0.537109375,-0.666015625,-0.03464317739723947,-1.596382890624884,0,-0.009765625,0,383.58846300455997,0,0,0,0,0,2.185546875,,
68.966285,,,,,-0.19921875,-0.06640625,-1.248046875,-0.03441760416306054,-1.5976301319586876,0,-0.012555803172290325,0,384.00734202504,0,0,0,0,0,2.1640625,,
68.99228,,,,,-0.349609375,0.130859375,-0.810546875,-0.034299425873074815,-1.6221018670943512,0,-0.0086805559694767,0,384.32150129039997,0,0,0,0,0,2.166015625,,
69.016375,,,,,0.5859375,1.392578125,-1.255859375,-0.03399525631279889,-1.6015008809256643,0,-0.001220703125,0,384.53094080064,0,0,0,0,0,2.2109375,,
69.04233,,,,,-0.599609375,-0.45703125,-1.01953125,-0.03417446239150226,-1.6716904621935076,0,-0.010986328125,0,384.74038031087997,0,0,0,0,0,2.220703125,,
69.06801000000002,,,,,-1.0625,-1.05859375,-0.435546875,-0.03435006882737144,-1.540730122144131,0,-0.007595486007630825,0,385.15925933136,0,0,0,0,0,2.255859375,,
69.09129000000001,,,,,0.611328125,0.84765625,-1.044921875,-0.03575258897919431,-1.6629597728568828,0,-0.010986328125,0,385.68285810696,0,0,0,0,0,2.259765625,,
69.11737,,,,,-0.099609375,0.451171875,-0.34375,-0.034859621419184646,-1.5646642532566033,0,-0.0048828125,0,386.20645688255996,0,0,0,0,0,2.271484375,,
69.14332499999999,,,,,0.1484375,0.640625,-0.703125,-0.03516020603096354,-1.6302949524077852,0,0,0,386.62533590303997,0,0,0,0,0,2.28125,,
69.166315,,,,,0.07421875,-0.724609375,-0.6484375,-0.034343886435499384,-1.6354559510304207,0,-0.0065104165114462376,0,386.93949516839996,0,0,0,0,0,2.267578125,,
69.19102500000001,,,,,0.2734375,0.59765625,-1.068359375,-0.03591230215314622,-1.682732848829855,0,-0.00837053544819355,0,387.77725320935997,0,0,0,0,0,2.26171875,,
69.220485,,,,,0.736328125,-0.39453125,-1.453125,-0.03633077011384906,-1.6763461130343436,0,-0.0048828125,0,388.71973100544,0,0,0,0,0,2.271484375,,
69.24179000000001,,,,,0.03125,-0.173828125,-0.654296875,-0.03732727764099059,-1.6856359105550875,0,0.0009765625,0,389.66220880151997,0,0,0,0,0,2.255859375,,
69.26621500000002,,,,,-0.359375,0.388671875,-1.005859375,-0.0355756421557617,-1.7180964414753723,0,-0.015345982275903225,0,390.18580757712,0,0,0,0,0,2.263671875,,
69.29432500000001,,,,,0.111328125,-0.078125,-1.451171875,-0.035813336080744024,-1.7056670364591917,0,0.0048828125,0,390.70940635271995,0,0,0,0,0,2.259765625,,
69.31858,,,,,0.291015625,0.576171875,-0.64453125,-0.03519681105531045,-1.7705665941388338,0,-0.00542534701526165,0,391.23300512832,0,0,0,0,0,2.255859375,,
69.343005,,,,,-0.015625,-0.90625,-0.078125,-0.03533113671552963,-1.7075594026208247,0,-0.00542534701526165,0,391.54716439367996,0,0,0,0,0,2.29296875,,
69.36914000000002,,,,,0.1484375,0.2734375,-1.408203125,-0.03524457249148725,-1.7779855296588725,0,-0.001220703125,0,392.07076316928,0,0,0,0,0,2.318359375,,
69.39158,,,,,-0.009765625,-0.0625,-1.0625,-0.035579449402117436,-1.748481820866139,0,-0.010986328125,0,392.59436194487995,0,0,0,0,0,2.306640625,,
69.41605500000001,,,,,-0.03125,1.361328125,-0.39453125,-0.0358578697717327,-1.794629750216872,0,-0.00837053544819355,0,393.01324096535996,0,0,0,0,0,2.330078125,,
69.44174000000001,,,,,0.7109375,-0.775390625,-0.58984375,-0.03485764976155024,-1.781307922522194,0,-0.0048828125,0,393.32740023072,0,0,0,0,0,2.341796875,,
69.467625,,,,,-0.19921875,0.3671875,-1.39453125,-0.03586993274137812,-1.7913826219167972,0,-0.0032552082557231188,0,393.74627925119995,0,0,0,0,0,2.33984375,,
69.49275000000002,,,,,-0.111328125,0.1328125,-0.505859375,-0.03553373702553115,-1.826348387585153,0,-0.009765625,0,394.2698780268,0,0,0,0,0,2.3515625,,
69.518565,,,,,0.037109375,-0.05859375,-0.744140625,-0.03673546609497951,-1.7862216232941615,0,0.0010850694961845875,0,394.89819655751995,0,0,0,0,0,2.37109375,,
69.54266500000001,,,,,0.4609375,-0.447265625,-1.15625,-0.03616382796088595,-1.845465586649832,0,-0.0032552082557231188,0,395.52651508824,0,0,0,0,0,2.365234375,,
69.56679500000001,,,,,0.486328125,0.056640625,-0.173828125,-0.03632308984348516,-1.790845017893606,0,-0.0027901786379516125,0,396.05011386383995,0,0,0,0,0,2.36328125,,
69.591485,,,,,-0.5859375,1.025390625,-0.611328125,-0.036253027811097634,-1.8587444060226548,0,-0.00732421875,0,396.46899288431996,0,0,0,0,0,2.38671875,,
69.617255,,,,,0.662109375,-0.21875,-1.0859375,-0.03592435611803396,-1.8381219156930402,0,-0.00244140625,0,396.88787190479997,0,0,0,0,0,2.38671875,,
69.64108499999999,,,,,-0.125,0.365234375,-1.3515625,-0.03635350126708297,-1.8392401320612781,0,-0.0032552082557231188,0,397.20203117015996,0,0,0,0,0,2.380859375,,
69.66667,,,,,0.125,-0.03125,-0.337890625,-0.036375089350738105,-1.871378100567648,0,0.00244140625,0,397.62091019063996,0,0,0,0,0,2.392578125,,
69.69097500000001,,,,,-0.537109375,0.0390625,-0.7421875,-0.03685221848901147,-1.8426055332464548,0,-0.0048828125,0,398.24922872136,0,0,0,0,0,2.416015625,,
69.716865,,,,,-0.0625,-0.31640625,-1.083984375,-0.03639779817861119,-1.8790550860188184,0,0,0,398.66810774184,0,0,0,0,0,2.419921875,,
69.741075,,,,,-0.82421875,-0.021484375,-0.73828125,-0.03635764337139219,-1.8748187663160716,0,-0.0173611119389534,0,399.08698676231995,0,0,0,0,0,2.41015625,,
69.76627,,,,,-0.5625,0.56640625,-0.673828125,-0.036280555354682706,-1.8849149698716026,0,-0.01708984375,0,399.29642627256,0,0,0,0,0,2.396484375,,
69.79214,,,,,0.3125,0.251953125,-0.576171875,-0.035779167751091585,-1.8892480582985236,0,-0.02197265625,0,399.61058553792,0,0,0,0,0,2.396484375,,
69.81879,,,,,-0.662109375,0.322265625,-1.259765625,-0.03673388914817727,-1.8706039507742527,0,-0.009765625,0,400.23890406863995,0,0,0,0,0,2.380859375,,
69.84128,,,,,-0.974609375,-0.78515625,-1.435546875,-0.03691755987669374,-1.9253105361741893,0,-0.0029296875,0,400.86722259936,0,0,0,0,0,2.37109375,,
69.86880000000001,,,,,-0.38671875,0.150390625,-0.28125,-0.03710998482237711,-1.9031397462577841,0,-0.00837053544819355,0,401.39082137495996,0,0,0,0,0,2.35546875,,
69.89268500000001,,,,,-0.375,-0.220703125,-0.443359375,-0.0366467233602816,-1.9296113683597191,0,0.0010850694961845875,0,401.80970039543996,0,0,0,0,0,2.353515625,,
69.919785,,,,,-0.21875,0.3203125,-0.306640625,-0.03640307597164232,-1.9211064727128342,0,0.0048828125,0,402.12385966079995,0,0,0,0,0,2.349609375,,
69.94272500000001,,,,,-0.34375,-0.560546875,-0.865234375,-0.03720635059164199,-1.9277620105199413,0,-0.0086805559694767,0,402.6474584364,0,0,0,0,0,2.34765625,,
69.97308,,,,,-0.515625,0.46484375,-1.52734375,-0.037690722307543965,-1.9499328004363465,0,-0.003662109375,0,403.27577696711995,0,0,0,0,0,2.33203125,,
69.99421000000001,,,,,0.11328125,-0.197265625,-0.6640625,-0.03771467559118078,-1.9371163205234683,0,-0.0068359375,0,403.90409549784,0,0,0,0,0,2.30859375,,
70.01745000000001,,,,,-0.234375,0.83984375,-0.697265625,-0.03747689523200375,-1.9571689505885002,0,-0.013950892724096775,0,404.42769427343995,0,0,0,0,0,2.298828125,,
70.04204000000001,,,,,0.26171875,-0.259765625,-0.828125,-0.03716918296960601,-1.9647921756373512,0,-0.0027901786379516125,0,404.63713378368,0,0,0,0,0,2.3125,,
70.06771499999999,,,,,0.19921875,0.10546875,-1.048828125,-0.037373535051215954,-1.950040321240985,0,-0.001220703125,0,405.05601280416,0,0,0,0,0,2.310546875,,
70.091,,,,,-0.32421875,-0.2109375,-1.365234375,-0.03778605403941124,-1.980651494321492,0,-0.0032552082557231188,0,405.47489182464,0,0,0,0,0,2.306640625,,
70.11647500000001,,,,,-0.0234375,0,-0.484375,-0.03831850473556033,-1.9677059894430478,0,-0.0027901786379516125,0,406.20793011048,0,0,0,0,0,2.2890625,,
70.14081000000002,,,,,-0.111328125,0.375,-1.072265625,-0.03807887644526724,-1.9760173476415839,0,-0.00542534701526165,0,406.73152888607996,0,0,0,0,0,2.263671875,,
70.16625,,,,,-0.25,-0.404296875,-0.763671875,-0.03790446745501145,-1.9990698081560225,0,-0.001220703125,0,407.15040790655996,0,0,0,0,0,2.248046875,,
70.19102500000001,,,,,-0.072265625,-0.05859375,-0.728515625,-0.0381712397519673,-1.986339344886855,0,-0.010986328125,0,407.67400668216,0,0,0,0,0,2.236328125,,
70.21714000000001,,,,,-0.287109375,0.3671875,-0.55078125,-0.03795281646382288,-1.9937081488317308,0,-0.0010850694961845875,0,407.98816594752,0,0,0,0,0,2.248046875,,
70.24352,,,,,-0.07421875,-0.314453125,-1.10546875,-0.03822852418294142,-1.991220789417431,0,-0.00244140625,0,408.51176472312,0,0,0,0,0,2.244140625,,
70.26656000000001,,,,,-0.412109375,0.43359375,-0.859375,-0.038614861742125986,-1.9797698237234582,0,0.0032552082557231188,0,409.03536349871996,0,0,0,0,0,2.236328125,,
70.29153500000001,,,,,0.173828125,-0.166015625,-1.0703125,-0.03850599791258961,-2.021294358474747,0,-0.009765625,0,409.45424251919997,0,0,0,0,0,2.224609375,,
70.31730000000002,,,,,-0.412109375,-0.21875,-0.55859375,-0.03758939768797536,-2.005542560595244,0,-0.002170138992369175,0,409.87312153967997,0,0,0,0,0,2.2109375,,
70.34136,,,,,0.611328125,0.615234375,-1.4765625,-0.03828103313027348,-2.019509513117752,0,0,0,410.08256104992,0,0,0,0,0,2.197265625,,
70.36837000000001,,,,,-0.0859375,-0.291015625,-0.9296875,-0.03768144705091734,-2.0123163712874534,0,-0.0048828125,0,410.60615982551997,0,0,0,0,0,2.171875,,
70.3915,,,,,0.0234375,0.1796875,-0.5390625,-0.039469609838435823,-2.0283799795004067,0,-0.0065104165114462376,0,411.33919811135996,0,0,0,0,0,2.166015625,,
70.41971500000001,,,,,-0.0625,0.947265625,-1.02734375,-0.03907303540820844,-2.0304121227080696,0,-0.00244140625,0,412.07223639719996,0,0,0,0,0,2.169921875,,
70.44308,,,,,-0.291015625,-0.14453125,-0.677734375,-0.039561673387895006,-2.078731972312495,0,-0.009765625,0,412.70055492792,0,0,0,0,0,2.181640625,,
70.468465,,,,,-0.625,-0.943359375,-1.388671875,-0.04054506470004813,-2.059216946270654,0,-0.00244140625,0,413.22415370351996,0,0,0,0,0,2.208984375,,
70.49390500000001,,,,,0.099609375,0.634765625,-0.4765625,-0.03792827277527004,-2.0692701415043295,0,-0.00732421875,0,413.53831296887995,0,0,0,0,0,2.21484375,,
70.518545,,,,,0.19921875,-0.404296875,-0.98046875,-0.03948677582871021,-2.0252618761658976,0,-0.0010850694961845875,0,413.95719198935996,0,0,0,0,0,2.21484375,,
70.54278,,,,,-0.32421875,0.150390625,-0.943359375,-0.03771213277400719,-2.011811023505654,0,0,0,414.48079076496,0,0,0,0,0,2.216796875,,
70.56652,,,,,0.2109375,0.177734375,-0.494140625,-0.0409565743506079,-2.070904457734831,0,0,0,414.89966978544,0,0,0,0,0,2.1953125,,
70.5913,,,,,-0.4375,-0.2109375,-0.876953125,-0.037952591556368695,-2.1228047501337097,0,-0.009765625,0,415.31854880592,0,0,0,0,0,2.189453125,,
70.61652000000001,,,,,0,0.337890625,-0.953125,-0.04190730705366154,-2.1228047501337097,0,-0.009765625,0,415.7374278264,0,0,0,0,0,2.1796875,,
70.643145,,,,,0.2734375,0.509765625,-0.78125,-0.03763788995628024,-2.030068056133227,0,0.007595486007630825,0,416.05158709176,0,0,0,0,0,2.17578125,,
70.66933999999999,,,,,-0.099609375,-0.220703125,-0.69140625,-0.04121515504059423,-2.1291340966997456,0,-0.00542534701526165,0,416.67990562247996,0,0,0,0,0,2.16796875,,
70.69151000000001,,,,,-0.5,-0.421875,-1.072265625,-0.03729863078681186,-2.020735250290628,0,-0.0173611119389534,0,417.20350439808,0,0,0,0,0,2.150390625,,
70.71704000000001,,,,,-0.287109375,-0.330078125,-1.140625,-0.041327750295977544,-2.293375754611814,0,-0.005580357275903225,0,417.62238341856,0,0,0,0,0,2.134765625,,
70.74394500000001,,,,,-0.3359375,-0.59375,-0.884765625,-0.038894102643302446,-2.050604529819131,0,0.0048828125,0,418.14598219415996,0,0,0,0,0,2.11328125,,
70.77390500000001,,,,,-0.39453125,-0.3984375,-1.08984375,-0.04250739188454804,-2.162365282987275,0,-0.007595486007630825,0,418.56486121463996,0,0,0,0,0,2.09375,,
70.79525500000001,,,,,-0.44921875,0.029296875,-1.509765625,-0.03729583332565472,-2.09834376707851,0,0.0009765625,0,418.98374023511997,0,0,0,0,0,2.078125,,
70.81810500000002,,,,,-0.8125,-0.07421875,-1.341796875,-0.04461548283339277,-2.1179018014422057,0,-0.0013950893189758062,0,419.4026192556,0,0,0,0,0,2.0703125,,
70.84571500000001,,,,,-0.59375,-0.30859375,-0.822265625,-0.037851257424222504,-2.0540666997284824,0,0.006103515625,0,419.82149827608,0,0,0,0,0,2.05859375,,
70.86851500000002,,,,,0.65625,0.19140625,-1,-0.04333723360220148,-2.188424697204428,0,-0.00434027798473835,0,420.34509705168,0,0,0,0,0,2.056640625,,
70.89609000000002,,,,,0.4375,-0.267578125,-0.85546875,-0.036268447752407514,-2.195187755816173,0,-0.00837053544819355,0,420.86869582727996,0,0,0,0,0,2.056640625,,
70.91938,,,,,0.291015625,0.48828125,-0.83203125,-0.042629262971754504,-2.244378523938168,0,-0.001953125,0,421.18285509263995,0,0,0,0,0,2.05859375,,
70.941145,,,,,-0.21875,0.4921875,-1.275390625,-0.03859682260290978,-2.1486419994882784,0,-0.005580357275903225,0,421.70645386824,0,0,0,0,0,2.04296875,,
70.96680500000001,,,,,-0.224609375,-0.1171875,-0.75390625,-0.040867649530027576,-2.102676855505431,0,0,0,422.12533288872,0,0,0,0,0,2.03125,,
70.99121500000001,,,,,-0.38671875,0.31640625,-0.744140625,-0.03815741696170532,-2.102676855505431,0,-0.00542534701526165,0,422.75365141943996,0,0,0,0,0,2.01171875,,
71.01716,,,,,-0.01171875,0.0859375,-0.625,-0.04389550069280166,-2.2459483276858863,0,-0.00837053544819355,0,423.27725019504,0,0,0,0,0,1.984375,,
71.0408,,,,,0.037109375,-0.427734375,-1.052734375,-0.03991956310216288,-2.118987761569052,0,-0.00542534701526165,0,423.80084897063995,0,0,0,0,0,1.98046875,,
71.06644,,,,,-0.486328125,0.494140625,-1.23046875,-0.04377132457603561,-2.235034966015105,0,0,0,424.01028848088,0,0,0,0,0,1.96875,,
71.09369500000001,,,,,-0.474609375,0.3828125,-0.693359375,-0.03655925860307696,-2.101440366252091,0,0.0010850694961845875,0,424.21972799111995,0,0,0,0,0,1.970703125,,
71.11879499999999,,,,,0.125,-0.115234375,-1.267578125,-0.04278545865865289,-2.2631409043475412,0,-0.009765625,0,424.53388725648,0,0,0,0,0,1.974609375,,
71.15020000000001,,,,,0.173828125,0.05078125,-0.861328125,-0.037678038793807794,-2.2707748814768562,0,-0.00244140625,0,425.05748603207996,0,0,0,0,0,1.97265625,,
71.17251,,,,,-0.16796875,0.04296875,-0.71875,-0.042843973291496924,-2.1725797594279075,0,-0.005859375,0,425.6858045628,0,0,0,0,0,1.953125,,
71.19485,,,,,0.59375,0.423828125,-0.724609375,-0.040112788375161766,-2.308310394376066,0,0,0,426.20940333839997,0,0,0,0,0,1.935546875,,
71.21890499999999,,,,,-0.296875,0.373046875,-0.716796875,-0.03876876651423841,-2.1634476142869645,0,-0.00837053544819355,0,426.41884284864,0,0,0,0,0,1.935546875,,
71.24557,,,,,-0.287109375,-0.0703125,-1.251953125,-0.04037159894911275,-2.1634476142869645,0,-0.0048828125,0,426.62828235887997,0,0,0,0,0,1.916015625,,
71.26777500000001,,,,,0.822265625,0.466796875,-0.775390625,-0.040973908740947654,-2.2891323116557603,0,0.00244140625,0,427.04716137936,0,0,0,0,0,1.919921875,,
71.292445,,,,,-0.078125,0.3203125,-0.552734375,-0.04638435694149355,-2.0982469983543357,0,-0.0069754463620483875,0,427.67547991007996,0,0,0,0,0,1.916015625,,
71.31622000000002,,,,,-0.048828125,-0.181640625,-0.541015625,-0.04046054805458999,-2.14867425572967,0,-0.0032552082557231188,0,428.09435893055996,0,0,0,0,0,1.919921875,,
71.34636,,,,,-0.5859375,-0.0703125,-0.720703125,-0.044881653729945965,-2.342415993607316,0,-0.009765625,0,428.72267746128,0,0,0,0,0,1.9140625,,
71.3687,,,,,-0.36328125,-0.25,-0.96484375,-0.04575600358788453,-2.1548315690082847,0,-0.009765625,0,429.14155648175995,0,0,0,0,0,1.921875,,
71.394645,,,,,-0.078125,-0.001953125,-1.15625,-0.03966183344849291,-2.1192135552587925,0,-0.00732421875,0,429.56043550223995,0,0,0,0,0,1.919921875,,
71.42047,,,,,0.048828125,0.5234375,-0.9921875,-0.038465805895396145,-2.2632125400836314,0,-0.009765625,0,429.97931452271996,0,0,0,0,0,1.90625,,
71.441925,,,,,0.48828125,0.109375,-0.658203125,-0.04588472212390298,-2.187112943387841,0,-0.003662109375,0,430.71235280855996,0,0,0,0,0,1.884765625,,
71.46806,,,,,-0.40625,-0.54296875,-0.927734375,-0.03934760823402324,-2.1370835129896677,0,-0.009765625,0,431.13123182903996,0,0,0,0,0,1.890625,,
71.49169,,,,,0.349609375,0.45703125,-0.576171875,-0.042405546743945206,-2.1370835129896677,0,-0.01220703125,0,431.55011084951997,0,0,0,0,0,1.896484375,,
71.51782500000002,,,,,-1.01171875,-0.4140625,-1.224609375,-0.040843141367658084,-2.3853167946579736,0,-0.009765625,0,431.86427011487996,0,0,0,0,0,1.908203125,,
71.54126000000001,,,,,0.673828125,0.53515625,-1.09765625,-0.043750919474484,-2.197520957276823,0,-0.0032552082557231188,0,432.17842938023995,0,0,0,0,0,1.912109375,,
71.56624000000001,,,,,-0.162109375,0.251953125,-0.59375,-0.04398072017288441,-2.1343094762300017,0,-0.008544921875,0,432.70202815583997,0,0,0,0,0,1.896484375,,
71.59284000000001,,,,,-0.412109375,-0.255859375,-0.822265625,-0.03748873595619451,-2.1280840216414467,0,-0.0048828125,0,433.22562693144,0,0,0,0,0,1.900390625,,
71.61708999999999,,,,,0.349609375,0.314453125,-1.08203125,-0.043138996705553885,-2.192273942010477,0,0.001220703125,0,433.85394546215997,0,0,0,0,0,1.8984375,,
71.642555,,,,,0.162109375,-0.185546875,-1.01171875,-0.03891595369220843,-2.422067405683324,0,-0.0032552082557231188,0,434.27282448264,0,0,0,0,0,1.90234375,,
71.66628999999999,,,,,-0.662109375,-0.517578125,-1.00390625,-0.042477616270207616,-2.242690447305348,0,-0.010986328125,0,434.48226399287995,0,0,0,0,0,1.896484375,,
71.69148500000001,,,,,0.236328125,0.439453125,-1.015625,-0.03983377720822418,-2.428583166444402,0,-0.010986328125,0,434.69170350312,0,0,0,0,0,1.888671875,,
71.71792500000001,,,,,0.5234375,0.419921875,-0.361328125,-0.04390110420427539,-2.323621356956551,0,-0.00732421875,0,435.32002203383996,0,0,0,0,0,1.86328125,,
71.74082000000001,,,,,0.3359375,0.193359375,-0.78515625,-0.04438808531478855,-2.1757802505789705,0,-0.011935763992369175,0,435.84362080944,0,0,0,0,0,1.8671875,,
71.76764999999999,,,,,0.57421875,0.8125,-0.732421875,-0.040426410406244354,-2.4048963331825974,0,-0.0048828125,0,436.26249982992,0,0,0,0,0,1.87890625,,
71.79115,,,,,-0.048828125,0.59765625,-0.55078125,-0.04512666904009491,-2.2067032339929287,0,-0.00244140625,0,436.6813788504,0,0,0,0,0,1.876953125,,
71.81736,,,,,0.0625,0.068359375,-0.8984375,-0.04130098295008091,-2.3854028113016845,0,-0.003662109375,0,437.20497762599996,0,0,0,0,0,1.8671875,,
71.84156000000002,,,,,0.798828125,0.53125,-0.517578125,-0.043050276922569644,-2.4625597407100854,0,-0.0032552082557231188,0,437.51913689135995,0,0,0,0,0,1.85546875,,
71.866055,,,,,0.5859375,0.65234375,-0.126953125,-0.046737976295105295,-2.3261050875436946,0,-0.01708984375,0,438.04273566695997,0,0,0,0,0,1.865234375,,
71.89114500000001,,,,,-0.2109375,0.43359375,-0.798828125,-0.044696844613276616,-2.4439371373467424,0,-0.0048828125,0,439.08993321815996,0,0,0,0,0,1.87109375,,
71.91611999999999,,,,,1.111328125,0.48828125,-1.3671875,-0.04647754171179776,-2.302977362466009,0,-0.00244140625,0,440.03241101424,0,0,0,0,0,1.8828125,,
71.94111500000001,,,,,-0.25,-0.1015625,-0.74609375,-0.04358716620688906,-2.2558402417126047,0,0.006103515625,0,440.76544930008,0,0,0,0,0,1.87109375,,
71.966425,,,,,0.5234375,0.4453125,-0.921875,-0.04147893374971858,-2.370876750595058,0,-0.001220703125,0,441.18432832056,0,0,0,0,0,1.857421875,,
71.992115,,,,,-0.599609375,-0.0390625,-0.611328125,-0.04285208099588505,-2.28349459266556,0,-0.013020833022892475,0,441.70792709615995,0,0,0,0,0,1.85546875,,
72.01739500000001,,,,,0.162109375,0.00390625,-1.025390625,-0.04355370906655949,-2.448496019463404,0,-0.009765625,0,442.23152587175997,0,0,0,0,0,1.837890625,,
72.04157000000001,,,,,0.287109375,0.013671875,-0.3828125,-0.04598427775339899,-2.500471576425529,0,-0.0108506940305233,0,442.96456415759997,0,0,0,0,0,1.818359375,,
72.06636999999999,,,,,-0.724609375,0.123046875,-0.9375,-0.04646124029554524,-2.3536304135310844,0,-0.0013950893189758062,0,443.69760244343996,0,0,0,0,0,1.81640625,,
72.09164,,,,,0.38671875,0.05078125,-0.826171875,-0.045984020287451084,-2.495676148538664,0,-0.002170138992369175,0,444.22120121904,0,0,0,0,0,1.8125,,
72.11645999999999,,,,,-0.361328125,-0.220703125,-0.935546875,-0.04550423652989609,-2.422088909844252,0,-0.0048828125,0,444.64008023952,0,0,0,0,0,1.80078125,,
72.14122,,,,,-0.162109375,-0.427734375,-0.8984375,-0.04373753375809077,-2.328051214107647,0,-0.010986328125,0,444.95423950488,0,0,0,0,0,1.787109375,,
72.16771,,,,,-0.2734375,-0.583984375,-0.94921875,-0.04438809289340822,-2.466376729274743,0,-0.0048828125,0,445.47783828048,0,0,0,0,0,1.798828125,,
72.19375500000001,,,,,-0.38671875,0.2109375,-0.791015625,-0.044728080470663636,-2.3388893112151816,0,-0.007595486007630825,0,446.00143705607996,0,0,0,0,0,1.794921875,,
72.218155,,,,,-0.662109375,-0.005859375,-0.53515625,-0.04492691886066864,-2.388714452084542,0,-0.006103515625,0,446.6297555868,0,0,0,0,0,1.80078125,,
72.24219000000001,,,,,-0.111328125,-0.392578125,-0.56640625,-0.04554276307180335,-2.5217606957439007,0,-0.001220703125,0,447.04863460727995,0,0,0,0,0,1.802734375,,
72.26845500000002,,,,,-0.037109375,-0.1640625,-0.935546875,-0.04573590022993574,-2.5507268005134427,0,0.0048828125,0,447.46751362775996,0,0,0,0,0,1.80859375,,
72.29145000000001,,,,,-0.38671875,0.109375,-0.861328125,-0.0459098077137069,-2.5195995275706724,0,-0.0010850694961845875,0,447.78167289311995,0,0,0,0,0,1.8125,,
72.319095,,,,,-0.5625,0.083984375,-1.4375,-0.045737369380418266,-2.518083484225273,0,-0.003662109375,0,448.40999142384,0,0,0,0,0,1.833984375,,
72.34146500000001,,,,,-0.01171875,0.306640625,-0.490234375,-0.04516367819299409,-2.45630202988014,0,-0.0010850694961845875,0,449.03830995455996,0,0,0,0,0,1.833984375,,
72.366345,,,,,-0.099609375,-0.53515625,-1.10546875,-0.04529589949927004,-2.418089135911709,0,-0.004185267724096775,0,449.56190873016,0,0,0,0,0,1.826171875,,
72.39110000000001,,,,,-0.0234375,0.298828125,-1.1171875,-0.04688538903682749,-2.469903411666878,0,-0.00732421875,0,449.98078775064,0,0,0,0,0,1.83203125,,
72.4162,,,,,-0.1484375,0.078125,-1.0546875,-0.0449885615488153,-2.413465741312265,0,0.00244140625,0,450.294947016,0,0,0,0,0,1.822265625,,
72.44096499999999,,,,,-0.736328125,-0.0078125,-0.9140625,-0.04532502510910184,-2.428970241341099,0,-0.011935763992369175,0,450.60910628135997,0,0,0,0,0,1.828125,,
72.46649500000001,,,,,0.07421875,-0.005859375,-1.19140625,-0.046603180636288176,-2.5150729016954028,0,0.0048828125,0,451.02798530184,0,0,0,0,0,1.83203125,,
72.4917,,,,,0.0625,-0.287109375,-0.7109375,-0.0469203925624331,-2.5546620619632026,0,-0.003662109375,0,451.76102358768,0,0,0,0,0,1.83203125,,
72.51831000000001,,,,,-0.099609375,-0.06640625,-1.30078125,-0.04723432817917962,-2.4977297959072544,0,-0.003662109375,0,452.28462236328,0,0,0,0,0,1.82421875,,
72.54132500000001,,,,,-0.375,0.3984375,-0.626953125,-0.046810137967600744,-2.573177144521907,0,-0.01410590298473835,0,452.70350138376,0,0,0,0,0,1.818359375,,
72.56653000000001,,,,,-0.2734375,0.576171875,-0.89453125,-0.04524199944663971,-2.5574791070447245,0,-0.008544921875,0,453.01766064912,0,0,0,0,0,1.826171875,,
72.59302500000001,,,,,-0.4609375,-0.814453125,-1.1171875,-0.044599431042448394,-2.4839993891549508,0,0.0048828125,0,453.22710015935996,0,0,0,0,0,1.83203125,,
72.61841,,,,,0.599609375,0.05078125,-0.73046875,-0.04572738347972013,-2.4540010846608817,0,0.00542534701526165,0,453.75069893496,0,0,0,0,0,1.83203125,,
72.64228000000001,,,,,0.3125,0.275390625,-0.6015625,-0.04491600838334413,-2.4795802840843195,0,0,0,454.37901746567996,0,0,0,0,0,1.853515625,,
72.668185,,,,,0.2734375,0.279296875,-1.0703125,-0.046594344140440704,-2.4554848717648894,0,-0.00732421875,0,454.79789648615997,0,0,0,0,0,1.861328125,,
72.69100000000002,,,,,-0.361328125,-0.005859375,-0.798828125,-0.04737193718406828,-2.4689034681837416,0,-0.010986328125,0,455.32149526176,0,0,0,0,0,1.880859375,,
72.71773000000002,,,,,-0.412109375,-0.396484375,-1.109375,-0.04704809625402679,-2.5237820868711,0,0.00244140625,0,455.63565452712,0,0,0,0,0,1.8984375,,
72.74131000000001,,,,,-0.173828125,-0.37109375,-0.85546875,-0.046417368174133625,-2.5731341362000526,0,0.0010850694961845875,0,455.74037428224,0,0,0,0,0,1.91015625,,
72.76666499999999,,,,,0.287109375,0.11328125,-0.92578125,-0.04668401083477001,-2.585326995446029,0,-0.00837053544819355,0,456.0545335476,0,0,0,0,0,1.91796875,,
72.79114000000001,,,,,0.07421875,0.244140625,-1.392578125,-0.04702910821585588,-2.5106107883029156,0,0.0010850694961845875,0,456.68285207831997,0,0,0,0,0,1.923828125,,
72.81699,,,,,0.13671875,0.6484375,-1.228515625,-0.04690583004511548,-2.5939931722998706,0,-0.008544921875,0,457.20645085392,0,0,0,0,0,1.935546875,,
72.84124500000001,,,,,-0.25,0.140625,-0.689453125,-0.04589246986319668,-2.5860581369175684,0,-0.001220703125,0,457.6253298744,0,0,0,0,0,1.939453125,,
72.86650000000002,,,,,0.07421875,-0.14453125,-1.7421875,-0.046385490617027646,-2.5252013614923245,0,-0.00244140625,0,457.93948913976,0,0,0,0,0,1.9609375,,
72.89242500000002,,,,,0.111328125,0.078125,-0.796875,-0.04755603089601032,-2.508793686704529,0,-0.0032552082557231188,0,458.25364840512,0,0,0,0,0,1.955078125,,
72.91611999999999,,,,,0.361328125,0.1015625,-0.859375,-0.04494419615271742,-2.5058261124965138,0,-0.003662109375,0,458.6725274256,0,0,0,0,0,1.966796875,,
72.94121500000001,,,,,-0.3359375,0.03125,-0.578125,-0.04743730093454281,-2.520459694007778,0,-0.001220703125,0,459.19612620119995,0,0,0,0,0,1.970703125,,
72.967345,,,,,-0.111328125,0.08984375,-1.298828125,-0.048449047590404755,-2.5179329550987792,0,0,0,459.71972497679997,0,0,0,0,0,1.978515625,,
72.99133,,,,,-0.236328125,-0.126953125,-0.81640625,-0.04795754725316181,-2.5501676923293237,0,0.0010850694961845875,0,460.13860399728,0,0,0,0,0,1.970703125,,
73.016305,,,,,-0.32421875,-0.203125,-0.599609375,-0.04706944094283761,-2.6028528866020615,0,-0.003662109375,0,460.45276326263996,0,0,0,0,0,1.96484375,,
73.04315000000001,,,,,-0.037109375,0.009765625,-1.189453125,-0.047702544123329374,-2.62618490120856,0,-0.0146484375,0,460.76692252799995,0,0,0,0,0,1.970703125,,
73.066365,,,,,0.349609375,0.107421875,-1.291015625,-0.04785288729231241,-2.642764609283777,0,-0.00542534701526165,0,461.18580154847996,0,0,0,0,0,1.96875,,
73.09135,,,,,-0.71875,0.396484375,-0.630859375,-0.047407348263234464,-2.624969916116148,0,-0.006103515625,0,461.8141200792,0,0,0,0,0,1.966796875,,
73.117925,,,,,0.3125,0.037109375,-1.255859375,-0.04708617354124961,-2.6463988124805495,0,-0.010986328125,0,462.23299909968,0,0,0,0,0,1.970703125,,
73.14128,,,,,-0.673828125,-0.091796875,-0.4921875,-0.04704212626688281,-2.629346012864924,0,-0.0086805559694767,0,462.54715836504,0,0,0,0,0,1.95703125,,
73.16844499999999,,,,,0.125,0.0078125,-1.294921875,-0.048570437039737,-2.6042721612232866,0,-0.012555803172290325,0,462.8613176304,0,0,0,0,0,1.966796875,,
73.191095,,,,,-0.69921875,-0.4296875,-0.978515625,-0.048981750035441356,-2.580553071720091,0,-0.0065104165114462376,0,463.17547689575997,0,0,0,0,0,1.966796875,,
73.21709500000001,,,,,0.296875,0.849609375,-1.18359375,-0.041954396364001445,-2.5751985356491063,0,-0.008544921875,0,463.48963616111996,0,0,0,0,0,1.9765625,,
73.24101,,,,,-0.14453125,-0.1953125,-0.857421875,-0.05080438964454296,-2.6522586963333334,0,0.0048828125,0,464.01323493672,0,0,0,0,0,1.978515625,,
73.26657500000002,,,,,0.01171875,-0.072265625,-0.791015625,-0.04491035073851631,-2.5872193616076617,0,-0.0048828125,0,464.85099297768,0,0,0,0,0,1.96875,,
73.29211,,,,,-0.037109375,0.205078125,-0.400390625,-0.049381381469259716,-2.611927642513529,0,-0.0032552082557231188,0,465.16515224304,0,0,0,0,0,1.978515625,,
73.31802499999999,,,,,-0.048828125,0.041015625,-1.1328125,-0.04797374833630067,-2.6332382659928286,0,-0.00244140625,0,465.58403126352,0,0,0,0,0,1.98828125,,
73.34765500000002,,,,,0.162109375,0.376953125,-1.126953125,-0.04754349195807552,-2.656419751472833,0,-0.007595486007630825,0,465.79347077375996,0,0,0,0,0,1.984375,,
73.37044000000002,,,,,-0.166015625,0.142578125,-1.072265625,-0.04761103938316179,-2.677923912400481,0,-0.009765625,0,466.31706954936,0,0,0,0,0,1.986328125,,
73.393145,,,,,0.111328125,0.029296875,-1.22265625,-0.04879122549043166,-2.6878373305881276,0,-0.0013950893189758062,0,466.94538808007997,0,0,0,0,0,1.98046875,,
73.41789000000001,,,,,-0.09375,-0.658203125,-1.083984375,-0.049194628094148984,-2.644990289939788,0,-0.0048828125,0,467.25954734543996,0,0,0,0,0,1.970703125,,
73.44297999999999,,,,,0.07421875,0.328125,-1.0234375,-0.04906984131145024,-2.6927617834405586,0,-0.013427734375,0,467.67842636591996,0,0,0,0,0,1.982421875,,
73.46616,,,,,-0.599609375,0.158203125,-0.76953125,-0.0488204233554272,-2.6835364984025976,0,0,0,467.99258563127995,0,0,0,0,0,1.97265625,,
73.491125,,,,,-0.1875,-0.216796875,-0.9375,-0.049655426285256085,-2.6800098160104633,0,-0.0069754463620483875,0,468.30674489664,0,0,0,0,0,1.978515625,,
73.51626,,,,,0.07421875,0.099609375,-1.45703125,-0.05009605898096989,-2.6609141211067113,0,-0.009765625,0,468.72562391711995,0,0,0,0,0,1.982421875,,
73.541285,,,,,0.162109375,-0.224609375,-0.54296875,-0.0456697305386768,-2.660892616945784,0,-0.00732421875,0,469.45866220296,0,0,0,0,0,1.970703125,,
73.56636999999999,,,,,0.5,-0.0078125,-0.787109375,-0.050277415820527895,-2.6506566363442237,0,-0.009765625,0,469.98226097855996,0,0,0,0,0,1.96875,,
73.594505,,,,,-0.125,0.05078125,-1.3515625,-0.05096784572328674,-2.664290274372352,0,0,0,470.29642024391995,0,0,0,0,0,1.978515625,,
73.618125,,,,,-0.349609375,-0.115234375,-0.810546875,-0.049080778847965495,-2.6813108177465863,0,0,0,470.71529926439996,0,0,0,0,0,1.974609375,,
73.64082499999999,,,,,-0.01171875,0.255859375,-0.859375,-0.049206525318608786,-2.674160684238143,0,-0.001220703125,0,471.02945852975995,0,0,0,0,0,1.970703125,,
73.665905,,,,,0.099609375,0.244140625,-0.59375,-0.04941700068971253,-2.679429203665417,0,-0.0013950893189758062,0,471.65777706048,0,0,0,0,0,1.970703125,,
73.69075500000001,,,,,-0.5234375,-0.17578125,-1.1015625,-0.05200220978134403,-2.6991270150751423,0,-0.0048828125,0,472.28609559119997,0,0,0,0,0,1.97265625,,
73.71673500000001,,,,,-0.0234375,-0.103515625,-0.822265625,-0.050212860729608275,-2.8454090697854686,0,-0.010986328125,0,472.8096943668,0,0,0,0,0,1.970703125,,
73.74136999999999,,,,,-0.0234375,-0.24609375,-0.783203125,-0.049123491206590895,-2.6777196228716686,0,-0.00434027798473835,0,473.01913387703996,0,0,0,0,0,1.97265625,,
73.76665000000001,,,,,-0.0234375,-0.1953125,-1.076171875,-0.04978560984618811,-2.722846104578338,0,-0.009765625,0,473.33329314239995,0,0,0,0,0,1.974609375,,
73.79106000000002,,,,,0.1484375,-0.099609375,-1.171875,-0.04986953835632343,-2.7288242613162246,0,-0.006103515625,0,473.54273265264,0,0,0,0,0,1.974609375,,
73.81633500000001,,,,,-0.224609375,0.08203125,-0.72265625,-0.05076079572294864,-2.719265661783885,0,0.001220703125,0,473.96161167312,0,0,0,0,0,1.974609375,,
73.84175,,,,,-0.44921875,-0.06640625,-1.07421875,-0.050505072566853305,-2.725580694642803,0,-0.0065104165114462376,0,474.58993020383997,0,0,0,0,0,1.974609375,,
73.86605,,,,,0.037109375,0.373046875,-0.9375,-0.05079710102246409,-2.748113493668325,0,-0.006103515625,0,474.90408946919996,0,0,0,0,0,1.974609375,,
73.89634,,,,,0.037109375,0.26171875,-0.73046875,-0.05063311798195112,-2.7066642234802827,0,-0.006103515625,0,475.32296848967997,0,0,0,0,0,1.97265625,,
73.91970500000001,,,,,0.103515625,-0.251953125,-1.1328125,-0.050457967718354535,-2.760123567546416,0,-0.0146484375,0,475.63712775503996,0,0,0,0,0,1.9765625,,
73.94132499999999,,,,,-0.611328125,0.123046875,-1.32421875,-0.050507380986453965,-2.746092102541126,0,-0.010986328125,0,476.05600677551996,0,0,0,0,0,1.986328125,,
73.96656500000002,,,,,-0.171875,-0.21484375,-0.771484375,-0.050920541455394264,-2.7494252474849112,0,-0.0013950893189758062,0,476.57960555112,0,0,0,0,0,1.9921875,,
73.99589000000002,,,,,0.3125,-0.001953125,-0.90234375,-0.05107982477288365,-2.7418450307579154,0,0.0048828125,0,476.9984845716,0,0,0,0,0,1.994140625,,
74.02927500000001,,,,,0.05078125,0.2734375,-1.11328125,-0.05114532051910633,-2.782659928198591,0,-0.0107421875,0,477.52208334719995,0,0,0,0,0,1.9921875,,
74.052,,,,,0.392578125,-0.1484375,-0.783203125,-0.05056287879280964,-2.776369961127254,0,-0.0008877841173671186,0,477.83624261256,0,0,0,0,0,2,,
74.07507000000001,,,,,0.0625,0.9296875,-0.845703125,-0.05043022173022057,-2.7758753654259185,0,-0.006103515625,0,478.0456821228,0,0,0,0,0,2.0078125,,
74.09983,,,,,0.09375,-0.4765625,-0.794921875,-0.05073225576174409,-2.786100593947015,0,-0.0027901786379516125,0,478.35984138815996,0,0,0,0,0,2.013671875,,
74.122365,,,,,0.361328125,-0.02734375,-0.96875,-0.051645763371770584,-2.797293509709856,0,-0.003662109375,0,478.98815991887994,0,0,0,0,0,2.013671875,,
74.14419000000001,,,,,0.32421875,0.201171875,-1.08984375,-0.052184075157635644,-2.8020029209530106,0,-0.00732421875,0,479.51175869447997,0,0,0,0,0,2.0234375,,
74.167955,,,,,-0.609375,0.615234375,-0.591796875,-0.05196517973670832,-2.812927034704256,0,0.005580357275903225,0,480.03535747008,0,0,0,0,0,2.03515625,,
74.19147,,,,,0.01171875,0.17578125,-1.306640625,-0.05167068325382032,-2.8183460832580236,0,-0.005580357275903225,0,480.24479698031996,0,0,0,0,0,2.048828125,,
74.21664,,,,,-0.287109375,-0.30859375,-1.005859375,-0.05152968284033887,-2.825109141869769,0,-0.006103515625,0,480.66367600079997,0,0,0,0,0,2.048828125,,
74.24575000000002,,,,,-0.1875,-0.30078125,-0.75,-0.05191909140930565,-2.830714537418075,0,-0.003662109375,0,480.97783526615996,0,0,0,0,0,2.052734375,,
74.27285,,,,,-0.03125,0.216796875,-0.724609375,-0.052226211112607786,-2.839764227541961,0,-0.01171875,0,481.50143404176,0,0,0,0,0,2.056640625,,
74.29334999999999,,,,,-0.0625,0.119140625,-1.255859375,-0.05295404378547598,-2.8506668371322785,0,-0.00542534701526165,0,482.2344723276,0,0,0,0,0,2.0546875,,
74.31734000000002,,,,,0.59375,-0.44140625,-1.208984375,-0.05288083901842125,-2.853344105167771,0,0.0013950893189758062,0,482.7580711032,0,0,0,0,0,2.06640625,,
74.34228999999999,,,,,0.099609375,0.224609375,-0.75390625,-0.0523257649953031,-2.851440986925674,0,-0.006103515625,0,482.86279085831995,0,0,0,0,0,2.078125,,
74.36741,,,,,0.037109375,0.08203125,-0.904296875,-0.05229982864492778,-2.8519785909488653,0,0.006103515625,0,483.17695012367994,0,0,0,0,0,2.072265625,,
74.39185499999999,,,,,-0.4375,-0.025390625,-1.220703125,-0.05207786506649425,-2.8537096759035405,0,0.001220703125,0,483.38638963392,0,0,0,0,0,2.087890625,,
74.41845500000001,,,,,-0.0234375,0.20703125,-0.814453125,-0.05240520299486462,-2.859548055595397,0,-0.009765625,0,484.11942791975997,0,0,0,0,0,2.091796875,,
74.44099,,,,,-0.361328125,0.177734375,-0.775390625,-0.05427502366557504,-2.873665537244398,0,-0.0086805559694767,0,485.16662547095996,0,0,0,0,0,2.09375,,
74.46841,,,,,-0.361328125,-0.1484375,-1.189453125,-0.0542029792870043,-2.9009543174615837,0,-0.004185267724096775,0,485.89966375679995,0,0,0,0,0,2.107421875,,
74.491005,,,,,-0.0234375,-0.078125,-0.8828125,-0.05356160633457815,-2.9038860738015537,0,-0.009765625,0,486.52798228752,0,0,0,0,0,2.119140625,,
74.51762,,,,,0.4375,-0.435546875,-1.25390625,-0.05346302403429252,-2.9089323611657414,0,-0.0027901786379516125,0,487.05158106311995,0,0,0,0,0,2.126953125,,
74.54132500000001,,,,,-0.46875,0.271484375,-0.943359375,-0.053242032979045645,-2.9211324108655274,0,-0.0065104165114462376,0,487.36574032847994,0,0,0,0,0,2.138671875,,
74.56760500000001,,,,,-0.25,-0.240234375,-1.0234375,-0.05410807455183723,-2.9249744652177667,0,-0.009765625,0,488.30821812455997,0,0,0,0,0,2.15625,,
74.59232,,,,,0.111328125,-0.1875,-1.0390625,-0.05573007889063007,-2.9255228213214215,0,-0.00434027798473835,0,489.35541567575996,0,0,0,0,0,2.169921875,,
74.61655,,,,,-0.0625,0.08984375,-0.70703125,-0.05554316970838206,-2.948553777674933,0,-0.013427734375,0,490.29789347184,0,0,0,0,0,2.1875,,
74.641395,,,,,-0.0859375,-0.24609375,-1.04296875,-0.05529486912150847,-2.955865192390333,0,0.0048828125,0,491.1356515128,0,0,0,0,0,2.203125,,
74.66940000000001,,,,,0.0859375,0.095703125,-0.875,-0.054949735609097564,-2.961241232622245,0,-0.006103515625,0,491.76397004352,0,0,0,0,0,2.212890625,,
74.69170000000001,,,,,-0.0234375,-0.314453125,-1.138671875,-0.05444411826857246,-2.9788782062095702,0,0,0,492.182849064,0,0,0,0,0,2.228515625,,
74.71655,,,,,-0.03125,0.75,-1.2578125,-0.05489079275117811,-2.988239706666907,0,0,0,492.81116759471996,0,0,0,0,0,2.24609375,,
74.743915,,,,,0.0625,-0.25,-0.990234375,-0.055568082459741756,-3.0000777472575773,0,-0.0048828125,0,493.43948612544,0,0,0,0,0,2.265625,,
74.76825,,,,,-0.111328125,-0.28515625,-0.88671875,-0.055365417540572726,-3.016008768878311,0,-0.0032552082557231188,0,494.06780465616,0,0,0,0,0,2.296875,,
74.79158,,,,,0.2109375,0.576171875,-0.974609375,-0.05473317142597907,-3.0316781117407565,0,-0.009765625,0,494.48668367664,0,0,0,0,0,2.310546875,,
74.81824,,,,,-1.421875,0.30859375,-0.1875,-0.05460629685271981,-3.0104427528247037,0,-0.0146484375,0,494.800842942,0,0,0,0,0,2.3359375,,
74.841595,,,,,0.55078125,-0.484375,-1.263671875,-0.054401679734028596,-3.0104427528247037,0,-0.00434027798473835,0,495.01028245223995,0,0,0,0,0,2.36328125,,
74.868235,,,,,0.125,0.20703125,-1.146484375,-0.054619829428263655,-3.024721515680662,0,-0.012555803172290325,0,495.42916147271995,0,0,0,0,0,2.37890625,,
74.891755,,,,,-0.1875,0.369140625,-0.9453125,-0.0552582883390435,-3.0371114740016414,0,0.0032552082557231188,0,496.05748000344,0,0,0,0,0,2.3984375,,
74.91874,,,,,-0.548828125,-0.23828125,-1.11328125,-0.05526503148201791,-3.047591190827216,0,-0.006103515625,0,496.47635902392,0,0,0,0,0,2.435546875,,
74.942,,,,,0.111328125,-0.380859375,-0.970703125,-0.05522294016279484,-3.0603324061768475,0,0.002170138992369175,0,496.89523804439995,0,0,0,0,0,2.462890625,,
74.96786999999999,,,,,0.0625,0.06640625,-1.302734375,-0.05517592656503638,-3.0603324061768475,0,0.0013950893189758062,0,497.20939730976,0,0,0,0,0,2.484375,,
74.99135000000001,,,,,-0.0234375,0.4453125,-1.0234375,-0.05514518882534057,-3.0577626589459936,0,-0.0086805559694767,0,497.41883681999997,0,0,0,0,0,2.4921875,,
75.01800000000001,,,,,-0.6484375,0.21484375,-1.056640625,-0.05534219430359634,-3.0572035507618747,0,-0.006103515625,0,497.9424355956,0,0,0,0,0,2.51953125,,
75.04175,,,,,-0.26171875,0.01953125,-1.072265625,-0.05617054863354395,-3.062160259855698,0,-0.00542534701526165,0,498.67547388144,0,0,0,0,0,2.546875,,
75.066495,,,,,-0.111328125,-0.3359375,-0.9140625,-0.05637197385323805,-3.073363927699002,0,-0.0027901786379516125,0,499.30379241215996,0,0,0,0,0,2.5625,,
75.09228000000002,,,,,0.38671875,-0.197265625,-0.921875,-0.055952592501672,-3.0754068229871288,0,-0.01220703125,0,499.72267143263997,0,0,0,0,0,2.583984375,,
75.11697,,,,,0.236328125,-0.34765625,-0.74609375,-0.05548585841597997,-3.0910188438206014,0,0.0010850694961845875,0,499.93211094287994,0,0,0,0,0,2.611328125,,
75.14185,,,,,-0.099609375,0.20703125,-1.189453125,-0.05548122018470849,-3.0926531600511025,0,-0.010986328125,0,500.35098996335995,0,0,0,0,0,2.640625,,
75.16644500000001,,,,,0.07421875,0.5078125,-1.2421875,-0.05583296930554993,-3.0926531600511025,0,-0.010986328125,0,500.76986898383996,0,0,0,0,0,2.658203125,,
75.19151000000001,,,,,-0.048828125,0.4140625,-1.15625,-0.056699946124177086,-3.0998140456400094,0,-0.00732421875,0,501.50290726967995,0,0,0,0,0,2.68359375,,
75.216115,,,,,0.25,0.57421875,-0.978515625,-0.05662075796702606,-3.112372475621756,0,-0.0010850694961845875,0,502.02650604528,0,0,0,0,0,2.701171875,,
75.241295,,,,,-0.0234375,0.4140625,-1.05078125,-0.05645147668218874,-3.122511687499142,0,-0.00244140625,0,502.34066531063996,0,0,0,0,0,2.720703125,,
75.26733999999999,,,,,0.0234375,0.24609375,-1.00390625,-0.05603619374744609,-3.1359195318375304,0,-0.006103515625,0,502.55010482088,0,0,0,0,0,2.74609375,,
75.29146500000002,,,,,0,0.326171875,-0.896484375,-0.05590468972745134,-3.139747272482652,0,0.0010850694961845875,0,502.75954433111997,0,0,0,0,0,2.76171875,,
75.317185,,,,,0.099609375,0.412109375,-1.037109375,-0.05633797912750287,-3.1373280543782913,0,-0.00732421875,0,503.28314310672,0,0,0,0,0,2.783203125,,
75.34139,,,,,-0.111328125,0.326171875,-1.30859375,-0.05751338186957365,-3.149338128256383,0,-0.0048828125,0,504.01618139256,0,0,0,0,0,2.814453125,,
75.36710500000001,,,,,0.1484375,0.021484375,-1.076171875,-0.05734526051031816,-3.155982913983026,0,0.0048828125,0,504.53978016815995,0,0,0,0,0,2.8515625,,
75.39121500000002,,,,,0.5625,-0.279296875,-0.751953125,-0.056832042916002815,-3.1638534368825453,0,-0.00434027798473835,0,504.85393943352,0,0,0,0,0,2.896484375,,
75.41631,,,,,-0.15625,-0.048828125,-0.689453125,-0.0567384496351408,-3.1637781723192986,0,-0.003662109375,0,505.16809869888,0,0,0,0,0,2.93359375,,
75.44172,,,,,0.25,-0.357421875,-0.98828125,-0.05685016551423777,-3.162885749640801,0,-0.00244140625,0,505.37753820911996,0,0,0,0,0,2.96484375,,
75.46768,,,,,-0.537109375,-0.3515625,-1.21484375,-0.05660488060536227,-3.16454157003223,0,0.001220703125,0,505.79641722959997,0,0,0,0,0,3.00390625,,
75.491725,,,,,0,0.111328125,-0.845703125,-0.05780036931161377,-3.178175208060359,0,-0.011935763992369175,0,506.42473576031995,0,0,0,0,0,3.0390625,,
75.51644000000002,,,,,-0.59375,0.220703125,-0.423828125,-0.0578173963507539,-3.1851425562009172,0,-0.0048828125,0,506.94833453591997,0,0,0,0,0,3.064453125,,
75.543205,,,,,0.42578125,0.220703125,-1.23046875,-0.057478220838067064,-3.187690799270843,0,-0.0048828125,0,507.3672135564,0,0,0,0,0,3.099609375,,
75.56885500000001,,,,,0.599609375,-0.1796875,-0.986328125,-0.0571591407572208,-3.18754027014435,0,-0.0048828125,0,507.57665306663995,0,0,0,0,0,3.119140625,,
75.59247500000001,,,,,-0.38671875,-0.455078125,-1.068359375,-0.05711274844656727,-3.1907766463639606,0,-0.0065104165114462376,0,507.78609257688,0,0,0,0,0,3.15234375,,
75.61789000000002,,,,,-0.0234375,-0.107421875,-0.966796875,-0.05756143924501525,-3.1992492857694543,0,0.00244140625,0,508.30969135247994,0,0,0,0,0,3.19140625,,
75.64149499999999,,,,,-0.01171875,0.33203125,-1.044921875,-0.05814617539969393,-3.2046253260013664,0,-0.009765625,0,508.9380098832,0,0,0,0,0,3.2265625,,
75.66633000000002,,,,,0.162109375,0.099609375,-1.00390625,-0.05851411866326068,-3.213581809027732,0,-0.00732421875,0,509.46160865879995,0,0,0,0,0,3.263671875,,
75.69130500000001,,,,,-0.51171875,-0.1015625,-1.072265625,-0.05839282920392051,-3.2196244782484005,0,-0.006103515625,0,509.88048767927995,0,0,0,0,0,3.291015625,,
75.71657499999999,,,,,-0.125,0.09375,-0.806640625,-0.05781682708774121,-3.2030125139317924,0,-0.008544921875,0,510.19464694463994,0,0,0,0,0,3.328125,,
75.74299,,,,,-0.9375,0.583984375,-0.466796875,-0.05793332275135314,-3.1942280641928487,0,-0.011935763992369175,0,510.61352596511995,0,0,0,0,0,3.353515625,,
75.76846499999999,,,,,0.228515625,-0.47265625,-1.056640625,-0.05813433899883495,-3.207152064910365,0,-0.015869140625,0,511.13712474071997,0,0,0,0,0,3.37890625,,
75.79122,,,,,-0.0234375,-0.12890625,-0.76171875,-0.05843294103672268,-3.2171192435003295,0,-0.002170138992369175,0,511.66072351632,0,0,0,0,0,3.40234375,,
75.81831000000001,,,,,-0.13671875,-0.07421875,-0.791015625,-0.05848233453628626,-3.2329570580235427,0,0.0013950893189758062,0,512.18432229192,0,0,0,0,0,3.4296875,,
75.84203500000001,,,,,-0.0625,0.111328125,-1.03125,-0.05855638596080227,-3.2370428485997955,0,-0.00542534701526165,0,512.7079210675199,0,0,0,0,0,3.45703125,,
75.86731000000002,,,,,-0.111328125,0.169921875,-0.837890625,-0.05869654350987542,-3.229505640194655,0,-0.003662109375,0,513.2315198431199,0,0,0,0,0,3.48828125,,
75.89141000000001,,,,,-0.3125,0.2109375,-1.474609375,-0.05837154819847281,-3.237741733829944,0,-0.008544921875,0,513.5456791084799,0,0,0,0,0,3.517578125,,
75.917485,,,,,0.07421875,0.12890625,-1.150390625,-0.058463777325299976,-3.235688086461354,0,-0.01708984375,0,514.06927788408,0,0,0,0,0,3.53515625,,
75.94165000000001,,,,,-0.125,0.123046875,-1.0625,-0.059423859164044815,-3.244558552844009,0,-0.0010850694961845875,0,514.80231616992,0,0,0,0,0,3.55078125,,
75.966475,,,,,1,-0.267578125,-1.087890625,-0.05957228524170457,-3.262987618759003,0,-0.00732421875,0,515.2211951904,0,0,0,0,0,3.556640625,,
75.99204,,,,,-0.65625,0.408203125,-0.78125,-0.05905184170554197,-3.2760083882006943,0,-0.009765625,0,515.8495137211199,0,0,0,0,0,3.580078125,,
76.01845500000002,,,,,-0.0625,-0.091796875,-0.85546875,-0.05884581173887448,-3.279309276903088,0,-0.009765625,0,516.05895323136,0,0,0,0,0,3.583984375,,
76.043265,,,,,0.037109375,0.09765625,-1.111328125,-0.05856928537723494,-3.271793572658875,0,-0.009765625,0,516.37311249672,0,0,0,0,0,3.595703125,,
76.07917,,,,,-0.13671875,0.01171875,-1.162109375,-0.05879977875822853,-3.2662777553809335,0,-0.006103515625,0,516.89671127232,0,0,0,0,0,3.60546875,,
76.100795,,,,,-0.080078125,-0.09375,-0.69921875,-0.05978045021150123,-3.272768416754178,0,-0.00244140625,0,517.6297495581599,0,0,0,0,0,3.62109375,,
76.12093,,,,,0.828125,-0.666015625,-1.2109375,-0.0592855089310996,-3.2917064256778774,0,-0.0069754463620483875,0,518.1533483337599,0,0,0,0,0,3.62109375,,
76.14213000000001,,,,,-0.359375,0.76171875,-1.150390625,-0.05908927887826751,-3.3034046892225177,0,-0.0032552082557231188,0,518.4675075991199,0,0,0,0,0,3.6328125,,
76.17398500000002,,,,,-0.111328125,0.025390625,-0.99609375,-0.05935895642484736,-3.3034046892225177,0,0.004185267724096775,0,518.67694710936,0,0,0,0,0,3.62890625,,
76.19779500000001,,,,,-0.134765625,-0.052734375,-1.28515625,-0.059275940832722536,-3.31631793785957,0,-0.007102272938936949,0,518.99110637472,0,0,0,0,0,3.615234375,,
76.21901500000001,,,,,-0.2734375,0.26953125,-0.888671875,-0.059769600635471196,-3.315307242295971,0,-0.009765625,0,519.51470515032,0,0,0,0,0,3.603515625,,
76.24271,,,,,0.71875,-0.462890625,-0.96484375,-0.06049541580903955,-3.307415215235524,0,0,0,520.24774343616,0,0,0,0,0,3.587890625,,
76.267925,,,,,-0.111328125,-0.08984375,-1.015625,-0.060394351250041764,-3.309845185420348,0,-0.0013950893189758062,0,520.7713422117599,0,0,0,0,0,3.58984375,,
76.29155,,,,,-0.125,0.0546875,-1.041015625,-0.06029673412203107,-3.3124901972144487,0,0,0,521.39966074248,0,0,0,0,0,3.578125,,
76.316255,,,,,0.046875,0.6953125,-0.935546875,-0.06009644269453238,-3.315565292227103,0,-0.001220703125,0,521.81853976296,0,0,0,0,0,3.572265625,,
76.34101000000001,,,,,-0.048828125,-0.23828125,-1.1796875,-0.05980083640614204,-3.3274355890591645,0,0.0048828125,0,521.9232595180799,0,0,0,0,0,3.55859375,,
76.36769500000001,,,,,-0.1875,-0.283203125,-0.771484375,-0.05965602352711386,-3.337865107109074,0,0.001220703125,0,522.44685829368,0,0,0,0,0,3.54296875,,
76.39092,,,,,-0.53125,0.462890625,-0.71484375,-0.06061107597412746,-3.3403273335352894,0,-0.00244140625,0,522.97045706928,0,0,0,0,0,3.51953125,,
76.41695000000001,,,,,-0.01171875,-0.0078125,-1.419921875,-0.06061333025288775,-3.3350695661884795,0,-0.00732421875,0,523.5987756,0,0,0,0,0,3.5,,
76.44131000000002,,,,,0.46875,-0.646484375,-1.287109375,-0.060154101665157465,-3.3321450003023196,0,-0.00434027798473835,0,523.91293486536,0,0,0,0,0,3.47265625,,
76.46658500000001,,,,,-0.537109375,-0.421875,-0.7578125,-0.060091726328241175,-3.3358222118209473,0,-0.0048828125,0,524.2270941307199,0,0,0,0,0,3.458984375,,
76.49113,,,,,0.40625,0.509765625,-1.107421875,-0.06042733257246277,-3.339929506558128,0,-0.00732421875,0,524.8554126614399,0,0,0,0,0,3.439453125,,
76.51656000000001,,,,,0.048828125,-0.107421875,-1.0546875,-0.06053880122623104,-3.347767773216256,0,0.001220703125,0,525.1695719268,0,0,0,0,0,3.404296875,,
76.54144000000001,,,,,-0.0625,-0.3359375,-0.74609375,-0.06054369595272831,-3.3573371248290593,0,-0.006103515625,0,525.6931707023999,0,0,0,0,0,3.3828125,,
76.566185,,,,,-0.546875,0.271484375,-0.828125,-0.060847864572227274,-3.3666591785911946,0,-0.0065104165114462376,0,526.11204972288,0,0,0,0,0,3.3671875,,
76.59366,,,,,0.298828125,-0.35546875,-0.96875,-0.06087907325376223,-3.3674763367064453,0,-0.00244140625,0,526.5309287433599,0,0,0,0,0,3.341796875,,
76.61693000000001,,,,,-0.15625,-0.181640625,-0.978515625,-0.06029643201531205,-3.358390828714514,0,-0.007595486007630825,0,526.7403682536,0,0,0,0,0,3.3046875,,
76.64402,,,,,-0.287109375,0.15234375,-0.890625,-0.06047531086462138,-3.35106866191865,0,-0.004185267724096775,0,527.1592472740799,0,0,0,0,0,3.2890625,,
76.667965,,,,,-0.1484375,-0.1953125,-0.833984375,-0.06112008519363384,-3.3484774105268684,0,-0.0029296875,0,527.6828460496799,0,0,0,0,0,3.267578125,,
76.692445,,,,,0.099609375,0.078125,-1.201171875,-0.0612753323140935,-3.380034766688192,0,-0.0013950893189758062,0,528.10172507016,0,0,0,0,0,3.25390625,,
76.71781500000002,,,,,0,-0.08203125,-1.052734375,-0.061751870091701314,-3.3981950305915904,0,-0.0048828125,0,528.8347633559999,0,0,0,0,0,3.232421875,,
76.74133,,,,,-0.173828125,-0.380859375,-0.791015625,-0.061663937908062766,-3.4178068253576055,0,0.0032552082557231188,0,529.1489226213599,0,0,0,0,0,3.212890625,,
76.76696000000001,,,,,0.19921875,-0.365234375,-1.126953125,-0.06142034491545275,-3.4070870011351735,0,-0.00837053544819355,0,529.3583621316,0,0,0,0,0,3.189453125,,
76.79233,,,,,-0.546875,0.185546875,-0.798828125,-0.06151621457272792,-3.4080976966987726,0,-0.007595486007630825,0,529.67252139696,0,0,0,0,0,3.18359375,,
76.81621500000001,,,,,0.228515625,-0.96484375,-0.966796875,-0.061670555418041825,-3.404409733099681,0,-0.003662109375,0,529.9866806623199,0,0,0,0,0,3.16015625,,
76.8536,,,,,0.03125,0.23828125,-0.837890625,-0.062332106230714904,-3.4159467154373644,0,-0.006103515625,0,530.6149991930399,0,0,0,0,0,3.142578125,,
76.87437500000001,,,,,0.0390625,-0.400390625,-1.2109375,-0.06278290190325113,-3.4455471929542716,0,0.0016276041278615594,0,531.03387821352,0,0,0,0,0,3.115234375,,
76.89827500000001,,,,,-0.015625,0.0625,-0.873046875,-0.06256498664420365,-3.4668363122726435,0,-0.0027901786379516125,0,531.55747698912,0,0,0,0,0,3.099609375,,
76.92381000000002,,,,,-0.3359375,-0.296875,-0.91015625,-0.06264725912425377,-3.4722661129068744,0,-0.013427734375,0,531.9763560096,0,0,0,0,0,3.08984375,,
76.94582500000001,,,,,0.037109375,-0.2890625,-0.96484375,-0.06334247621484332,-3.4835773015548175,0,-0.008544921875,0,532.4999547852,0,0,0,0,0,3.0703125,,
76.97106,,,,,0.09375,0.095703125,-1.298828125,-0.06218133798401702,-3.472276864987338,0,0.001220703125,0,532.81411405056,0,0,0,0,0,3.056640625,,
76.992455,,,,,-0.759765625,-0.455078125,-0.8515625,-0.06297887573366637,-3.4715457235157983,0,-0.006103515625,0,533.12827331592,0,0,0,0,0,3.05859375,,
77.018225,,,,,0.203125,-1.052734375,-0.9296875,-0.06282025811880929,-3.4759970848278217,0,-0.009765625,0,533.5471523364,0,0,0,0,0,3.046875,,
77.04493000000001,,,,,0.38671875,-0.37109375,-1.123046875,-0.06252786913476084,-3.4805344627835555,0,-0.0032552082557231188,0,533.65187209152,0,0,0,0,0,3.048828125,,
77.079795,,,,,-0.32421875,-0.2578125,-0.6796875,-0.06298446608923532,-3.4988345037329833,0,0.00244140625,0,534.17547086712,0,0,0,0,0,3.05078125,,
77.10102,,,,,0,-0.458984375,-0.9609375,-0.06303039311750078,-3.519363803765203,0,-0.011393229477107525,0,534.48963013248,0,0,0,0,0,3.04296875,,
77.12413000000001,,,,,0.140625,-0.251953125,-0.92578125,-0.06354239690323028,-3.5234782721560682,0,0,0,535.1179486632,0,0,0,0,0,3.037109375,,
77.14668,,,,,0.361328125,0.25,-1.13671875,-0.06367712155771775,-3.5253598862372377,0,0.004185267724096775,0,535.5368276836799,0,0,0,0,0,3.04296875,,
77.17171499999999,,,,,-0.26171875,-0.251953125,-1.072265625,-0.06364724758165306,-3.5152314264403155,0,-0.0048828125,0,535.85098694904,0,0,0,0,0,3.03125,,
77.19489000000002,,,,,-0.125,-0.21875,-0.84765625,-0.06370016833101456,-3.5175216195791097,0,-0.0146484375,0,536.3745857246399,0,0,0,0,0,3.013671875,,
77.21748,,,,,0.765625,-0.89453125,-1.205078125,-0.06375395901146143,-3.535531354356015,0,0.001220703125,0,536.6887449899999,0,0,0,0,0,3.00390625,,
77.24329500000002,,,,,-0.349609375,-0.453125,-1.169921875,-0.06375055147490719,-3.554347495167707,0,-0.013950892724096775,0,537.10762401048,0,0,0,0,0,3.015625,,
77.26867000000001,,,,,-0.6875,0.134765625,-0.54296875,-0.06356803304843513,-3.5535625932938477,0,0,0,537.5265030309599,0,0,0,0,0,3.013671875,,
77.29409000000001,,,,,-0.361328125,-0.5,-1.1015625,-0.06433480670478066,-3.5497993651315096,0,0,0,537.8406622963199,0,0,0,0,0,3.005859375,,
77.31819000000002,,,,,0.8125,-0.173828125,-1.259765625,-0.06430891596087653,-3.5574440943412884,0,0.0048828125,0,538.57370058216,0,0,0,0,0,3.009765625,,
77.3416,,,,,0.375,-0.24609375,-1.119140625,-0.06401415371286567,-3.551250895994126,0,0.001220703125,0,538.6784203372799,0,0,0,0,0,3.013671875,,
77.36966500000001,,,,,-0.4375,-0.73046875,-0.98828125,-0.06446473732834562,-3.5659919983100288,0,-0.0027901786379516125,0,539.3067388679999,0,0,0,0,0,3.01171875,,
77.39103999999999,,,,,0.0625,-0.455078125,-0.904296875,-0.06445871784937779,-3.576550541325504,0,-0.0078125,0,539.72561788848,0,0,0,0,0,3.013671875,,
77.42721499999999,,,,,-0.46875,0.16015625,-1.123046875,-0.06520555064013647,-3.5873348780307195,0,-0.004185267724096775,0,540.4586561743199,0,0,0,0,0,3.017578125,,
77.449485,,,,,-0.03515625,-0.576171875,-0.990234375,-0.06582055809879381,-3.6032264529562514,0,-0.00732421875,0,541.71529323576,0,0,0,0,0,3.00390625,,
77.47179000000001,,,,,0.4375,-0.55078125,-0.625,-0.06563462881310302,-3.6116345798789617,0,0,0,542.4483315215999,0,0,0,0,0,3.009765625,,
77.49268000000001,,,,,-0.84375,0.0078125,-0.853515625,-0.06564646546412882,-3.613892516776365,0,0.009765625,0,543.39080931768,0,0,0,0,0,3.01953125,,
77.51813,,,,,0.82421875,-0.1484375,-1.103515625,-0.06572386364651597,-3.6262144009879074,0,0.0032552082557231188,0,543.6002488279199,0,0,0,0,0,3.015625,,
77.54169499999999,,,,,-0.32421875,-0.6875,-0.849609375,-0.06549215382469896,-3.6489335470079673,0,-0.0010850694961845875,0,544.22856735864,0,0,0,0,0,3.017578125,,
77.56839,,,,,-0.099609375,0,-1.34765625,-0.06504461130004817,-3.653599949929267,0,-0.004185267724096775,0,544.542726624,0,0,0,0,0,3.0390625,,
77.59622000000002,,,,,-0.912109375,-0.0390625,-0.62890625,-0.06598108422568724,-3.650230961917248,0,0.013020833022892475,0,544.96160564448,0,0,0,0,0,3.041015625,,
77.620785,,,,,0.537109375,-0.162109375,-1.40234375,-0.06611792683236879,-3.6631370453006786,0,-0.009765625,0,545.9040834405599,0,0,0,0,0,3.052734375,,
77.64189999999999,,,,,-0.099609375,-0.666015625,-0.9453125,-0.06590046943705459,-3.655556828573683,0,0.00244140625,0,546.1135229508,0,0,0,0,0,3.060546875,,
77.666,,,,,0.01171875,-0.44140625,-1.154296875,-0.06606859436165513,-3.6530838500670035,0,-0.0065104165114462376,0,546.95128099176,0,0,0,0,0,3.068359375,,
77.69127499999999,,,,,-0.21875,-0.158203125,-0.931640625,-0.06606838252463726,-3.658545906942626,0,-0.010986328125,0,547.3701600122399,0,0,0,0,0,3.068359375,,
77.71796,,,,,-0.509765625,-0.927734375,-0.97265625,-0.06625291036396957,-3.6471594537314362,0,-0.006103515625,0,547.78903903272,0,0,0,0,0,3.083984375,,
77.74126500000001,,,,,0.0234375,0.22265625,-0.59765625,-0.06622930050013634,-3.659162358155875,0,-0.009765625,0,548.5220773185599,0,0,0,0,0,3.08203125,,
77.76857000000001,,,,,0.53125,-1.259765625,-1.458984375,-0.06604441237002487,-3.688694740563189,0,-0.003662109375,0,548.5220773185599,0,0,0,0,0,3.087890625,,
77.791125,,,,,-0.541015625,-0.140625,-1.025390625,-0.06622179382118136,-3.684522933343225,0,0.0032552082557231188,0,549.46455511464,0,0,0,0,0,3.09375,,
77.81631500000002,,,,,-0.453125,0.13671875,-1.09765625,-0.06636715577706842,-3.682415525572315,0,-0.004185267724096775,0,549.6739946248799,0,0,0,0,0,3.091796875,,
77.84135,,,,,0.6875,-0.6640625,-0.91796875,-0.06669774736881368,-3.6726526365111636,0,0.003662109375,0,550.5117526658399,0,0,0,0,0,3.0859375,,
77.86791500000001,,,,,-0.736328125,-0.62890625,-0.482421875,-0.06666240180216051,-3.6877808137237635,0,-0.0048828125,0,551.03535144144,0,0,0,0,0,3.078125,,
77.89184500000002,,,,,-0.1875,0.06640625,-1.474609375,-0.06672282801451652,-3.6872432097005725,0,0.0010850694961845875,0,551.55895021704,0,0,0,0,0,3.09375,,
77.91794000000002,,,,,0.537109375,-0.77734375,-1.00390625,-0.06700648725098797,-3.6872432097005725,0,-0.006103515625,0,552.18726874776,0,0,0,0,0,3.10546875,,
77.94271,,,,,0.82421875,-0.552734375,-0.91796875,-0.06689049863059504,-3.7007585748435994,0,-0.009765625,0,552.60614776824,0,0,0,0,0,3.091796875,,
77.96852500000001,,,,,-0.173828125,-0.89453125,-1.16015625,-0.06670708771248259,-3.717650093252267,0,-0.013427734375,0,553.1297465438399,0,0,0,0,0,3.095703125,,
77.991685,,,,,-0.875,0.37109375,-0.515625,-0.06701838396014156,-3.7311762104757578,0,-0.008544921875,0,553.54862556432,0,0,0,0,0,3.107421875,,
78.017485,,,,,0.28125,-0.587890625,-1.33203125,-0.06696015073502076,-3.7310149292688,0,-0.009765625,0,553.9675045847999,0,0,0,0,0,3.130859375,,
78.04583,,,,,-0.541015625,-0.185546875,-1.328125,-0.06722474213194723,-3.7498095659195645,0,-0.0146484375,0,554.38638360528,0,0,0,0,0,3.142578125,,
78.073265,,,,,0.291015625,-0.373046875,-0.6796875,-0.0675757540754382,-3.7611960191307543,0,-0.01171875,0,554.9099823808799,0,0,0,0,0,3.13671875,,
78.10455999999999,,,,,0.662109375,-0.5,-1.400390625,-0.06739182685169595,-3.763367939384447,0,-0.0086805559694767,0,555.1194218911199,0,0,0,0,0,3.13671875,,
78.127295,,,,,0.58203125,-0.65625,-0.6328125,-0.06704075290844971,-3.7802952966613166,0,-0.00443892041221261,0,555.4335811564799,0,0,0,0,0,3.1328125,,
78.149505,,,,,-0.173828125,-0.646484375,-1.42578125,-0.0679235681577269,-3.787054772646251,0,-0.0048828125,0,555.95717993208,0,0,0,0,0,3.125,,
78.17108999999999,,,,,-0.140625,-1.76953125,-0.732421875,-0.06842684477032443,-3.78235611348356,0,-0.00732421875,0,556.5854984627999,0,0,0,0,0,3.146484375,,
78.192095,,,,,-0.3125,-0.65625,-0.78125,-0.06838270104136543,-3.777657454320869,0,-0.00837053544819355,0,556.8996577281599,0,0,0,0,0,3.125,,
78.217585,,,,,1.103515625,-1.029296875,-0.951171875,-0.06811131971902216,-3.7723029182498844,0,-0.0027901786379516125,0,557.31853674864,0,0,0,0,0,3.140625,,
78.24138,,,,,-0.42578125,-0.52734375,-0.67578125,-0.0680764569662144,-3.7751629716532613,0,-0.0048828125,0,557.632696014,0,0,0,0,0,3.126953125,,
78.267485,,,,,0.390625,-0.87890625,-0.755859375,-0.06791379224555714,-3.7752382362165084,0,0.001220703125,0,557.7374157691199,0,0,0,0,0,3.146484375,,
78.29145000000001,,,,,0.33203125,-0.3671875,-0.755859375,-0.06837172175132229,-3.7941583110059964,0,-0.001220703125,0,558.26101454472,0,0,0,0,0,3.142578125,,
78.31727000000001,,,,,-0.287109375,-0.421875,-1.130859375,-0.06908004677269786,-3.8076987671367934,0,-0.001220703125,0,558.78461332032,0,0,0,0,0,3.154296875,,
78.343565,,,,,-0.486328125,0.025390625,-0.6875,-0.06920559138180309,-3.8252246582928264,0,0.0032552082557231188,0,559.2034923407999,0,0,0,0,0,3.15625,,
78.368255,,,,,0.13671875,-0.62109375,-1.10546875,-0.06873848610158348,-3.8422487884939023,0,-0.0065104165114462376,0,559.62237136128,0,0,0,0,0,3.16015625,,
78.39160000000001,,,,,0.173828125,-0.7421875,-0.890625,-0.06861302627282698,-3.8468363400251127,0,-0.0048828125,0,559.93653062664,0,0,0,0,0,3.181640625,,
78.41963500000001,,,,,0.1484375,-0.4296875,-0.8125,-0.0689371176834851,-3.8409764561723287,0,-0.0027901786379516125,0,560.46012940224,0,0,0,0,0,3.171875,,
78.44129000000001,,,,,-0.4375,-0.0390625,-0.62890625,-0.0691431671232374,-3.850728593153017,0,-0.0078125,0,560.7742886676,0,0,0,0,0,3.193359375,,
78.466545,,,,,0.6875,-0.603515625,-1.373046875,-0.06910887744146788,-3.8577819579372856,0,-0.0069754463620483875,0,561.1931676880799,0,0,0,0,0,3.171875,,
78.491535,,,,,-0.17578125,-0.734375,-0.791015625,-0.06956947803447834,-3.873609020380035,0,-0.009765625,0,561.5073269534399,0,0,0,0,0,3.173828125,,
78.52803000000002,,,,,0.0859375,-1.310546875,-1.080078125,-0.06937077116234672,-3.882576255486864,0,-0.008544921875,0,561.8214862187999,0,0,0,0,0,3.14453125,,
78.55063,,,,,-0.462890625,-0.109375,-0.998046875,-0.06917557655543016,-3.887615402797618,0,-0.0052584134973585606,0,562.03092572904,0,0,0,0,0,3.150390625,,
78.572255,,,,,-0.234375,0.474609375,-1.140625,-0.06908959160995917,-3.8832106282342296,0,-0.01813616044819355,0,562.3450849943999,0,0,0,0,0,3.16015625,,
78.593345,,,,,-0.28125,-0.181640625,-1.169921875,-0.0696420885885915,-3.8777808275999983,0,-0.005580357275903225,0,562.76396401488,0,0,0,0,0,3.173828125,,
78.61760000000001,,,,,0.548828125,-0.169921875,-0.828125,-0.07014755203347837,-3.86679220136597,0,-0.00837053544819355,0,563.18284303536,0,0,0,0,0,3.16015625,,
78.64186,,,,,-0.671875,-0.703125,-0.779296875,-0.07020492363417508,-3.87387782239163,0,0.003662109375,0,563.70644181096,0,0,0,0,0,3.17578125,,
78.66638,,,,,-0.15625,-0.80078125,-1.296875,-0.07038085875305723,-3.890414522144992,0,-0.0048828125,0,564.1253208314399,0,0,0,0,0,3.1484375,,
78.69081000000001,,,,,0.298828125,-0.3984375,-0.6484375,-0.06991073256816224,-3.9225847468927535,0,-0.00244140625,0,564.4394800967999,0,0,0,0,0,3.1484375,,
78.71703500000001,,,,,0.44921875,-0.947265625,-1.2578125,-0.06968781092568499,-3.9393902486577104,0,-0.0048828125,0,564.85835911728,0,0,0,0,0,3.16015625,,
78.74193000000001,,,,,-0.01171875,-0.328125,-1.384765625,-0.0707085051932593,-3.9354764913688784,0,-0.00542534701526165,0,565.38195789288,0,0,0,0,0,3.177734375,,
78.76937000000001,,,,,-0.5,-0.32421875,-0.841796875,-0.07050254695896307,-3.944486734797563,0,-0.001220703125,0,565.80083691336,0,0,0,0,0,3.169921875,,
78.79157000000001,,,,,0.037109375,-0.35546875,-0.63671875,-0.07073664071831871,-3.9441928501982604,0,0.0010850694961845875,0,566.21971593384,0,0,0,0,0,3.171875,,
78.821115,,,,,-0.046875,-0.15234375,-1.076171875,-0.07038506165850839,-3.9421857895783043,0,-0.006103515625,0,566.4291554440799,0,0,0,0,0,3.16796875,,
78.84365000000001,,,,,0.0625,-0.708984375,-0.845703125,-0.07009562686070592,-3.946637150890327,0,-0.0086805559694767,0,566.63859495432,0,0,0,0,0,3.1796875,,
78.86764,,,,,-0.453125,-0.255859375,-1.072265625,-0.07049476122924929,-3.9656145729089767,0,-0.0048828125,0,567.16219372992,0,0,0,0,0,3.146484375,,
78.891065,,,,,0.6875,-0.533203125,-1.189453125,-0.07113828705927823,-3.978129994568869,0,0.0027901786379516125,0,567.47635299528,0,0,0,0,0,3.1640625,,
78.91817000000002,,,,,-0.125,-0.03515625,-1.34375,-0.07119276623062042,-3.9749258745906495,0,-0.003662109375,0,567.8952320157599,0,0,0,0,0,3.1484375,,
78.94089,,,,,-0.041015625,-1.322265625,-0.619140625,-0.07132337419362972,-3.975603255659869,0,-0.009765625,0,568.31411103624,0,0,0,0,0,3.169921875,,
78.966255,,,,,0.921875,-0.26953125,-1.41796875,-0.07092182024158375,-3.9737216415787002,0,0.00244140625,0,568.52355054648,0,0,0,0,0,3.158203125,,
78.99168,,,,,-0.21875,-0.34765625,-0.89453125,-0.070747913075356,-3.962851288229774,0,-0.00732421875,0,568.6282703016,0,0,0,0,0,3.181640625,,
79.01850000000002,,,,,-0.734375,0.04296875,-0.921875,-0.07114540210236295,-3.970022925899145,0,-0.0032552082557231188,0,569.0471493220799,0,0,0,0,0,3.173828125,,
79.042145,,,,,0.23828125,-0.6640625,-1.08984375,-0.07157730786032225,-3.972366879440259,0,-0.003662109375,0,569.36130858744,0,0,0,0,0,3.19921875,,
79.06904500000002,,,,,-0.412109375,-0.244140625,-1.2421875,-0.07199502533055775,-3.9773988530973283,0,-0.0146484375,0,569.98962711816,0,0,0,0,0,3.173828125,,
79.091095,,,,,0.625,-0.5,-0.78515625,-0.07194670338842338,-4.016342888537299,0,-0.0032552082557231188,0,570.1990666283999,0,0,0,0,0,3.189453125,,
79.11889,,,,,-0.5,-0.693359375,-0.76953125,-0.0719029688593846,-4.025869231828247,0,-0.0167410708963871,0,570.40850613864,0,0,0,0,0,3.16796875,,
79.144545,,,,,-0.009765625,-0.259765625,-1.12109375,-0.07131882288940028,-4.022503830643069,0,-0.013020833022892475,0,570.61794564888,0,0,0,0,0,3.1640625,,
79.16813499999999,,,,,0.2109375,-0.994140625,-0.8671875,-0.07152899970917949,-4.017934196445945,0,-0.00732421875,0,570.93210491424,0,0,0,0,0,3.16796875,,
79.19219500000001,,,,,0.5859375,-0.5859375,-1.02734375,-0.07277099209523555,-4.028041152081939,0,-0.00732421875,0,571.6651432000799,0,0,0,0,0,3.166015625,,
79.21799,,,,,-0.423828125,-0.3515625,-0.75,-0.07221880812707064,-4.028922822679974,0,-0.01220703125,0,572.08402222056,0,0,0,0,0,3.169921875,,
79.24293500000002,,,,,-0.048828125,0.12109375,-0.865234375,-0.07241708584083617,-4.035126773107599,0,0.0032552082557231188,0,572.5029012410399,0,0,0,0,0,3.142578125,,
79.26776000000001,,,,,0.8984375,-1.005859375,-0.97265625,-0.07210249057349795,-4.052502135137139,0,-0.003662109375,0,572.71234075128,0,0,0,0,0,3.181640625,,
79.29340499999999,,,,,0.5625,-0.921875,-1.22265625,-0.07186016744446067,-4.055082634448458,0,-0.00732421875,0,572.92178026152,0,0,0,0,0,3.1640625,,
79.318125,,,,,-1.07421875,-0.58984375,-0.56640625,-0.07179219940003302,-4.04623367222673,0,-0.011935763992369175,0,573.23593952688,0,0,0,0,0,3.1953125,,
79.34115500000001,,,,,0.048828125,0.193359375,-1.068359375,-0.0723843465170666,-4.043115568892221,0,-0.010986328125,0,573.6548185473599,0,0,0,0,0,3.17578125,,
79.36788500000002,,,,,-0.28125,-0.365234375,-1.205078125,-0.07243203482221502,-4.04952380884866,0,-0.009765625,0,573.9689778127199,0,0,0,0,0,3.189453125,,
79.39181500000001,,,,,0.25,-0.84765625,-0.80859375,-0.07263659564588629,-4.055362188540517,0,-0.0048828125,0,574.4925765883199,0,0,0,0,0,3.185546875,,
79.41858500000001,,,,,-0.76171875,0.01171875,-0.658203125,-0.07249499486698159,-4.051910770711629,0,-0.01220703125,0,574.9114556088,0,0,0,0,0,3.171875,,
79.44170000000001,,,,,0.412109375,-0.6328125,-1.291015625,-0.07243387396879511,-4.066920675039127,0,-0.002170138992369175,0,575.22561487416,0,0,0,0,0,3.193359375,,
79.46850500000001,,,,,-0.578125,-0.33984375,-0.34375,-0.07214397629313422,-4.059039400059144,0,0,0,575.6444938946399,0,0,0,0,0,3.169921875,,
79.49189,,,,,-0.21875,-0.828125,-1.115234375,-0.07252353390238178,-4.061609147289998,0,-0.008544921875,0,575.9586531599999,0,0,0,0,0,3.19921875,,
79.51863,,,,,0.048828125,0.0859375,-0.78125,-0.07287193815439226,-4.075006239547923,0,-0.008544921875,0,576.37753218048,0,0,0,0,0,3.197265625,,
79.54168500000002,,,,,0.5625,-0.779296875,-0.9453125,-0.07279627177768137,-4.079726402871541,0,-0.0032552082557231188,0,576.69169144584,0,0,0,0,0,3.19921875,,
79.56939000000001,,,,,-0.46875,-0.322265625,-1.201171875,-0.07289583728970242,-4.080016709044065,0,-0.006103515625,0,577.1105704663199,0,0,0,0,0,3.220703125,,
79.59149000000001,,,,,-0.51953125,-0.330078125,-1.095703125,-0.07265329495776297,-4.087672190334308,0,-0.01410590298473835,0,577.21529022144,0,0,0,0,0,3.201171875,,
79.61858000000001,,,,,0.5859375,-0.62109375,-0.900390625,-0.07246931002034905,-4.087672190334308,0,-0.0013950893189758062,0,577.4247297316799,0,0,0,0,0,3.224609375,,
79.64232500000001,,,,,0.125,-0.6953125,-1.484375,-0.07306278995381267,-4.08376918512594,0,-0.002170138992369175,0,578.15776801752,0,0,0,0,0,3.203125,,
79.668615,,,,,0.59375,-0.1796875,-0.60546875,-0.07356616488758375,-4.096295358866294,0,-0.0146484375,0,578.68136679312,0,0,0,0,0,3.212890625,,
79.69147,,,,,-0.041015625,-0.201171875,-0.853515625,-0.07325964960041093,-4.111090221584516,0,-0.0048828125,0,578.99552605848,0,0,0,0,0,3.224609375,,
79.71929500000002,,,,,0.361328125,-0.99609375,-1.3671875,-0.07293949225758345,-4.114735176861753,0,-0.0048828125,0,579.1002458135999,0,0,0,0,0,3.20703125,,
79.74439,,,,,-1,-0.15625,-0.45703125,-0.07304181315932382,-4.120315506622477,0,0.002170138992369175,0,579.30968532384,0,0,0,0,0,3.236328125,,
79.76858,,,,,0.173828125,-0.23046875,-0.791015625,-0.07311596173406422,-4.131917001442944,0,0,0,579.7285643443199,0,0,0,0,0,3.208984375,,
79.791885,,,,,0.724609375,-0.33984375,-1.099609375,-0.07381605071294822,-4.13688446261723,0,-0.009765625,0,580.2521631199199,0,0,0,0,0,3.203125,,
79.816655,,,,,-0.361328125,-0.521484375,-0.697265625,-0.07385093223325809,-4.1341319300184916,0,-0.01220703125,0,580.6710421404,0,0,0,0,0,3.224609375,,
79.84168000000001,,,,,-0.2734375,-0.0234375,-1.001953125,-0.07408087748565602,-4.123315337071884,0,-0.003662109375,0,581.1946409159999,0,0,0,0,0,3.201171875,,
79.869585,,,,,-0.375,-0.505859375,-1.03515625,-0.07429577447226575,-4.124584082566615,0,-0.006103515625,0,581.61351993648,0,0,0,0,0,3.224609375,,
79.89185,,,,,-0.041015625,-0.8359375,-0.689453125,-0.07414688503138651,-4.142690586067695,0,-0.009765625,0,582.13711871208,0,0,0,0,0,3.23828125,,
79.91677500000002,,,,,0.75,0.021484375,-1.11328125,-0.07391566706560403,-4.1499374883003135,0,-0.012555803172290325,0,582.55599773256,0,0,0,0,0,3.208984375,,
79.94195500000001,,,,,-1,0.12109375,-0.830078125,-0.0746261791469769,-4.160635808361818,0,0.003662109375,0,582.97487675304,0,0,0,0,0,3.22265625,,
79.968315,,,,,0.3125,-0.3203125,-0.7734375,-0.07472293512095196,-4.166173129800687,0,-0.0108506940305233,0,583.60319528376,0,0,0,0,0,3.220703125,,
79.993305,,,,,-0.36328125,0.025390625,-1.544921875,-0.07459149736397068,-4.174979083700559,0,-0.00732421875,0,583.812634794,0,0,0,0,0,3.201171875,,
80.01995,,,,,0.6875,-0.841796875,-0.689453125,-0.07431677119525532,-4.17208677405579,0,-0.00244140625,0,584.12679405936,0,0,0,0,0,3.236328125,,
80.041785,,,,,-0.0234375,-1.03125,-0.83984375,-0.07445769204009275,-4.16280772861551,0,0.002170138992369175,0,584.44095332472,0,0,0,0,0,3.216796875,,
80.06859500000002,,,,,-0.1484375,0.4296875,-0.86328125,-0.07493214107139053,-4.1743339588727295,0,0.00837053544819355,0,585.1739916105599,0,0,0,0,0,3.1953125,,
80.09180500000001,,,,,0.0625,-1.04296875,-0.47265625,-0.07616885566441543,-4.201149647549507,0,-0.013020833022892475,0,586.22118916176,0,0,0,0,0,3.220703125,,
80.119705,,,,,-0.484375,-0.416015625,-1.037109375,-0.0763358916827364,-4.209149195414592,0,0.003662109375,0,586.9542274475999,0,0,0,0,0,3.2109375,,
80.14165000000001,,,,,0.08203125,0.21875,-1.150390625,-0.07594279580836552,-4.23504020517148,0,0,0,587.4778262231999,0,0,0,0,0,3.1953125,,
80.16902499999999,,,,,0.3125,-0.939453125,-0.48828125,-0.07552958357298611,-4.243093513438884,0,0.0013950893189758062,0,588.0014249988,0,0,0,0,0,3.228515625,,
80.19182,,,,,-0.099609375,-0.9296875,-0.779296875,-0.07555275693256358,-4.22584717637491,0,0.002170138992369175,0,588.21086450904,0,0,0,0,0,3.216796875,,
80.21824000000001,,,,,-0.015625,-0.93359375,-1.365234375,-0.07571969700411227,-4.221954923247007,0,-0.00244140625,0,588.83918303976,0,0,0,0,0,3.203125,,
80.24279000000001,,,,,-0.65625,-0.4765625,-0.892578125,-0.0769624265750051,-4.227621269651442,0,-0.001220703125,0,589.5722213255999,0,0,0,0,0,3.240234375,,
80.27018500000001,,,,,-0.5,-0.921875,-0.84375,-0.07702140980523216,-4.231567283181665,0,-0.008544921875,0,590.4099793665599,0,0,0,0,0,3.23828125,,
80.29502000000001,,,,,-0.01171875,-0.392578125,-1.013671875,-0.07654497033628953,-4.260694669158164,0,-0.0087890625,0,590.82885838704,0,0,0,0,0,3.205078125,,
80.31961,,,,,0.349609375,-1.1796875,-0.5625,-0.07590689593068992,-4.287306068306128,0,-0.00244140625,0,591.1430176524,0,0,0,0,0,3.224609375,,
80.34246499999999,,,,,-0.486328125,-0.80859375,-0.404296875,-0.07572775846694241,-4.283682617189821,0,-0.00244140625,0,591.35245716264,0,0,0,0,0,3.244140625,,
80.36856000000002,,,,,-0.7734375,-0.4609375,-1.296875,-0.07651299931227562,-4.268683464942786,0,-0.009765625,0,591.8760559382399,0,0,0,0,0,3.2265625,,
80.39436500000001,,,,,-0.037109375,-1.267578125,-1.3359375,-0.07769203499120217,-4.261544083514807,0,-0.0010850694961845875,0,592.7138139791999,0,0,0,0,0,3.232421875,,
80.418615,,,,,-0.75,-1.10546875,-0.5703125,-0.07747875627945183,-4.261307537744603,0,-0.0146484375,0,593.34213250992,0,0,0,0,0,3.267578125,,
80.44409000000002,,,,,0.3984375,-0.267578125,-1.34375,-0.07736842023442153,-4.283123509005701,0,-0.001220703125,0,593.97045104064,0,0,0,0,0,3.271484375,,
80.46811,,,,,0.5625,-0.447265625,-0.896484375,-0.07681205305411193,-4.284994371006406,0,-0.0173611119389534,0,594.284610306,0,0,0,0,0,3.234375,,
80.50260500000002,,,,,-0.82421875,-0.736328125,-0.84375,-0.07680781785530645,-4.294649739262921,0,-0.015345982275903225,0,594.59876957136,0,0,0,0,0,3.255859375,,
80.52414999999999,,,,,-0.3125,-1.705078125,-0.49609375,-0.0773835440231698,-4.315519527443203,0,-0.0016276041278615594,0,595.3318078571999,0,0,0,0,0,3.294921875,,
80.546065,,,,,-0.01171875,0.048828125,-0.947265625,-0.07814147651531175,-4.317863480984316,0,-0.0032552082557231188,0,596.06484614304,0,0,0,0,0,3.28125,,
80.57294000000002,,,,,0.296875,-0.509765625,-0.8671875,-0.07794313988944447,-4.326712443206044,0,-0.00732421875,0,596.4837251635199,0,0,0,0,0,3.26171875,,
80.596065,,,,,-0.23828125,-1.099609375,-0.94140625,-0.07764184588006116,-4.319293507686005,0,-0.00434027798473835,0,596.7978844288799,0,0,0,0,0,3.28125,,
80.61828000000001,,,,,0.953125,-0.439453125,-0.33984375,-0.07714146739388388,-4.314949667178621,0,0,0,596.902604184,0,0,0,0,0,3.302734375,,
80.641975,,,,,0.298828125,-0.2890625,-1.07421875,-0.07717747866316937,-4.308154352325484,0,-0.0146484375,0,597.11204369424,0,0,0,0,0,3.27734375,,
80.66887000000001,,,,,0.13671875,-0.880859375,-1.056640625,-0.0773468183597748,-4.2943271768490066,0,-0.00732421875,0,597.53092271472,0,0,0,0,0,3.271484375,,
80.69467000000002,,,,,-0.6484375,0.291015625,-0.931640625,-0.07827029638008905,-4.3132615905458005,0,0,0,598.05452149032,0,0,0,0,0,3.30859375,,
80.719755,,,,,0.44921875,-1.283203125,-1.078125,-0.07852577969673459,-4.336109761531426,0,-0.009765625,0,598.57812026592,0,0,0,0,0,3.34375,,
80.741375,,,,,-0.224609375,-0.896484375,-0.439453125,-0.07835129874639958,-4.345915658914434,0,-0.0048828125,0,598.89227953128,0,0,0,0,0,3.33203125,,
80.76675000000002,,,,,0.234375,-0.9140625,-0.958984375,-0.07796990414475156,-4.3512701949854184,0,0.0013950893189758062,0,599.20643879664,0,0,0,0,0,3.3125,,
80.79133999999999,,,,,-0.041015625,-0.736328125,-0.71484375,-0.07812668522262406,-4.352442171755975,0,-0.001220703125,0,599.41587830688,0,0,0,0,0,3.31640625,,
80.81936000000002,,,,,-0.236328125,0.173828125,-0.875,-0.0780482824514039,-4.355818325021616,0,-0.00244140625,0,599.6253178171199,0,0,0,0,0,3.349609375,,
80.841355,,,,,0.1875,-1.228515625,-1.3203125,-0.07867207810939561,-4.367774638497387,0,-0.0126953125,0,600.2536363478399,0,0,0,0,0,3.3515625,,
80.86914500000002,,,,,0.359375,-0.712890625,-0.498046875,-0.07915214097759972,-4.374720482477019,0,-0.0013950893189758062,0,600.7772351234399,0,0,0,0,0,3.337890625,,
80.89146000000001,,,,,-0.46875,-1.103515625,-0.818359375,-0.07914110849497942,-4.371828172832251,0,-0.0010850694961845875,0,601.19611414392,0,0,0,0,0,3.314453125,,
80.91767000000002,,,,,-0.125,-0.626953125,-0.875,-0.07889746609782321,-4.386440250182586,0,0,0,601.4055536541599,0,0,0,0,0,3.330078125,,
80.94193500000002,,,,,0.11328125,-0.83984375,-0.6953125,-0.07870910321741655,-4.387637292740725,0,0.001220703125,0,601.71971291952,0,0,0,0,0,3.35546875,,
80.968255,,,,,0.3125,-0.671875,-1.19140625,-0.07883029219391731,-4.4131914263765815,0,-0.00244140625,0,601.9291524297599,0,0,0,0,0,3.341796875,,
80.99255500000001,,,,,0.13671875,-0.947265625,-0.859375,-0.07950675971962966,-4.421391702143826,0,-0.0032552082557231188,0,602.5574709604799,0,0,0,0,0,3.328125,,
81.01854500000002,,,,,-0.5234375,-0.35546875,-1.046875,-0.08007541594296791,-4.438050236408942,0,-0.00732421875,0,603.0810697360799,0,0,0,0,0,3.3125,,
81.04216500000001,,,,,0.923828125,-0.873046875,-0.494140625,-0.07995942305913352,-4.445612510601665,0,0.0010850694961845875,0,603.1857894912,0,0,0,0,0,3.3359375,,
81.07102499999999,,,,,-0.51171875,-0.3671875,-0.46484375,-0.07955295062909146,-4.446264825883303,0,-0.004185267724096775,0,603.60466851168,0,0,0,0,0,3.36328125,,
81.09352,,,,,0.5859375,-0.34375,-1.166015625,-0.07969551469123085,-4.4617191271364725,0,-0.00443892041221261,0,603.7093882667999,0,0,0,0,0,3.353515625,,
81.11813000000001,,,,,-0.0625,-0.9765625,-0.5625,-0.07969772954594677,-4.452146213897016,0,0.0016276041278615594,0,604.12826728728,0,0,0,0,0,3.337890625,,
81.14115000000001,,,,,-0.361328125,0.337890625,-1.119140625,-0.08052053272414815,-4.451339807862229,0,0.003662109375,0,604.65186606288,0,0,0,0,0,3.32421875,,
81.16875000000002,,,,,-0.359375,-0.79296875,-1.01171875,-0.08062144601207581,-4.451565601551969,0,0.001220703125,0,605.07074508336,0,0,0,0,0,3.3515625,,
81.19109000000002,,,,,-0.072265625,-0.791015625,-0.3671875,-0.08052583379828966,-4.451167774574808,0,0,0,605.59434385896,0,0,0,0,0,3.384765625,,
81.216905,,,,,0.359375,-1.14453125,-0.119140625,-0.08054125705165845,-4.456479302323936,0,-0.0069754463620483875,0,605.8037833692,0,0,0,0,0,3.39453125,,
81.24304000000001,,,,,0.32421875,0.1640625,-1.173828125,-0.08046063466450314,-4.459296347405459,0,-0.00434027798473835,0,606.11794263456,0,0,0,0,0,3.39453125,,
81.268875,,,,,-0.05078125,-0.7265625,-0.71484375,-0.08065205882682319,-4.475585749308152,0,0.0048828125,0,606.43210189992,0,0,0,0,0,3.373046875,,
81.29403500000001,,,,,0.423828125,-1.34375,-0.99609375,-0.0809086227305787,-4.5119528470634584,0,-0.0065104165114462376,0,606.95570067552,0,0,0,0,0,3.357421875,,
81.31955,,,,,-0.861328125,0.625,-0.703125,-0.0813477093242477,-4.538614444987088,0,-0.003662109375,0,607.4792994511199,0,0,0,0,0,3.38671875,,
81.34281000000001,,,,,0.349609375,-0.27734375,-0.796875,-0.0811390256266715,-4.537474724457923,0,-0.01627604104578495,0,607.79345871648,0,0,0,0,0,3.41796875,,
81.368555,,,,,0,-1.130859375,-1.171875,-0.08093104752616048,-4.536109210239017,0,-0.004185267724096775,0,608.21233773696,0,0,0,0,0,3.41796875,,
81.395295,,,,,-0.228515625,-0.658203125,-1.09765625,-0.08113293703487842,-4.542617780546284,0,0.00434027798473835,0,608.52649700232,0,0,0,0,0,3.416015625,,
81.41797500000001,,,,,0.162109375,-0.837890625,-1.02734375,-0.08110796277679407,-4.542452937712674,0,-0.00542534701526165,0,609.05009577792,0,0,0,0,0,3.373046875,,
81.44135,,,,,-0.5234375,-0.369140625,-0.662109375,-0.08185617802372326,-4.538442411699667,0,0.0013950893189758062,0,609.57369455352,0,0,0,0,0,3.34765625,,
81.46807000000001,,,,,-0.09375,-0.0546875,-1.5546875,-0.0821172675836829,-4.578472407266484,0,-0.0167410708963871,0,609.992573574,0,0,0,0,0,3.369140625,,
81.49385500000001,,,,,-0.166015625,-0.693359375,-0.857421875,-0.08179470871927218,-4.5336720496003835,0,-0.013020833022892475,0,610.41145259448,0,0,0,0,0,3.41015625,,
81.518875,,,,,0.88671875,-0.521484375,-1.3828125,-0.08142024913917056,-4.529776234845825,0,-0.00542534701526165,0,610.72561185984,0,0,0,0,0,3.44140625,,
81.546175,,,,,-0.4375,-0.8046875,-0.439453125,-0.08163722203684824,-4.53296960274358,0,-0.003662109375,0,610.83033161496,0,0,0,0,0,3.44140625,,
81.570845,,,,,0.037109375,0.296875,-1.576171875,-0.08173330639838984,-4.570763165573922,0,0.0032552082557231188,0,611.35393039056,0,0,0,0,0,3.435546875,,
81.59291000000002,,,,,-0.099609375,-0.966796875,-1.138671875,-0.08273313523314002,-4.589880364638601,0,-0.01220703125,0,612.0869686763999,0,0,0,0,0,3.396484375,,
81.61854500000001,,,,,0,0.5078125,-0.984375,-0.08282728166402586,-4.616394995062391,0,-0.0013950893189758062,0,612.71528720712,0,0,0,0,0,3.373046875,,
81.64214,,,,,0.861328125,-0.935546875,-1.69140625,-0.08251370595248346,-4.597643366733482,0,-0.00434027798473835,0,613.1341662276,0,0,0,0,0,3.36328125,,
81.671255,,,,,-0.974609375,0.287109375,-1.009765625,-0.08215419938200794,-4.59094482060452,0,-0.013950892724096775,0,613.2388859827199,0,0,0,0,0,3.400390625,,
81.695455,,,,,0.849609375,-0.78125,-0.9609375,-0.08235763355166009,-4.585317920895286,0,-0.001953125,0,613.5530452480799,0,0,0,0,0,3.443359375,,
81.71858499999999,,,,,-0.8125,-0.24609375,-0.916015625,-0.08230926955342699,-4.578311126059527,0,0.00244140625,0,613.86720451344,0,0,0,0,0,3.47265625,,
81.741015,,,,,0.44921875,-1.08203125,-1.38671875,-0.08337113912479308,-4.608782522094004,0,-0.009765625,0,614.60024279928,0,0,0,0,0,3.4765625,,
81.768155,,,,,-0.328125,0.17578125,-0.99609375,-0.08345228445797676,-4.6382539746453455,0,-0.003662109375,0,615.01912181976,0,0,0,0,0,3.478515625,,
81.79159000000001,,,,,-0.26953125,-0.23828125,-0.943359375,-0.08362082831529678,-4.634282895327541,0,-0.0032552082557231188,0,615.5427205953599,0,0,0,0,0,3.451171875,,
81.81983,,,,,0.15625,-0.412109375,-0.984375,-0.08308105690649933,-4.634426234000225,0,0.00244140625,0,615.7521601056,0,0,0,0,0,3.396484375,,
81.842425,,,,,0.40625,-0.138671875,-0.875,-0.0826700467130526,-4.639382943094048,0,-0.0010850694961845875,0,616.06631937096,0,0,0,0,0,3.3671875,,
81.868675,,,,,0.349609375,-0.54296875,-1.03125,-0.08278525493151141,-4.625695544663599,0,-0.01953125,0,616.2757588812,0,0,0,0,0,3.34765625,,
81.89133500000001,,,,,-0.69921875,0.09375,-0.65234375,-0.08356772682384167,-4.649077758045762,0,-0.007595486007630825,0,616.6946379016799,0,0,0,0,0,3.37109375,,
81.91723,,,,,-0.15625,0.291015625,-0.78125,-0.08325676901445377,-4.624233261720519,0,-0.0027901786379516125,0,617.11351692216,0,0,0,0,0,3.396484375,,
81.94096499999999,,,,,0.611328125,-1.28515625,-0.841796875,-0.0830522376468334,-4.626803008951373,0,-0.002170138992369175,0,617.63711569776,0,0,0,0,0,3.421875,,
81.97216000000002,,,,,-1.287109375,-0.029296875,-0.646484375,-0.0829932838651709,-4.627136323445752,0,-0.009765625,0,617.74183545288,0,0,0,0,0,3.453125,,
81.994955,,,,,0.462890625,-0.13671875,-0.921875,-0.08281958069220195,-4.633006959378999,0,-0.0078125,0,617.95127496312,0,0,0,0,0,3.451171875,,
82.019595,,,,,0.046875,-0.669921875,-0.625,-0.08283947049191034,-4.669295230944406,0,-0.0048828125,0,618.3701539836,0,0,0,0,0,3.42578125,,
82.04233500000001,,,,,-0.287109375,-0.068359375,-0.138671875,-0.08367340139392157,-4.688864017388566,0,-0.00244140625,0,618.8937527592,0,0,0,0,0,3.412109375,,
82.066565,,,,,0.265625,0.40234375,-1.30859375,-0.08401351880525924,-4.699175262553373,0,-0.01953125,0,619.3126317796799,0,0,0,0,0,3.41015625,,
82.09127500000001,,,,,0.1484375,-0.748046875,-0.642578125,-0.08375159871579976,-4.691691814550551,0,-0.010986328125,0,619.6267910450399,0,0,0,0,0,3.37890625,,
82.11844500000001,,,,,-0.2734375,-0.498046875,-0.46484375,-0.08358025268631807,-4.696971086058289,0,0,0,619.9409503104,0,0,0,0,0,3.337890625,,
82.14138,,,,,-0.423828125,-0.015625,-1.095703125,-0.08349574872325696,-4.708303778867159,0,-0.0010850694961845875,0,620.04567006552,0,0,0,0,0,3.298828125,,
82.16933000000002,,,,,0.486328125,-0.43359375,-1.017578125,-0.08334530086788336,-4.72956064194414,0,-0.009765625,0,620.4645490859999,0,0,0,0,0,3.259765625,,
82.191655,,,,,0.134765625,-0.828125,-0.5703125,-0.08466261098919149,-4.711654866345219,0,-0.0029296875,0,621.09286761672,0,0,0,0,0,3.228515625,,
82.21828500000001,,,,,0.15625,-1.048828125,-0.8203125,-0.08428594722795019,-4.723754518493674,0,-0.01116071455180645,0,621.3023071269599,0,0,0,0,0,3.22265625,,
82.242305,,,,,-0.8359375,0.38671875,-0.60546875,-0.08401850829507133,-4.7248404786205205,0,-0.013020833022892475,0,621.6164663923199,0,0,0,0,0,3.2265625,,
82.26818500000002,,,,,0.8984375,-0.7421875,-0.978515625,-0.08398414594015359,-4.716281822571316,0,-0.006103515625,0,621.82590590256,0,0,0,0,0,3.244140625,,
82.291315,,,,,0.322265625,-0.552734375,-0.501953125,-0.0843097618255921,-4.713238983800054,0,-0.009765625,0,622.0353454128,0,0,0,0,0,3.251953125,,
82.32293000000001,,,,,0.078125,-0.970703125,-0.4296875,-0.0845238798364057,-4.7175935763879036,0,-0.00732421875,0,622.5589441884,0,0,0,0,0,3.26171875,,
82.34516500000001,,,,,-0.53515625,-0.7265625,-0.5234375,-0.08445454596163843,-4.720120315296901,0,-0.00443892041221261,0,622.87310345376,0,0,0,0,0,3.28515625,,
82.371985,,,,,-0.078125,0.1484375,-0.7734375,-0.08427351947391191,-4.737710718935719,0,0,0,623.29198247424,0,0,0,0,0,3.318359375,,
82.393235,,,,,0.298828125,-0.36328125,-0.552734375,-0.08454897856155832,-4.73499044257837,0,-0.007595486007630825,0,623.39670222936,0,0,0,0,0,3.333984375,,
82.418575,,,,,-0.109375,-0.15234375,-1.044921875,-0.08405001029376723,-4.736743031693974,0,-0.0069754463620483875,0,623.6061417395999,0,0,0,0,0,3.33203125,,
82.44143000000001,,,,,-0.5,0.201171875,-0.88671875,-0.08410704037620886,-4.728109111081523,0,-0.00244140625,0,623.71086149472,0,0,0,0,0,3.318359375,,
82.46696,,,,,0.412109375,-0.76171875,-0.78125,-0.08438000648911345,-4.730474568783565,0,0.0069754463620483875,0,624.2344602703199,0,0,0,0,0,3.27734375,,
82.491945,,,,,-0.673828125,-1.3515625,-0.30078125,-0.08553956680241542,-4.747333830950841,0,-0.01519097201526165,0,624.6533392908,0,0,0,0,0,3.25,,
82.51811000000001,,,,,0.2734375,-0.8828125,-0.919921875,-0.08489735619728564,-4.772999047017988,0,0.00244140625,0,624.96749855616,0,0,0,0,0,3.220703125,,
82.544115,,,,,-0.125,-0.837890625,-0.234375,-0.0847504560055717,-4.77221414514413,0,0.0010850694961845875,0,625.28165782152,0,0,0,0,0,3.197265625,,
82.56951000000001,,,,,-0.01953125,-0.4609375,-0.671875,-0.08504511921934,-4.770149745695075,0,0.0048828125,0,625.7005368419999,0,0,0,0,0,3.15234375,,
82.59167,,,,,-0.19921875,0.318359375,-1.09375,-0.08505781034912727,-4.77769770618068,0,-0.0048828125,0,625.9099763522399,0,0,0,0,0,3.1015625,,
82.61863500000001,,,,,-0.3984375,-0.041015625,-0.041015625,-0.08514450137218568,-4.7886433240928525,0,-0.00244140625,0,626.32885537272,0,0,0,0,0,3.0703125,,
82.64227000000001,,,,,-0.03125,0.20703125,-0.564453125,-0.08616412836074484,-4.7824608778261535,0,0.0032552082557231188,0,626.8524541483199,0,0,0,0,0,3.037109375,,
82.66655,,,,,-0.099609375,0.60546875,-1.19140625,-0.08612138392396475,-4.7742140321104,0,-0.001220703125,0,627.3760529239199,0,0,0,0,0,3.0078125,,
82.691805,,,,,-0.236328125,-0.22265625,-0.02734375,-0.0859515184166382,-4.769182058453331,0,0,0,627.6902121892799,0,0,0,0,0,2.974609375,,
82.718145,,,,,-0.05078125,0.248046875,-0.65234375,-0.08557705716023177,-4.789546498851815,0,-0.008544921875,0,628.0043714546399,0,0,0,0,0,2.93359375,,
82.74127,,,,,-0.125,0.333984375,-0.734375,-0.08548202323667482,-4.800320083476565,0,-0.0032552082557231188,0,628.2138109648799,0,0,0,0,0,2.8984375,,
82.76692000000001,,,,,0.01171875,0.44140625,-0.853515625,-0.08575469462125301,-4.799578189924563,0,-0.0069754463620483875,0,628.63268998536,0,0,0,0,0,2.87109375,,
82.79240000000001,,,,,0.0625,0.224609375,-0.322265625,-0.08771166301793971,-4.797621311280146,0,-0.013020833022892475,0,629.78460729168,0,0,0,0,0,2.84765625,,
82.8186,,,,,0.08203125,0.25,-0.69921875,-0.08816227750063599,-4.827845409463955,0,0.001220703125,0,630.72708508776,0,0,0,0,0,2.806640625,,
82.843765,,,,,0.078125,0.189453125,-1.052734375,-0.08799646362020422,-4.84526377981535,0,-0.002170138992369175,0,631.4601233735999,0,0,0,0,0,2.759765625,,
82.867945,,,,,-0.15625,-0.732421875,-0.62890625,-0.08775969045945567,-4.88074564534597,0,-0.008544921875,0,632.08844190432,0,0,0,0,0,2.73046875,,
82.896555,,,,,0.236328125,-0.5234375,-1.0546875,-0.08722314871236747,-4.882541242783428,0,0.00244140625,0,632.40260116968,0,0,0,0,0,2.7109375,,
82.9188,,,,,-0.3984375,0.15625,-0.9140625,-0.08730467475265634,-4.865251897397599,0,-0.0068359375,0,632.82148019016,0,0,0,0,0,2.70703125,,
82.94631000000001,,,,,-0.3125,-0.306640625,-1.1328125,-0.08845482990038653,-4.84804856865548,0,-0.009765625,0,633.554518476,0,0,0,0,0,2.70703125,,
82.96895500000001,,,,,-0.17578125,0.08984375,-0.525390625,-0.08802727473360887,-4.857134076647412,0,-0.011935763992369175,0,633.86867774136,0,0,0,0,0,2.724609375,,
82.99260500000001,,,,,0.875,-0.654296875,-0.978515625,-0.08846021718101477,-4.865316409880382,0,-0.0013950893189758062,0,634.49699627208,0,0,0,0,0,2.759765625,,
83.01821500000001,,,,,-0.57421875,-0.1171875,-0.75390625,-0.08833749183526848,-4.8985940989159165,0,-0.00732421875,0,634.9158752925599,0,0,0,0,0,2.78515625,,
83.04231500000002,,,,,-0.265625,-0.662109375,-1.00390625,-0.08764139319175411,-4.913324449151356,0,-0.0086805559694767,0,634.9158752925599,0,0,0,0,0,2.802734375,,
83.06835000000001,,,,,0.375,-0.3828125,-0.9375,-0.08783322203545572,-4.926560260202324,0,-0.012555803172290325,0,635.4394740681599,0,0,0,0,0,2.82421875,,
83.09119500000001,,,,,-0.375,0.28515625,-0.87890625,-0.08897132797458698,-4.935398470343587,0,-0.002170138992369175,0,635.96307284376,0,0,0,0,0,2.841796875,,
83.11913,,,,,0.4609375,-1.12890625,-0.830078125,-0.08923095719854525,-4.94561294678422,0,-0.0048828125,0,636.48667161936,0,0,0,0,0,2.849609375,,
83.14165500000001,,,,,-0.447265625,-0.1875,-0.859375,-0.08877415078145416,-4.9249689522936775,0,-0.007595486007630825,0,636.80083088472,0,0,0,0,0,2.845703125,,
83.16886500000001,,,,,-0.3125,0.080078125,-0.751953125,-0.08820946685649127,-4.932377135733252,0,-0.012555803172290325,0,636.9055506398399,0,0,0,0,0,2.818359375,,
83.191455,,,,,-0.048828125,-0.140625,-0.8203125,-0.08861793611431834,-4.963601177400197,0,0.00542534701526165,0,637.2197099051999,0,0,0,0,0,2.78515625,,
83.21682000000001,,,,,-0.0234375,-0.57421875,-0.404296875,-0.08861754496883119,-4.95584892738578,0,0,0,637.5338691705599,0,0,0,0,0,2.7421875,,
83.24320500000002,,,,,0.0234375,-0.16796875,-1.376953125,-0.08927834720253598,-4.949741745682329,0,-0.00434027798473835,0,638.0574679461599,0,0,0,0,0,2.71875,,
83.26991000000001,,,,,0.0625,-0.28125,-0.525390625,-0.08971472140336136,-4.952892105258229,0,-0.011935763992369175,0,638.58106672176,0,0,0,0,0,2.69140625,,
83.29232499999999,,,,,-0.09375,-0.1875,-1.005859375,-0.09013495937289591,-4.962117390296189,0,-0.010986328125,0,639.10466549736,0,0,0,0,0,2.666015625,,
83.32061999999999,,,,,-0.140625,-0.05078125,-1.150390625,-0.08912477845249493,-4.984933305040425,0,-0.013427734375,0,639.2093852524799,0,0,0,0,0,2.658203125,,
83.34204500000001,,,,,0.197265625,-0.48046875,-1.10546875,-0.0888621162091745,-4.979750802256862,0,-0.0032552082557231188,0,639.2093852524799,0,0,0,0,0,2.677734375,,
83.36880000000001,,,,,0.015625,-0.65234375,-0.798828125,-0.08889267583134479,-4.979826066820109,0,-0.0027901786379516125,0,639.62826427296,0,0,0,0,0,2.69921875,,
83.3908,,,,,0.166015625,-0.359375,-0.71484375,-0.09023927144032269,-4.975331697186229,0,-0.01627604104578495,0,640.15186304856,0,0,0,0,0,2.712890625,,
83.42354,,,,,0.171875,-1.375,-0.7109375,-0.09042083868573847,-4.967450422206246,0,-0.005580357275903225,0,640.6754618241599,0,0,0,0,0,2.720703125,,
83.44394500000001,,,,,0,-0.3125,-0.99609375,-0.08993813524656266,-4.964034889445908,0,-0.0008877841173671186,0,640.9896210895199,0,0,0,0,0,2.712890625,,
83.46853500000002,,,,,0.140625,-0.541015625,-0.556640625,-0.09017666311197686,-5.000298028023229,0,-0.01116071455180645,0,641.5132198651199,0,0,0,0,0,2.677734375,,
83.49341500000001,,,,,-0.412109375,-0.333984375,-1.34375,-0.09014966588523486,-5.020856005870061,0,-0.010986328125,0,641.8273791304799,0,0,0,0,0,2.654296875,,
83.51838000000001,,,,,0.109375,-0.37109375,-0.552734375,-0.0902495966595235,-5.043059052027858,0,-0.001220703125,0,642.1415383958399,0,0,0,0,0,2.630859375,,
83.54102999999999,,,,,0.03125,-0.216796875,-1.154296875,-0.09040630768881586,-5.049596316949863,0,-0.009765625,0,642.56041741632,0,0,0,0,0,2.623046875,,
83.57361000000002,,,,,0.515625,-0.34765625,-0.974609375,-0.09057277206223661,-5.018598068972658,0,0.004185267724096775,0,642.87457668168,0,0,0,0,0,2.630859375,,
83.59489500000001,,,,,-0.705078125,-0.478515625,-1.044921875,-0.09024420771254095,-4.993008117468756,0,-0.006214488763362169,0,643.2934557021599,0,0,0,0,0,2.662109375,,
83.619955,,,,,0.3125,-0.6796875,-0.701171875,-0.09059894710357143,-4.993008117468756,0,-0.00837053544819355,0,643.6076149675199,0,0,0,0,0,2.685546875,,
83.64185,,,,,-0.099609375,-1.06640625,-0.71875,-0.09054328568128663,-5.006803036703843,0,0.0032552082557231188,0,643.8170544777599,0,0,0,0,0,2.6875,,
83.66668000000001,,,,,-0.046875,-0.25390625,-1.02734375,-0.09031648531773548,-5.020597955938929,0,0.0032552082557231188,0,644.1312137431199,0,0,0,0,0,2.66796875,,
83.6911,,,,,-0.26171875,-0.642578125,-0.94921875,-0.09109098675492884,-5.037317441060175,0,-0.0010850694961845875,0,644.65481251872,0,0,0,0,0,2.63671875,,
83.717,,,,,-0.099609375,-0.197265625,-0.62109375,-0.09135365184303901,-5.0540476782618855,0,-0.006103515625,0,645.17841129432,0,0,0,0,0,2.6328125,,
83.74373000000001,,,,,0.125,-0.9375,-0.912109375,-0.09130648484002542,-5.059326949769623,0,-0.00732421875,0,645.70201006992,0,0,0,0,0,2.642578125,,
83.78174,,,,,0.4375,-0.5078125,-1.015625,-0.0913591820955624,-5.061778424115375,0,-0.0065104165114462376,0,646.1208890903999,0,0,0,0,0,2.6640625,,
83.80398000000001,,,,,-0.3828125,-0.138671875,-1.056640625,-0.09116426155805539,-5.06321207964422,0,-0.015024038031697273,0,646.53976811088,0,0,0,0,0,2.693359375,,
83.8248,,,,,-0.609375,-0.84375,-0.986328125,-0.09126787609988402,-5.078960248696566,0,-0.00837053544819355,0,647.1680866416,0,0,0,0,0,2.701171875,,
83.846035,,,,,0.375,-0.8203125,-0.666015625,-0.09221662097991036,-5.078960248696566,0,-0.004185267724096775,0,647.5869656620799,0,0,0,0,0,2.685546875,,
83.874035,,,,,-0.28125,-0.2578125,-0.865234375,-0.09206710526044318,-5.082314897801279,0,-0.0027901786379516125,0,648.00584468256,0,0,0,0,0,2.669921875,,
83.89842999999999,,,,,-0.17578125,-0.16796875,-1.3828125,-0.09117352996163969,-5.088486591987514,0,-0.011935763992369175,0,648.2152841927999,0,0,0,0,0,2.671875,,
83.92120000000001,,,,,0.82421875,-1.267578125,-1.43359375,-0.09089046827328269,-5.080250498352225,0,0.006103515625,0,648.42472370304,0,0,0,0,0,2.6796875,,
83.94188,,,,,-0.5625,-0.1953125,-1.56640625,-0.09100454983023613,-5.070358584325506,0,-0.006103515625,0,648.52944345816,0,0,0,0,0,2.69921875,,
83.97242000000001,,,,,0.25,-0.75390625,-0.615234375,-0.0913761604482474,-5.070089782313912,0,-0.0016276041278615594,0,648.84360272352,0,0,0,0,0,2.701171875,,
83.99419999999999,,,,,-0.21875,-0.20703125,-0.5859375,-0.09216544034790843,-5.110076769558873,0,-0.009765625,0,649.47192125424,0,0,0,0,0,2.6953125,,
84.02401,,,,,-0.1875,-0.6171875,-1.01953125,-0.09220613757414896,-5.136354854212458,0,-0.009765625,0,649.7860805196,0,0,0,0,0,2.65625,,
84.046495,,,,,-0.361328125,-0.357421875,-0.80078125,-0.09178317175196059,-5.173449531812651,0,-0.0029296875,0,649.99552002984,0,0,0,0,0,2.642578125,,
84.07032500000001,,,,,0.82421875,-0.47265625,-1.005859375,-0.09208909806784171,-5.153300133023445,0,-0.0069754463620483875,0,650.41439905032,0,0,0,0,0,2.658203125,,
84.09355000000001,,,,,-0.44921875,-0.109375,-1.06640625,-0.0919840279213774,-5.144225377111978,0,-0.00732421875,0,650.5191188054399,0,0,0,0,0,2.681640625,,
84.12467,,,,,-0.0625,-1.0625,-0.65625,-0.09196783021330707,-5.14617150367593,0,-0.005580357275903225,0,650.8332780707999,0,0,0,0,0,2.677734375,,
84.14614000000002,,,,,-0.009765625,-0.38671875,-0.8046875,-0.09253765443624999,-5.1652564464992174,0,-0.001953125,0,651.14743733616,0,0,0,0,0,2.65625,,
84.16865000000001,,,,,-0.125,0.3515625,-1.236328125,-0.09262582576124191,-5.188932527680557,0,-0.01220703125,0,651.46159660152,0,0,0,0,0,2.65234375,,
84.19127499999999,,,,,0.224609375,-0.681640625,-1.248046875,-0.0922394599594091,-5.179976044654192,0,-0.00837053544819355,0,651.6710361117599,0,0,0,0,0,2.65625,,
84.224305,,,,,-0.140625,-0.923828125,-0.96875,-0.09255625440143142,-5.179976044654192,0,0.0013950893189758062,0,652.08991513224,0,0,0,0,0,2.67578125,,
84.247955,,,,,-0.365234375,-0.26171875,-0.576171875,-0.0924797814044832,-5.178771811642244,0,-0.00532670458778739,0,652.29935464248,0,0,0,0,0,2.697265625,,
84.270405,,,,,0.26171875,-0.9921875,-0.63671875,-0.0925955105345832,-5.174503235698107,0,-0.006103515625,0,652.8229534180799,0,0,0,0,0,2.677734375,,
84.292155,,,,,-0.421875,-0.51953125,-0.626953125,-0.09332433688751395,-5.1995555831788165,0,0.0027901786379516125,0,653.3465521936799,0,0,0,0,0,2.666015625,,
84.31756500000002,,,,,0.173828125,-0.63671875,-1.638671875,-0.09345689964466836,-5.208436801641935,0,-0.0027901786379516125,0,653.76543121416,0,0,0,0,0,2.671875,,
84.34071500000002,,,,,-0.140625,-0.9453125,-0.751953125,-0.0934892156598792,-5.21722125138088,0,-0.00434027798473835,0,654.18431023464,0,0,0,0,0,2.6953125,,
84.36847000000002,,,,,-0.423828125,0.12890625,-0.861328125,-0.0932597678302988,-5.218350219829581,0,-0.004185267724096775,0,654.39374974488,0,0,0,0,0,2.70703125,,
84.39426,,,,,0.15625,-0.701171875,-0.95703125,-0.09309436924483294,-5.225102526360862,0,-0.0065104165114462376,0,654.60318925512,0,0,0,0,0,2.697265625,,
84.41995000000001,,,,,-0.0859375,-0.14453125,-0.671875,-0.09306306350547675,-5.228898010764592,0,-0.00434027798473835,0,654.91734852048,0,0,0,0,0,2.671875,,
84.444585,,,,,0.44921875,-1.009765625,-1.2890625,-0.093830358201282,-5.2484883013696795,0,0.0032552082557231188,0,655.5456670512,0,0,0,0,0,2.6875,,
84.46855500000001,,,,,-0.224609375,0.029296875,-0.978515625,-0.09423953423963169,-5.279002705726013,0,-0.003662109375,0,655.9645460716799,0,0,0,0,0,2.70703125,,
84.49102,,,,,-0.1875,-0.734375,-0.701171875,-0.09404171606608752,-5.283486323279427,0,-0.0027901786379516125,0,656.2787053370399,0,0,0,0,0,2.701171875,,
84.5188,,,,,-0.015625,-0.369140625,-0.705078125,-0.09338525807085568,-5.254348185222464,0,-0.0069754463620483875,0,656.38342509216,0,0,0,0,0,2.681640625,,
84.54345500000001,,,,,-0.20703125,-0.0703125,-1.001953125,-0.09355615144566135,-5.243538715529164,0,-0.0078125,0,656.69758435752,0,0,0,0,0,2.681640625,,
84.56904,,,,,0.4375,-0.775390625,-1.07421875,-0.09407334559184101,-5.229467871029175,0,-0.0069754463620483875,0,656.90702386776,0,0,0,0,0,2.71484375,,
84.59902000000001,,,,,-0.19921875,0.2109375,-0.953125,-0.09426326262330063,-5.260197316994784,0,-0.0065104165114462376,0,657.32590288824,0,0,0,0,0,2.7265625,,
84.622415,,,,,0.11328125,-0.443359375,-1.185546875,-0.09488159831500753,-5.292195508455124,0,-0.001953125,0,657.84950166384,0,0,0,0,0,2.705078125,,
84.64441000000001,,,,,-0.03125,-0.16015625,-1.021484375,-0.09505065588333443,-5.3152372168890984,0,-0.008544921875,0,658.37310043944,0,0,0,0,0,2.6953125,,
84.66839500000002,,,,,-0.375,-0.037109375,-1.03515625,-0.09518534229723498,-5.3165382186252215,0,0.005580357275903225,0,658.47782019456,0,0,0,0,0,2.703125,,
84.691175,,,,,0.1875,-0.83203125,-1.220703125,-0.09498197320713882,-5.310172986990638,0,-0.008544921875,0,658.6872597048,0,0,0,0,0,2.7265625,,
84.71953500000001,,,,,0.224609375,-0.4375,-0.623046875,-0.09522643542278723,-5.319097213775612,0,-0.005580357275903225,0,659.00141897016,0,0,0,0,0,2.72265625,,
84.743505,,,,,-0.46875,-0.337890625,-0.732421875,-0.09536048571703844,-5.326265222617826,0,-0.001953125,0,659.4202979906399,0,0,0,0,0,2.712890625,,
84.76869,,,,,0.361328125,-0.875,-1.3515625,-0.09549897428882478,-5.329849294239436,0,-0.009765625,0,659.7344572559999,0,0,0,0,0,2.732421875,,
84.79288000000001,,,,,-0.44921875,0.09375,-0.9375,-0.09536481224453473,-5.3442140737391055,0,-0.0048828125,0,659.94389676624,0,0,0,0,0,2.76171875,,
84.819905,,,,,0.390625,-0.576171875,-1.083984375,-0.09535762416238652,-5.337175089862456,0,-0.002170138992369175,0,659.94389676624,0,0,0,0,0,2.755859375,,
84.84329500000001,,,,,-0.041015625,-0.517578125,-0.91796875,-0.09515279746911919,-5.324387237363813,0,-0.00542534701526165,0,660.2580560316,0,0,0,0,0,2.7421875,,
84.86836500000001,,,,,-0.63671875,-0.12109375,-0.9296875,-0.09579864740626691,-5.31554902722255,0,-0.0027901786379516125,0,660.67693505208,0,0,0,0,0,2.759765625,,
84.892195,,,,,0.162109375,-0.89453125,-1.041015625,-0.09638334484997024,-5.346601035602074,0,-0.006103515625,0,661.09581407256,0,0,0,0,0,2.76953125,,
84.91757500000001,,,,,-0.15625,-0.505859375,-0.537109375,-0.09619860373999578,-5.347730004050775,0,0.003662109375,0,661.7241326032799,0,0,0,0,0,2.7421875,,
84.941295,,,,,-0.26953125,0.2421875,-1.32421875,-0.0959162312556031,-5.3562564038585885,0,-0.006103515625,0,661.93357211352,0,0,0,0,0,2.740234375,,
84.96686,,,,,-0.046875,-0.298828125,-1.005859375,-0.09592075454489228,-5.366470880299222,0,-0.001220703125,0,662.14301162376,0,0,0,0,0,2.751953125,,
84.99144,,,,,0.236328125,-0.96484375,-1.02734375,-0.09576971912190607,-5.367449319621429,0,0,0,662.3524511339999,0,0,0,0,0,2.7578125,,
85.01686,,,,,0.01171875,-0.44921875,-1.16796875,-0.09601196802842236,-5.368578288070131,0,-0.008544921875,0,662.8760499095999,0,0,0,0,0,2.736328125,,
85.04257500000001,,,,,-0.375,0.001953125,-0.728515625,-0.09657985896503882,-5.368728817196624,0,-0.01410590298473835,0,663.5043684403199,0,0,0,0,0,2.734375,,
85.070065,,,,,0.134765625,-0.4765625,-1.1328125,-0.09684534546320119,-5.383943011052935,0,0.003662109375,0,663.8185277056799,0,0,0,0,0,2.759765625,,
85.09311500000001,,,,,0.099609375,-0.99609375,-0.6484375,-0.09630794944260061,-5.39720032626483,0,-0.0065104165114462376,0,664.13268697104,0,0,0,0,0,2.73046875,,
85.12392000000001,,,,,-0.21875,-0.234375,-0.94140625,-0.09619876642017,-5.40735029022268,0,-0.006103515625,0,664.55156599152,0,0,0,0,0,2.71484375,,
85.14551000000002,,,,,0.4375,-0.5078125,-1.373046875,-0.09631856632265216,-5.388147074514291,0,-0.005859375,0,664.76100550176,0,0,0,0,0,2.73828125,,
85.171535,,,,,-0.390625,-0.35546875,-0.494140625,-0.09701311415275064,-5.388190082836146,0,0,0,665.2846042773599,0,0,0,0,0,2.740234375,,
85.19322,,,,,0.2109375,-0.25390625,-1.1328125,-0.09745763884522378,-5.408576027395556,0,-0.009765625,0,665.8082030529599,0,0,0,0,0,2.712890625,,
85.21627000000001,,,,,0.328125,-0.037109375,-1.0625,-0.0975424881195929,-5.4291447573228515,0,-0.0069754463620483875,0,666.33180182856,0,0,0,0,0,2.72265625,,
85.24132,,,,,-0.5,-0.1015625,-1.30078125,-0.09727215866137237,-5.446358838145434,0,-0.012555803172290325,0,666.4365215836799,0,0,0,0,0,2.740234375,,
85.26799000000001,,,,,-0.1875,-0.94140625,-0.658203125,-0.0969383362244604,-5.446358838145434,0,0.006103515625,0,666.6459610939199,0,0,0,0,0,2.7265625,,
85.292865,,,,,0.236328125,-0.474609375,-0.94140625,-0.09690874368236677,-5.415356961341073,0,-0.002170138992369175,0,666.85540060416,0,0,0,0,0,2.728515625,,
85.31805,,,,,-0.111328125,-0.23046875,-0.8515625,-0.09663817506649555,-5.396651970161175,0,-0.007595486007630825,0,667.0648401144,0,0,0,0,0,2.740234375,,
85.34125999999999,,,,,0.125,-0.6640625,-0.58984375,-0.09726788784654805,-5.411468337040325,0,-0.001220703125,0,667.48371913488,0,0,0,0,0,2.732421875,,
85.36873500000002,,,,,0.07421875,-0.2421875,-1.556640625,-0.0977173787626955,-5.426532001770142,0,-0.005580357275903225,0,667.7978784002399,0,0,0,0,0,2.736328125,,
85.39134500000002,,,,,0.134765625,-0.560546875,-1.103515625,-0.09738599583778679,-5.455526733953919,0,-0.0086805559694767,0,668.1120376655999,0,0,0,0,0,2.765625,,
85.419125,,,,,-0.296875,-0.373046875,-0.802734375,-0.09725200479530483,-5.46541152472733,0,-0.013427734375,0,668.4261969309599,0,0,0,0,0,2.759765625,,
85.44103000000001,,,,,-0.478515625,-0.103515625,-1.611328125,-0.09718541611085806,-5.498248378463848,0,-0.0010850694961845875,0,668.7403561963199,0,0,0,0,0,2.74609375,,
85.47694,,,,,0.203125,-0.798828125,-1.337890625,-0.09832692578970159,-5.5195805061040755,0,0,0,669.2639549719199,0,0,0,0,0,2.7578125,,
85.49865000000001,,,,,-0.177734375,-0.638671875,-0.763671875,-0.09806042634610516,-5.50813316923726,0,-0.0048828125,0,669.78755374752,0,0,0,0,0,2.75,,
85.52042999999999,,,,,0.44921875,-0.92578125,-1.36328125,-0.09826362706398341,-5.48177619119327,0,-0.0069754463620483875,0,670.31115252312,0,0,0,0,0,2.740234375,,
85.54564500000001,,,,,-0.1875,-0.908203125,-1.072265625,-0.09840360839205754,-5.4840341280906735,0,-0.0069754463620483875,0,670.52059203336,0,0,0,0,0,2.7578125,,
85.56912500000001,,,,,-0.173828125,-0.3125,-1.25390625,-0.09797972512829989,-5.476819482099447,0,-0.011935763992369175,0,670.7300315435999,0,0,0,0,0,2.7578125,,
85.59187000000001,,,,,-0.5625,-0.509765625,-0.75,-0.09836846254024914,-5.469604836108221,0,-0.0027901786379516125,0,671.46306982944,0,0,0,0,0,2.763671875,,
85.617585,,,,,0.21875,-0.77734375,-1.623046875,-0.10007917135069412,-5.4798730729511735,0,-0.0048828125,0,672.3008278704,0,0,0,0,0,2.783203125,,
85.64135499999999,,,,,0.111328125,-0.986328125,-0.755859375,-0.10006972129172015,-5.523967354933316,0,-0.008544921875,0,673.13858591136,0,0,0,0,0,2.78125,,
85.66800500000001,,,,,0,-0.521484375,-1.072265625,-0.09954590676831283,-5.536988124375006,0,-0.00732421875,0,673.55746493184,0,0,0,0,0,2.771484375,,
85.69308,,,,,-0.26171875,-0.05078125,-0.775390625,-0.09917849857787794,-5.54157926273306,0,-0.002170138992369175,0,673.8716241971999,0,0,0,0,0,2.798828125,,
85.71776000000001,,,,,-0.224609375,-0.765625,-0.61328125,-0.09948278453621937,-5.566309047799855,0,0,0,674.1857834625599,0,0,0,0,0,2.78125,,
85.74202500000001,,,,,0.38671875,-0.435546875,-1.578125,-0.09936428892740704,-5.56758854537505,0,-0.006103515625,0,674.4999427279199,0,0,0,0,0,2.79296875,,
85.76813,,,,,-0.25,-0.083984375,-0.84375,-0.099400277165749,-5.567126205915105,0,-0.00244140625,0,674.9188217484,0,0,0,0,0,2.810546875,,
85.79154000000001,,,,,-0.099609375,-0.3984375,-0.693359375,-0.10013404381421676,-5.584092988887019,0,-0.007595486007630825,0,675.442420524,0,0,0,0,0,2.791015625,,
85.817755,,,,,0.2734375,-0.70703125,-1.41796875,-0.09979218176944697,-5.584146749289339,0,0.0027901786379516125,0,675.86129954448,0,0,0,0,0,2.806640625,,
85.84292500000001,,,,,-0.1875,-0.349609375,-0.732421875,-0.09981739067896842,-5.584200509691658,0,-0.0065104165114462376,0,676.1754588098399,0,0,0,0,0,2.802734375,,
85.86857499999999,,,,,-0.625,-0.15234375,-0.853515625,-0.0997715327246804,-5.590060393544442,0,-0.006103515625,0,676.59433783032,0,0,0,0,0,2.783203125,,
85.89160500000001,,,,,0.3359375,-1.2265625,-0.7734375,-0.09918999037301163,-5.577813773896147,0,-0.0010850694961845875,0,676.8037773405599,0,0,0,0,0,2.79296875,,
85.91838,,,,,0.0234375,-0.658203125,-0.953125,-0.09979945951516479,-5.571491550583418,0,-0.005580357275903225,0,677.5368156264,0,0,0,0,0,2.779296875,,
85.94272,,,,,-0.14453125,-0.2890625,-1.0703125,-0.10055776082496887,-5.592984959430602,0,-0.007595486007630825,0,677.9556946468799,0,0,0,0,0,2.796875,,
85.96856000000001,,,,,-0.34375,-0.513671875,-0.32421875,-0.100404669658307,-5.623832678281313,0,-0.009765625,0,678.37457366736,0,0,0,0,0,2.798828125,,
85.99183000000001,,,,,0.1875,-0.486328125,-1.580078125,-0.10017259957698064,-5.638100689056808,0,-0.003662109375,0,678.68873293272,0,0,0,0,0,2.80078125,,
86.01883000000001,,,,,-0.13671875,0.171875,-0.986328125,-0.10004952774395513,-5.652368699832302,0,-0.003662109375,0,679.00289219808,0,0,0,0,0,2.82421875,,
86.04192,,,,,0.11328125,-0.62109375,-0.830078125,-0.1000059216902372,-5.622069337085246,0,-0.00434027798473835,0,679.31705146344,0,0,0,0,0,2.814453125,,
86.06755,,,,,-0.0625,-0.1953125,-1.119140625,-0.09996252773119023,-5.628574345765859,0,-0.0048828125,0,679.52649097368,0,0,0,0,0,2.8203125,,
86.09283,,,,,-0.1484375,-0.322265625,-0.693359375,-0.10048354291973935,-5.635079354446473,0,-0.009765625,0,680.1548095044,0,0,0,0,0,2.8125,,
86.11924,,,,,-0.787109375,0.359375,-1.02734375,-0.10059835333240945,-5.620488781257064,0,0.001220703125,0,680.46896876976,0,0,0,0,0,2.802734375,,
86.14216000000002,,,,,0.166015625,-0.712890625,-1.2265625,-0.10017457149226817,-5.598436264225761,0,-0.0086805559694767,0,680.78312803512,0,0,0,0,0,2.828125,,
86.16907499999999,,,,,0.046875,-0.916015625,-0.98046875,-0.10006027334200807,-5.61201614185157,0,-0.006103515625,0,681.0972873004799,0,0,0,0,0,2.81640625,,
86.19201000000001,,,,,-0.3359375,0.0625,-0.966796875,-0.10075285711555067,-5.650906416889223,0,-0.0048828125,0,681.62088607608,0,0,0,0,0,2.818359375,,
86.21896500000001,,,,,-0.037109375,-1.267578125,-0.611328125,-0.10075637152262022,-5.698688662470456,0,-0.009765625,0,681.93504534144,0,0,0,0,0,2.806640625,,
86.24366500000001,,,,,0.224609375,-0.755859375,-0.990234375,-0.10101379966788161,-5.721214271042168,0,0.002170138992369175,0,682.5633638721599,0,0,0,0,0,2.80859375,,
86.26818,,,,,-0.33203125,-0.6953125,-0.787109375,-0.10157109497082302,-5.709290213807787,0,-0.010986328125,0,682.8775231375199,0,0,0,0,0,2.814453125,,
86.29180500000001,,,,,0.3359375,-0.609375,-1.34765625,-0.10123851128512275,-5.697172619125057,0,-0.003662109375,0,683.08696264776,0,0,0,0,0,2.8125,,
86.319185,,,,,-0.265625,0.263671875,-0.64453125,-0.10058672497551534,-5.6691204411949405,0,-0.00244140625,0,683.08696264776,0,0,0,0,0,2.82421875,,
86.34199500000001,,,,,0.25,-0.365234375,-1.00390625,-0.10080785710991987,-5.67913062810676,0,-0.0065104165114462376,0,683.50584166824,0,0,0,0,0,2.802734375,,
86.369375,,,,,-0.1875,0.076171875,-1.013671875,-0.10162803409048912,-5.70679573114018,0,-0.0013950893189758062,0,683.92472068872,0,0,0,0,0,2.810546875,,
86.39127500000001,,,,,0.1875,-0.775390625,-0.953125,-0.1016552835340429,-5.721182014800776,0,-0.0086805559694767,0,684.3435997091999,0,0,0,0,0,2.798828125,,
86.41858500000001,,,,,-0.0625,-0.462890625,-1.439453125,-0.10160600543936384,-5.739449799508813,0,-0.004185267724096775,0,684.8671984847999,0,0,0,0,0,2.806640625,,
86.44127499999999,,,,,-0.2734375,-0.021484375,-0.884765625,-0.10188082090203616,-5.718752044615951,0,-0.01519097201526165,0,685.1813577501599,0,0,0,0,0,2.798828125,,
86.47825999999999,,,,,-0.4609375,-0.546875,-1.064453125,-0.10177067485402398,-5.711623415268437,0,-0.009765625,0,685.4955170155199,0,0,0,0,0,2.794921875,,
86.49906000000001,,,,,0.205078125,-0.810546875,-0.646484375,-0.10173327804109773,-5.70028709363241,0,0,0,686.0191157911199,0,0,0,0,0,2.798828125,,
86.52013500000001,,,,,-0.390625,-0.3046875,-1.65625,-0.10225583574890977,-5.7081182370372305,0,-0.0069754463620483875,0,686.54271456672,0,0,0,0,0,2.79296875,,
86.54300500000001,,,,,0.453125,-0.72265625,-0.841796875,-0.10238331687750539,-5.71877354877688,0,-0.01116071455180645,0,686.9615935872,0,0,0,0,0,2.806640625,,
86.57212500000001,,,,,-0.3984375,-0.26171875,-0.6484375,-0.1021030364695735,-5.71877354877688,0,-0.0013950893189758062,0,687.1710330974399,0,0,0,0,0,2.80859375,,
86.593565,,,,,0.26953125,-0.70703125,-1.33203125,-0.10195542427065968,-5.737460664623006,0,-0.0068359375,0,687.38047260768,0,0,0,0,0,2.826171875,,
86.618475,,,,,0.1875,-1.029296875,-1.486328125,-0.10226439830772634,-5.740654032520761,0,0.0027901786379516125,0,687.58991211792,0,0,0,0,0,2.822265625,,
86.643955,,,,,-0.4375,-0.494140625,-0.708984375,-0.102147929953472,-5.7556639368482605,0,0,0,687.69463187304,0,0,0,0,0,2.837890625,,
86.66890000000001,,,,,-0.625,-0.48046875,-1.09765625,-0.1023373159550195,-5.760685158424866,0,-0.00732421875,0,688.11351089352,0,0,0,0,0,2.8359375,,
86.69105000000002,,,,,0.361328125,-1.0546875,-1.23828125,-0.10271939099855472,-5.761222762448057,0,-0.00542534701526165,0,688.6371096691199,0,0,0,0,0,2.853515625,,
86.718515,,,,,0.224609375,0.265625,-1.142578125,-0.10264068612563759,-5.762846326598094,0,-0.0069754463620483875,0,688.84654917936,0,0,0,0,0,2.841796875,,
86.74249499999999,,,,,-0.423828125,0.16796875,-0.837890625,-0.10246177855334102,-5.7734371258549615,0,-0.00542534701526165,0,688.9512689344799,0,0,0,0,0,2.849609375,,
86.76841999999999,,,,,-0.44921875,-0.796875,-0.6484375,-0.1027516764791687,-5.785361183089342,0,-0.003662109375,0,689.4748677100799,0,0,0,0,0,2.84375,,
86.79219,,,,,0.162109375,-1.3984375,-1.240234375,-0.10369309873504762,-5.827584603070779,0,-0.01708984375,0,690.1031862407999,0,0,0,0,0,2.859375,,
86.819185,,,,,0.51171875,-0.3359375,-1.05859375,-0.10378786332065036,-5.83045540855462,0,-0.003662109375,0,690.4173455061599,0,0,0,0,0,2.859375,,
86.84326000000001,,,,,-0.173828125,0.205078125,-0.8515625,-0.10345630086705072,-5.852034834045515,0,0,0,690.83622452664,0,0,0,0,0,2.869140625,,
86.873615,,,,,-0.537109375,-0.21875,-0.771484375,-0.10341062602546863,-5.838304427293212,0,-0.008544921875,0,691.04566403688,0,0,0,0,0,2.857421875,,
86.89427500000001,,,,,0.20703125,-0.732421875,-1.21484375,-0.10358724323268924,-5.836021357407724,0,-0.0146484375,0,691.35982330224,0,0,0,0,0,2.8671875,,
86.91633000000002,,,,,-0.474609375,-0.08984375,-0.6875,-0.10273534098844898,-5.8194560302401275,0,-0.0032552082557231188,0,691.46454305736,0,0,0,0,0,2.861328125,,
86.94189000000001,,,,,0.78125,-0.12890625,-0.900390625,-0.10285092421694723,-5.793769310012053,0,0.0069754463620483875,0,691.7787023227199,0,0,0,0,0,2.884765625,,
86.96740500000001,,,,,-0.3125,-0.689453125,-0.708984375,-0.10373253439689037,-5.8127467320307025,0,-0.0065104165114462376,0,692.30230109832,0,0,0,0,0,2.876953125,,
86.992805,,,,,0.412109375,-0.9375,-1.130859375,-0.10479315211666328,-5.845368544157944,0,0.003662109375,0,692.9306196290399,0,0,0,0,0,2.8828125,,
87.01742000000002,,,,,0.099609375,0.24609375,-0.919921875,-0.10484161964028835,-5.880646120159751,0,-0.0086805559694767,0,693.34949864952,0,0,0,0,0,2.873046875,,
87.04165,,,,,-0.76171875,-0.34765625,-0.736328125,-0.1046917863967455,-5.871775653777096,0,-0.003662109375,0,693.66365791488,0,0,0,0,0,2.880859375,,
87.07140000000001,,,,,-0.4375,-0.734375,-0.75,-0.10460090363465949,-5.853357339942566,0,0.003662109375,0,694.0825369353599,0,0,0,0,0,2.87109375,,
87.09383,,,,,0.48828125,-0.513671875,-1.0625,-0.10539591730469218,-5.83804637736208,0,-0.0068359375,0,694.7108554660799,0,0,0,0,0,2.8828125,,
87.11630000000001,,,,,-0.328125,-1.64453125,-0.890625,-0.10559655499924843,-5.87370027618012,0,-0.0069754463620483875,0,695.2344542416799,0,0,0,0,0,2.87890625,,
87.149595,,,,,-0.111328125,-0.017578125,-0.943359375,-0.10533365595400869,-5.882936313298545,0,-0.0013950893189758062,0,695.44389375192,0,0,0,0,0,2.888671875,,
87.17099,,,,,0.125,-0.505859375,-0.94921875,-0.1050813284274941,-5.918396674668237,0,0.0016276041278615594,0,695.96749252752,0,0,0,0,0,2.888671875,,
87.194515,,,,,-0.3359375,-0.46484375,-1.01953125,-0.10565215440698864,-5.9133862051720945,0,-0.0048828125,0,696.3863715479999,0,0,0,0,0,2.89453125,,
87.216835,,,,,0.037109375,0.439453125,-0.9140625,-0.10599293133853184,-5.9230200692676815,0,-0.006103515625,0,697.0146900787199,0,0,0,0,0,2.90234375,,
87.24310000000001,,,,,0.15625,-0.671875,-1.11328125,-0.10610880976574494,-5.928707919833045,0,-0.01116071455180645,0,697.53828885432,0,0,0,0,0,2.900390625,,
87.26791,,,,,0.125,0.0703125,-0.9453125,-0.10618026277616383,-5.915654894149962,0,-0.0032552082557231188,0,697.8524481196799,0,0,0,0,0,2.90234375,,
87.30453000000001,,,,,-0.673828125,-0.740234375,-0.83203125,-0.10600621669623325,-5.907128494342149,0,-0.00244140625,0,698.1666073850399,0,0,0,0,0,2.896484375,,
87.32689,,,,,0.125,-0.4921875,-0.96875,-0.10540982559339396,-5.908712678997488,0,-0.0052584134973585606,0,698.58548640552,0,0,0,0,0,2.91015625,,
87.3494,,,,,0.4375,-0.4140625,-1.1484375,-0.10542123069165778,-5.929170259292989,0,-0.013950892724096775,0,698.7949259157599,0,0,0,0,0,2.908203125,,
87.37105500000001,,,,,-0.111328125,-0.025390625,-0.88671875,-0.10541580113470912,-5.953168902888245,0,0.004185267724096775,0,699.10908518112,0,0,0,0,0,2.91015625,,
87.396155,,,,,0.234375,-0.1875,-1.130859375,-0.10590403637701425,-5.954856979521064,0,-0.006103515625,0,699.5279642016,0,0,0,0,0,2.9140625,,
87.41854000000001,,,,,-0.1484375,-0.78515625,-0.60546875,-0.10640298684300334,-5.960480317603644,0,-0.018310546875,0,699.9468432220799,0,0,0,0,0,2.916015625,,
87.44432499999999,,,,,-0.26171875,0.20703125,-0.953125,-0.10661148553504447,-5.962490956650379,0,0.00837053544819355,0,700.36572224256,0,0,0,0,0,2.9453125,,
87.470895,,,,,-0.03125,-0.7890625,-1.044921875,-0.10602543960236555,-5.945749967368205,0,-0.00542534701526165,0,700.5751617528,0,0,0,0,0,2.94140625,,
87.49157500000001,,,,,-0.34375,-0.232421875,-0.892578125,-0.10620027370776763,-5.955007508647558,0,-0.00244140625,0,700.88932101816,0,0,0,0,0,2.951171875,,
87.51814999999999,,,,,-0.515625,-0.345703125,-0.99609375,-0.10602735167974695,-5.995263297904115,0,-0.0027901786379516125,0,701.0987605283999,0,0,0,0,0,2.943359375,,
87.54158,,,,,-0.099609375,-0.771484375,-0.74609375,-0.10607921108244492,-6.010800054174341,0,-0.007595486007630825,0,701.51763954888,0,0,0,0,0,2.947265625,,
87.568075,,,,,0.423828125,-0.283203125,-1.341796875,-0.10665734871979872,-6.023218707110058,0,-0.013950892724096775,0,701.9365185693599,0,0,0,0,0,2.931640625,,
87.591505,,,,,-0.125,-0.76171875,-1.10546875,-0.10673936066888953,-6.003101564562243,0,-0.002170138992369175,0,702.2506778347199,0,0,0,0,0,2.92578125,,
87.61771,,,,,-0.0234375,0.21875,-0.806640625,-0.10614691597873982,-5.990811936592092,0,-0.0069754463620483875,0,702.4601173449599,0,0,0,0,0,2.93359375,,
87.64746000000001,,,,,-0.361328125,-0.505859375,-0.66796875,-0.10623027640931999,-5.992629038190478,0,-0.0087890625,0,702.6695568552,0,0,0,0,0,2.9375,,
87.669885,,,,,0.322265625,-0.521484375,-1.041015625,-0.10633959835293967,-5.991242019810645,0,0.00390625,0,702.98371612056,0,0,0,0,0,2.9453125,,
87.691445,,,,,-0.1875,-0.884765625,-0.740234375,-0.10677675556529466,-6.020831745247088,0,-0.009765625,0,703.4025951410399,0,0,0,0,0,2.9453125,,
87.718585,,,,,-0.3359375,-0.24609375,-1.197265625,-0.10670181328801162,-6.036035187022936,0,-0.0069754463620483875,0,703.7167544064,0,0,0,0,0,2.9375,,
87.74528,,,,,-0.0234375,0.451171875,-0.708984375,-0.10642109495972815,-6.031917140205291,0,-0.007595486007630825,0,703.9261939166399,0,0,0,0,0,2.93359375,,
87.77224500000001,,,,,0.26953125,-1.0546875,-0.77734375,-0.10664109874495561,-6.01113336866872,0,-0.0065104165114462376,0,704.2403531819999,0,0,0,0,0,2.927734375,,
87.794245,,,,,-0.287109375,-0.0390625,-1.234375,-0.10652413807176454,-6.011681724772374,0,-0.007595486007630825,0,704.44979269224,0,0,0,0,0,2.935546875,,
87.820135,,,,,-0.19921875,0.01953125,-0.74609375,-0.10674765724236158,-6.018143725131132,0,-0.013950892724096775,0,704.65923220248,0,0,0,0,0,2.9375,,
87.84383500000001,,,,,-1.0234375,-0.697265625,-0.73828125,-0.10743064106708038,-6.063334719320585,0,0.0032552082557231188,0,705.0781112229599,0,0,0,0,0,2.9296875,,
87.87056000000001,,,,,0.4375,-0.45703125,-0.9375,-0.107242761736047,-6.083322836902835,0,-0.005580357275903225,0,705.2875507332,0,0,0,0,0,2.94921875,,
87.89206000000001,,,,,0.3984375,-0.34765625,-1.19921875,-0.10674989373191981,-6.07906501303916,0,-0.0086805559694767,0,705.3922704883199,0,0,0,0,0,2.9453125,,
87.91837000000001,,,,,-0.3125,-0.1171875,-0.87890625,-0.10661276372527312,-6.085699046685339,0,0.004185267724096775,0,705.60170999856,0,0,0,0,0,2.951171875,,
87.94116500000001,,,,,-0.048828125,-0.669921875,-1.24609375,-0.10690545526643443,-6.0675817911037955,0,0.0010850694961845875,0,705.60170999856,0,0,0,0,0,2.94921875,,
87.967695,,,,,-0.099609375,-0.42578125,-0.95703125,-0.10675693108033649,-6.071861119128397,0,-0.01116071455180645,0,705.7064297536799,0,0,0,0,0,2.951171875,,
87.99277000000001,,,,,0.0234375,-0.37109375,-1.1640625,-0.10739532731590676,-6.064087364953053,0,-0.0086805559694767,0,705.91586926392,0,0,0,0,0,2.953125,,
88.01807000000001,,,,,-0.5,-0.16796875,-0.9296875,-0.10783080948050763,-6.085580773800237,0,0,0,706.12530877416,0,0,0,0,0,2.94921875,,
88.041575,,,,,0.07421875,-0.798828125,-0.658203125,-0.10771895609887325,-6.1199659271235465,0,-0.00434027798473835,0,706.2300285292799,0,0,0,0,0,2.951171875,,
88.07068500000001,,,,,0.3125,-0.9609375,-1.298828125,-0.10743696146930974,-6.12391194065377,0,0,0,706.2300285292799,0,0,0,0,0,2.943359375,,
88.09275,,,,,-0.45703125,0.048828125,-1.0625,-0.1076986193364409,-6.113969760650883,0,0,0,706.2300285292799,0,0,0,0,0,2.927734375,,
88.11719000000001,,,,,0.6875,-0.8359375,-1.251953125,-0.10776319079060781,-6.103074408714878,0,-0.013950892724096775,0,706.3347482844,0,0,0,0,0,2.931640625,,
88.143155,,,,,-0.19921875,-0.7734375,-0.876953125,-0.107946685776,-6.116224203122136,0,-0.00244140625,0,706.64890754976,0,0,0,0,0,2.93359375,,
88.16843500000002,,,,,-0.69921875,-0.7265625,-0.591796875,-0.10816454524803067,-6.179123873835506,0,-0.007595486007630825,0,706.64890754976,0,0,0,0,0,2.923828125,,
88.19582000000001,,,,,0.2734375,-0.671875,-1.0625,-0.10843092211359905,-6.169447001418065,0,-0.006103515625,0,706.75362730488,0,0,0,0,0,2.92578125,,
88.21886,,,,,0.259765625,-0.3203125,-1.150390625,-0.1079194923923636,-6.171780202878715,0,-0.007595486007630825,0,706.96306681512,0,0,0,0,0,2.921875,,
88.24270000000001,,,,,0.015625,-1.107421875,-0.9375,-0.10794921958092961,-6.173124212936693,0,0.008544921875,0,706.96306681512,0,0,0,0,0,2.91015625,,
88.26866,,,,,-0.537109375,-0.251953125,-1.259765625,-0.10811282383332277,-6.167457866532257,0,-0.004185267724096775,0,707.27722608048,0,0,0,0,0,2.912109375,,
88.29205499999999,,,,,0,-0.537109375,-0.69140625,-0.10904351567075532,-6.168912891821025,0,-0.00434027798473835,0,707.80082485608,0,0,0,0,0,2.912109375,,
88.31921000000001,,,,,0.19921875,-0.98828125,-0.71875,-0.10941340472380112,-6.183489218503819,0,-0.0013950893189758062,0,708.11498412144,0,0,0,0,0,2.9140625,,
88.34157,,,,,-0.0859375,-0.580078125,-1.173828125,-0.10901758197507648,-6.194983192519647,0,-0.013671875,0,708.5338631419199,0,0,0,0,0,2.921875,,
88.36905,,,,,-0.2109375,-0.26953125,-1.37890625,-0.10836110849748398,-6.181510835698475,0,0.008138020522892475,0,708.74330265216,0,0,0,0,0,2.93359375,,
88.391735,,,,,0.0859375,-0.234375,-0.923828125,-0.10842981159502767,-6.18622024694163,0,0.009765625,0,708.9527421624,0,0,0,0,0,2.9375,,
88.41836500000001,,,,,-0.125,-0.44921875,-1.12109375,-0.10924117472956192,-6.190682360334117,0,0.00837053544819355,0,709.1621816726399,0,0,0,0,0,2.94140625,,
88.442845,,,,,-0.724609375,-0.328125,-0.703125,-0.10968092297515716,-6.203606361051634,0,0.0010850694961845875,0,710.20937922384,0,0,0,0,0,2.9296875,,
88.46822000000002,,,,,0.51171875,-0.787109375,-1.0703125,-0.11070773291617418,-6.211358611066051,0,-0.00244140625,0,711.0471372648,0,0,0,0,0,2.94140625,,
88.49310500000001,,,,,0.486328125,-0.34375,-1.1875,-0.11026885461663688,-6.21278863776774,0,-0.01220703125,0,711.5707360404,0,0,0,0,0,2.94140625,,
88.51969,,,,,0.2734375,-0.265625,-0.748046875,-0.11032401041444599,-6.208695589537173,0,0.00542534701526165,0,712.19905457112,0,0,0,0,0,2.947265625,,
88.54200999999999,,,,,-0.21875,-0.517578125,-0.7109375,-0.10994173682445932,-6.21447671440056,0,-0.015869140625,0,712.51321383648,0,0,0,0,0,2.955078125,,
88.56848,,,,,0.046875,-0.36328125,-1.42578125,-0.10999074274388075,-6.226981383979987,0,-0.004185267724096775,0,712.9320928569599,0,0,0,0,0,2.9609375,,
88.593615,,,,,-0.32421875,-0.5625,-0.6171875,-0.10975440751854804,-6.231787563947316,0,-0.0032552082557231188,0,712.51321383648,0,0,0,0,0,2.943359375,,
88.618675,,,,,0.69921875,-0.611328125,-1.275390625,-0.10255526463083688,-6.248184486654648,0,-0.001220703125,0,682.7728033824,0,0,0,0,0,2.931640625,,
88.64133,,,,,-0.3984375,0.12109375,-0.85546875,0.09175611070647843,-5.507398398938562,0,-0.00542534701526165,0,603.60466851168,0,0,0,0,0,2.931640625,,
88.67041499999999,,,,,0.2109375,-0.03515625,-1.40625,0.14328430889347846,-4.192838289350971,0,-0.005580357275903225,0,530.3008399276799,0,0,0,0,0,2.923828125,,
88.694175,,,,,-0.291015625,0.0703125,-1.203125,0.12287582018983928,-2.998640530102079,0,-0.00390625,0,463.07075714063996,0,0,0,0,0,2.8828125,,
88.72049500000001,,,,,0.046875,-0.388671875,-1.18359375,0.0985500991336844,-1.9657276066377043,0,-0.001220703125,0,409.9778412948,0,0,0,0,0,2.84765625,,
88.74257500000002,,,,,-0.05078125,0.32421875,-1.11328125,0.07987024165349194,-1.401157365643231,0,-0.01220703125,0,369.137136798,0,0,0,0,0,2.822265625,,
88.77424,,,,,-0.3125,-0.166015625,-1.1171875,0.06123952166299829,-1.1050880779913719,0,-0.01708984375,0,337.51177075175997,0,0,0,0,0,2.775390625,,
88.79669,,,,,-0.1328125,-0.158203125,-0.880859375,0.04676198390839294,-0.9403447011246598,0,-0.0068359375,0,306.20056397087995,0,0,0,0,0,2.6953125,,
88.81933000000001,,,,,-0.09375,0.013671875,-1.02734375,0.03520563319928731,-0.8544463302991695,0,-0.0167410708963871,0,282.42917955864,0,0,0,0,0,2.615234375,,
88.84225,,,,,0.046875,0.16796875,-1.091796875,0.02622523575188755,-0.8293187182552128,0,0.006103515625,0,266.30233727015997,0,0,0,0,0,2.55078125,,
88.869425,,,,,-0.0859375,0.03125,-1.041015625,0.018860632411772202,-0.6880363809605647,0,0.004185267724096775,0,253.52652714552,0,0,0,0,0,2.482421875,,
88.89137000000001,,,,,-0.01953125,-0.009765625,-0.9921875,0.015827633715519974,-0.3495501358789198,0,-0.013020833022892475,0,242.11207383744,0,0,0,0,0,2.3984375,,
88.91895,,,,,-0.140625,-0.0078125,-1.013671875,0.013249442424449096,-0.5085626538584136,0,-0.012555803172290325,0,231.74481808055998,0,0,0,0,0,2.33203125,,
88.94496500000001,,,,,-0.236328125,0.0234375,-0.94140625,0.012681301631517441,-0.3993752767482805,0,-0.0068359375,0,221.16812281344,0,0,0,0,0,2.279296875,,
88.969455,,,,,0.05078125,-0.04296875,-0.98046875,0.009346027807702731,-0.6113417910121078,0,-0.009765625,0,212.99998191408,0,0,0,0,0,2.220703125,,
88.99428999999999,,,,,0.01171875,0.064453125,-0.9453125,0.006075598947137211,-0.45121105666437616,0,-0.0048828125,0,205.25072003519998,0,0,0,0,0,2.15625,,
89.01948500000002,,,,,0.09375,-0.11328125,-1.095703125,0.005192742084774138,-0.36424473544681657,0,0.002170138992369175,0,200.43361129968,0,0,0,0,0,2.103515625,,
89.041505,,,,,-0.173828125,0.0859375,-0.92578125,0.002833572883993434,-0.44801768876662046,0,-0.0048828125,0,194.35986550272,0,0,0,0,0,2.064453125,,
89.068535,,,,,-0.111328125,0.0078125,-0.990234375,0.0013009079271316462,-0.21110634782672136,0,-0.01953125,0,189.0191579916,0,0,0,0,0,2.0078125,,
89.093705,,,,,0.01171875,-0.0078125,-0.970703125,0.0020645497800392955,-0.3287663643423479,0,-0.00542534701526165,0,186.08700484823999,0,0,0,0,0,1.955078125,,
89.11856000000002,,,,,-0.0625,0.06640625,-0.966796875,0.0003578188777558277,-0.24705055281728516,0,0.006103515625,0,183.25957146,0,0,0,0,0,1.892578125,,
89.14706,,,,,0.015625,-0.029296875,-1.029296875,0.0006124764161682646,-0.28949627206231177,0,-0.006103515625,0,179.80381954103999,0,0,0,0,0,1.83984375,,
89.16958,,,,,-0.11328125,0.056640625,-0.97265625,-0.0018916236083577733,-0.32129366841999024,0,-0.0029296875,0,177.60470468352,0,0,0,0,0,1.787109375,,
89.19465000000001,,,,,-0.01171875,-0.0078125,-0.9609375,-0.005380386212943881,-0.32129366841999024,0,0.004185267724096775,0,176.13862811183998,0,0,0,0,0,1.732421875,,
89.21899499999999,,,,,-0.0625,0.01171875,-0.9921875,-0.0052205203043523725,-0.29332750713358385,0,-0.015869140625,0,174.14895276456,0,0,0,0,0,1.681640625,,
89.2417,,,,,-0.125,0.072265625,-0.953125,-0.0052145265514700195,-0.29100156332724714,0,-0.0010850694961845875,0,172.89231570311998,0,0,0,0,0,1.634765625,,
89.268565,,,,,-0.0625,0.01171875,-0.9921875,-0.00609998257571689,-0.2704148236651748,0,-0.0013950893189758062,0,171.84511815192,0,0,0,0,0,1.58984375,,
89.29199,,,,,-0.0625,0.0390625,-1.015625,-0.006255118524788342,-0.19937582804068932,0,-0.013020833022892475,0,170.48376133536,0,0,0,0,0,1.54296875,,
89.31849500000001,,,,,-0.0625,-0.0078125,-0.984375,-0.005996754413136094,-0.20538624101996697,0,-0.004185267724096775,0,169.43656378416,0,0,0,0,0,1.49609375,,
89.341085,,,,,-0.0234375,0.017578125,-1.009765625,-0.006080843691946581,-0.23994342763069745,0,0.0032552082557231188,0,168.70352549831998,0,0,0,0,0,1.453125,,
89.36806500000002,,,,,-0.037109375,0.033203125,-0.98828125,-0.006297437551337605,-0.2782745944842302,0,-0.00732421875,0,167.551608192,0,0,0,0,0,1.41015625,,
89.39515000000002,,,,,-0.0859375,-0.01953125,-0.970703125,-0.005896429838847071,-0.3166057613377629,0,-0.00244140625,0,166.71385015104,0,0,0,0,0,1.369140625,,
89.41866999999999,,,,,-0.03125,0.01953125,-1.00390625,-0.006290910075865467,-0.2866934734874044,0,-0.0173611119389534,0,166.08553162031998,0,0,0,0,0,1.322265625,,
89.44194000000002,,,,,-0.09375,0.06640625,-0.9765625,-0.006611672327669605,-0.2288687847529587,0,-0.006103515625,0,165.24777357936,0,0,0,0,0,1.279296875,,
89.46987500000002,,,,,-0.07421875,0.009765625,-0.98046875,-0.006493647690641582,-0.2288687847529587,0,-0.00244140625,0,164.61945504864,0,0,0,0,0,1.2421875,,
89.49198000000001,,,,,-0.05078125,-0.001953125,-0.994140625,-0.0059904984223114344,-0.2044185537782228,0,-0.0086805559694767,0,164.09585627304,0,0,0,0,0,1.19921875,,
89.51897,,,,,-0.078125,0.041015625,-1.001953125,-0.006046069845056525,-0.22036388910607385,0,-0.0069754463620483875,0,163.3628179872,0,0,0,0,0,1.16015625,,
89.5441,,,,,-0.048828125,0.03125,-1.01953125,-0.006328619399003482,-0.2531039741184181,0,-0.007595486007630825,0,163.04865872183998,0,0,0,0,0,1.125,,
89.56934000000001,,,,,-0.0625,0.0078125,-1.013671875,-0.005985705907362425,-0.2834248410264019,0,-0.003662109375,0,162.62977970135998,0,0,0,0,0,1.08984375,,
89.59839500000001,,,,,-0.0859375,0.029296875,-0.982421875,-0.005705908115513189,-0.27346841451690085,0,0,0,161.89674141551998,0,0,0,0,0,1.056640625,,
89.62108500000001,,,,,-0.072265625,0.0390625,-0.98046875,-0.004870774458534584,-0.2348254373299172,0,-0.0068359375,0,161.47786239503998,0,0,0,0,0,1.01953125,,
89.644315,,,,,-0.15625,0.041015625,-0.978515625,0.003935214383201885,-0.20800974865314004,0,-0.004185267724096775,0,161.05898337456,0,0,0,0,0,0.9921875,,
89.67450500000001,,,,,-0.048828125,0,-1.009765625,0.05787553717323626,-0.17031295454697293,0,0.0013950893189758062,0,156.24187463904,0,0,0,0,0,0.96875,,
89.69692500000001,,,,,-0.080078125,-0.01953125,-0.9609375,0.06474489627388581,-0.10678240551238737,0,-0.00443892041221261,0,140.95279039151998,0,0,0,0,0,0.93359375,,
89.71923000000001,,,,,-0.078125,-0.00390625,-0.978515625,0.047820288891066494,-0.055072156135706776,0,-0.0013950893189758062,0,138.2300767584,0,0,0,0,0,0.900390625,,
89.74190000000002,,,,,-0.0625,0.021484375,-0.982421875,0.038733911867209814,-0.055072156135706776,0,-0.00837053544819355,0,137.81119773792,0,0,0,0,0,0.876953125,,
89.76845000000002,,,,,-0.0859375,0.0234375,-0.990234375,0.03228171230879633,-0.044793167212290985,0,-0.00244140625,0,137.70647798279998,0,0,0,0,0,0.8515625,,
89.792505,,,,,-0.07421875,0.048828125,-1.013671875,0.026081662397030362,-0.0016128120695736072,0,0.001220703125,0,113.93509357056,0,0,0,0,0,0.82421875,,
89.81807,,,,,-0.07421875,0.03515625,-0.998046875,0.020279720342625828,0.038159133566111544,0,0.00244140625,0,80.00589291168,0,0,0,0,0,0.798828125,,
89.84112,,,,,-0.048828125,0.03125,-0.9921875,0.015656025493746728,0.057362349274501304,0,-0.0184461809694767,0,74.24630638008,0,0,0,0,0,0.7734375,,
89.87105,,,,,-0.07421875,0.0234375,-0.984375,0.011813277636946728,0.037277462968077976,0,-0.00837053544819355,0,73.19910882888,0,0,0,0,0,0.751953125,,
89.893125,,,,,-0.072265625,0.021484375,-0.984375,0.008926740581978392,0.012504669579427368,0,0,0,72.98966931864,0,0,0,0,0,0.7265625,,
89.91845500000001,,,,,-0.09375,0.001953125,-0.970703125,0.006943196175101925,-0.0149776480861069,0,-0.012555803172290325,0,72.98966931864,0,0,0,0,0,0.705078125,,
89.94169500000001,,,,,-0.0625,0.013671875,-0.99609375,0.0033893159922987128,-0.01774093276530968,0,-0.01410590298473835,0,72.98966931864,0,0,0,0,0,0.68359375,,
89.97480999999999,,,,,-0.07421875,0.048828125,-0.994140625,0.0010092547017819529,0.005752363048145866,0,0.004185267724096775,0,72.98966931864,0,0,0,0,0,0.6640625,,
89.99711500000001,,,,,-0.0625,0.009765625,-0.9765625,0.0003960694131880161,0.040270035763171806,0,-0.0146484375,0,72.98966931864,0,0,0,0,0,0.640625,,
90.021175,,,,,-0.0625,0.029296875,-1.021484375,0.000965848870728715,0.04444910063744861,0,-0.004185267724096775,0,72.98966931864,0,0,0,0,0,0.619140625,,
90.04321500000002,,,,,-0.0625,0.01171875,-1.001953125,0.0013971879677845437,0.042352444947002924,0,-0.009765625,0,72.98966931864,0,0,0,0,0,0.599609375,,
90.06867000000001,,,,,-0.0625,0.009765625,-0.982421875,-0.0013399113655969002,0.01985909261668302,0,0,0,72.98966931864,0,0,0,0,0,0.58203125,,
90.092415,,,,,-0.07421875,0.021484375,-1.00390625,0.001175621474584456,-0.01351536514302683,0,-0.009765625,0,46.181412007919995,0,0,0,0,0,0.56640625,,
90.11839,,,,,-0.07421875,0.017578125,-0.98046875,0.0008915088703679666,-0.02554694318204594,0,-0.0048828125,0,0,0,0,0,0,0,0.546875,,
90.14186,,,,,-0.07421875,0.03125,-0.99609375,0.0006073962661514769,-0.0006128685864379708,0,-0.002170138992369175,0,0,0,0,0,0,0,0.53125,,
90.16821500000002,,,,,-0.0625,0.01953125,-0.99609375,-0.0007394337353772923,0.02923490678113759,0,-0.0048828125,0,0,0,0,0,0,0,0.513671875,,
90.19092500000001,,,,,-0.0625,0.01953125,-0.998046875,0.0034023274759788255,0.045922135660992514,0,0,0,0,0,0,0,0,0,0.498046875,,
90.225145,,,,,-0.0625,0.009765625,-1,0.003049525344988631,0.037890331554515946,0,-0.00732421875,0,0,0,0,0,0,0,0.482421875,,
90.25174000000001,,,,,-0.0625,0.00390625,-0.9921875,0.0005127126699032108,0.003971012117301817,0,-0.00732421875,0,0,0,0,0,0,0,0.462890625,,
90.274015,,,,,-0.0625,0.01953125,-1.0078125,0.0025025572002280116,-0.01691302256959523,0,-0.0065104165114462376,0,0,0,0,0,0,0,0.447265625,,
90.296985,,,,,-0.0625,0.01953125,-0.9921875,0.001962420278996169,-0.014816366879149539,0,-0.00837053544819355,0,0,0,0,0,0,0,0.43359375,,
90.31881000000001,,,,,-0.0625,0.015625,-0.974609375,-0.008740136961231305,-0.0039030052083681294,0,-0.006103515625,0,0,0,0,0,0,0,0.421875,,
90.34296,,,,,-0.0625,0.01953125,-0.97265625,-0.008899884567744546,0.030396131471230586,0,-0.0013950893189758062,0,0,0,0,0,0,0,0.41015625,,
90.36660499999999,,,,,-0.0625,0.01953125,-0.990234375,0.0016551340874942568,0.042599742797670884,0,-0.0048828125,0,0,0,0,0,0,0,0.3984375,,
90.39191000000001,,,,,-0.0625,0.01953125,-0.98046875,0.007390146846239815,0.042244924142364686,0,-0.006103515625,0,0,0,0,0,0,0,0.384765625,,
90.42081000000002,,,,,-0.0625,0.021484375,-1,-0.004268564324869802,0.023299758365106716,0,-0.00244140625,0,0,0,0,0,0,0,0.373046875,,
90.442175,,,,,-0.0625,0.01953125,-0.986328125,-0.0066702616574552545,-0.0059674046574223465,0,-0.0078125,0,0,0,0,0,0,0,0.361328125,,
90.469525,,,,,-0.0625,0.0234375,-0.982421875,0.004737097632763885,-0.018601099202415605,0,-0.004185267724096775,0,0,0,0,0,0,0,0.349609375,,
90.49152000000001,,,,,-0.0625,0.01953125,-0.974609375,0.0001229488644939089,0.000655876908293267,0,-0.0068359375,0,0,0,0,0,0,0,0.33984375,,
90.51927,,,,,-0.0625,0.01953125,-0.984375,-0.007070353354514493,0.028439252826814608,0,-0.004185267724096775,0,0,0,0,0,0,0,0.330078125,,
90.544435,,,,,-0.0625,0.017578125,-0.974609375,0.003592774370924335,0.04306208225761532,0,-0.013020833022892475,0,0,0,0,0,0,0,0.3203125,,
90.568795,,,,,-0.0625,0.01953125,-0.98046875,-0.0012598123897466968,0.047481187328247,0,-0.00434027798473835,0,0,0,0,0,0,0,0.310546875,,
90.591745,,,,,-0.0625,0.021484375,-0.986328125,-0.005505296964841504,0.03205195186265949,0,-0.009765625,0,0,0,0,0,0,0,0.30078125,,
90.620365,,,,,-0.0625,0.021484375,-0.98828125,0.0009329727574907702,0.0023116972997221704,0,-0.00244140625,0,0,0,0,0,0,0,0.29296875,,
90.641565,,,,,-0.0625,0.01953125,-0.982421875,0.0007867874402253618,-0.013784167154622431,0,-0.007595486007630825,0,0,0,0,0,0,0,0.283203125,,
90.669125,,,,,-0.0625,0.01953125,-0.9765625,-0.004481599596858105,-0.011106899119130242,0,0.004185267724096775,0,0,0,0,0,0,0,0.2734375,,
90.69181000000002,,,,,-0.0625,0.017578125,-0.97265625,0.0013540228168445474,0.0036664594381640007,0,-0.009765625,0,0,0,0,0,0,0,0.267578125,,
90.71799500000002,,,,,-0.0625,0.017578125,-0.974609375,0.0002370280096146427,0.03065418140236236,0,-0.0069754463620483875,0,0,0,0,0,0,0,0.259765625,,
90.74154500000002,,,,,-0.0625,0.01953125,-0.98046875,-0.0029871393344961202,0.03156810824178741,0,-0.007595486007630825,0,0,0,0,0,0,0,0.251953125,,
90.77343499999999,,,,,-0.0625,0.01953125,-0.986328125,0.0008170153521302523,0.02658989498703687,0,-0.0010850694961845875,0,0,0,0,0,0,0,0.244140625,,
90.795585,,,,,-0.0625,0.021484375,-0.986328125,-0.0013382132868992457,0.0053652881514482005,0,0.001953125,0,0,0,0,0,0,0,0.236328125,,
90.82157000000001,,,,,-0.0625,0.021484375,-0.982421875,-0.0009257399126614216,-0.01067681590057728,0,-0.005580357275903225,0,0,0,0,0,0,0,0.23046875,,
90.84788000000002,,,,,-0.0625,0.017578125,-0.978515625,0.00039293510569571424,-0.01434327533874128,0,-0.011935763992369175,0,0,0,0,0,0,0,0.22265625,,
90.86916500000001,,,,,-0.0625,0.015625,-0.974609375,-0.0018772140565069797,0.007988795784621269,0,-0.0010850694961845875,0,0,0,0,0,0,0,0.216796875,,
90.891665,,,,,-0.0625,0.017578125,-0.974609375,0.00006924147836746556,0.027665103033419278,0,-0.009765625,0,0,0,0,0,0,0,0.212890625,,
90.91908000000001,,,,,-0.0625,0.01953125,-0.978515625,-0.0001490193423380876,0.04216965957911791,0,-0.009765625,0,0,0,0,0,0,0,0.20703125,,
90.94323500000002,,,,,-0.0625,0.021484375,-0.984375,-0.0011388856354826431,0.03465395533490491,0,-0.0086805559694767,0,0,0,0,0,0,0,0.201171875,,
90.966625,,,,,-0.0625,0.021484375,-0.986328125,0.00004359748940357537,0.01136494905026202,0,0,0,0,0,0,0,0,0,0.1953125,,
90.99152500000001,,,,,-0.0625,0.021484375,-0.984375,-0.0008524928468274353,-0.01391319212018832,0,-0.00837053544819355,0,0,0,0,0,0,0,0.19140625,,
91.01714,,,,,-0.0625,0.021484375,-0.98046875,-0.0007656652694948945,-0.01306377776354622,0,-0.00542534701526165,0,0,0,0,0,0,0,0.1875,,
91.04175500000001,,,,,-0.0625,0.017578125,-0.974609375,-0.00010383433266958235,0.0029568221275516134,0,-0.0048828125,0,0,0,0,0,0,0,0.181640625,,
91.06758,,,,,-0.0625,0.01953125,-0.97265625,-0.0008355261534133564,0.02839624450495931,0,-0.0065104165114462376,0,0,0,0,0,0,0,0.177734375,,
91.09788499999999,,,,,-0.0625,0.017578125,-0.9765625,-0.00016073380058335951,0.0435459258784874,0,-0.006103515625,0,0,0,0,0,0,0,0.173828125,,
91.11836,,,,,-0.0625,0.01953125,-0.984375,-0.0005337292512251239,0.03837417517538803,0,-0.007990056648850441,0,0,0,0,0,0,0,0.16796875,,
91.14157500000002,,,,,-0.0625,0.01953125,-0.98828125,-0.0005951343097028782,0.012698207027776201,0,0.0048828125,0,0,0,0,0,0,0,0.1640625,,
91.167015,,,,,-0.0625,0.021484375,-0.984375,-0.0003229284050923323,-0.0037094677600192968,0,0,0,0,0,0,0,0,0,0.16015625,,
91.19171,,,,,-0.0625,0.01953125,-0.98046875,-0.0007063908762864602,-0.01537547506326839,0,-0.00542534701526165,0,0,0,0,0,0,0,0.15625,,
91.22061,,,,,-0.0625,0.017578125,-0.9765625,-0.00025157371584698585,-0.002139664012300986,0,-0.0048828125,0,0,0,0,0,0,0,0.15234375,,
91.24329500000002,,,,,-0.0625,0.017578125,-0.97265625,-0.0005637400151049597,0.018289288868964703,0,-0.01171875,0,0,0,0,0,0,0,0.1484375,,
91.27351500000002,,,,,-0.0625,0.021484375,-0.9765625,-0.00041197061691913346,0.045051217143422764,0,0,0,0,0,0,0,0,0,0.146484375,,
91.29609500000001,,,,,-0.0625,0.01953125,-0.982421875,-0.0006177125005892428,0.03538509680644494,0,-0.0029296875,0,0,0,0,0,0,0,0.142578125,,
91.32226500000002,,,,,-0.0625,0.021484375,-0.986328125,-0.0004985110894626814,0.009558599532339578,0,-0.006103515625,0,0,0,0,0,0,0,0.138671875,,
91.34389000000002,,,,,-0.0625,0.01953125,-0.986328125,-0.00039929468928892484,-0.009967178589964893,0,-0.007595486007630825,0,0,0,0,0,0,0,0.13671875,,
91.3735,,,,,-0.0625,0.01953125,-0.98046875,-0.0007999426013833781,-0.010537038854547568,0,-0.005580357275903225,0,0,0,0,0,0,0,0.1328125,,
91.395615,,,,,-0.0625,0.017578125,-0.9765625,-0.0005995472761590657,0.00942957456677369,0,-0.0087890625,0,0,0,0,0,0,0,0.130859375,,
91.41704500000002,,,,,-0.0625,0.017578125,-0.97265625,-0.0005385533216143231,0.02738554894135985,0,0.0013950893189758062,0,0,0,0,0,0,0,0.12890625,,
91.44514500000001,,,,,-0.0625,0.017578125,-0.9765625,-0.0003320327048286422,0.034804484461398444,0,-0.013950892724096775,0,0,0,0,0,0,0,0.125,,
91.46677500000001,,,,,-0.0625,0.01953125,-0.98046875,-0.00043962643057596847,0.03746024833596298,0,0.0009765625,0,0,0,0,0,0,0,0.123046875,,
91.49135500000001,,,,,-0.0625,0.01953125,-0.986328125,-0.0006410523558527863,0.027342540619504557,0,-0.0027901786379516125,0,0,0,0,0,0,0,0.12109375,,
91.51746500000002,,,,,-0.0625,0.021484375,-0.986328125,-0.0004715314317927106,0.007601720887923602,0,-0.009765625,0,0,0,0,0,0,0,0.119140625,,
91.54085,,,,,-0.0625,0.021484375,-0.982421875,-0.0004884269006554449,-0.012837984073805915,0,0.002170138992369175,0,0,0,0,0,0,0,0.1171875,,
91.56591000000002,,,,,-0.0625,0.017578125,-0.9765625,-0.0005218307361135518,-0.003343897024249279,0,-0.00244140625,0,0,0,0,0,0,0,0.115234375,,
91.59182500000001,,,,,-0.0625,0.01953125,-0.974609375,-0.0006797475176805526,0.013053025683082394,0,-0.001220703125,0,0,0,0,0,0,0,0.11328125,,
91.618645,,,,,-0.0625,0.017578125,-0.9765625,-0.0005424514156595126,0.026328350629754353,0,-0.0173611119389534,0,0,0,0,0,0,0,0.109375,,
91.64141500000001,,,,,-0.0625,0.01953125,-0.98046875,-0.00042376167644632575,0.03311640782857807,0,0.00434027798473835,0,0,0,0,0,0,0,0.109375,,
