Time (s),ESC signal (µs),Servo 1 (µs),Servo 2 (µs),Servo 3 (µs),AccX (g),AccY (g),AccZ (g),Torque (N·m),Thrust (N),Voltage (V),Current (A),Motor Electrical Speed (rad/s),Motor Optical Speed (rad/s),Electrical Power (W),Mechanical Power (W),Motor Efficiency (%),Propeller Mech. Efficiency (N/W),Overall Efficiency (N/W),Vibration (g),App message,
0.04835499999999883,,,,,-0.0625,0.01171875,-0.970703125,-0.0007095821348534072,0.40852529722299474,0,-0.05815584659576416,0,0,0,0,0,0,0,0.05859375,,
0,,,,,-0.0625,0.009765625,-0.970703125,-0.0007096459508267798,0.4123422857876523,0,-0.0509982630610466,0,0,0,0,0,0,0,0.05859375,,
0.022489999999990688,,,,,-0.0625,0.013671875,-0.970703125,-0.0006918727071196373,0.41382607289165996,0,-0.0458984375,0,0,0,0,0,0,0,0.05859375,,
0.04562999999997555,,,,,-0.0625,0.01171875,-0.970703125,-0.0007582360249989884,0.41523459543242097,0,-0.0613839291036129,0,0,0,0,0,0,0,0.05859375,,
0.07197499999997671,,,,,-0.0625,0.01171875,-0.97265625,-0.000684237072504812,0.4101488613730322,0,-0.068359375,0,0,0,0,0,0,0,0.05859375,,
0.09373499999995692,,,,,-0.0625,0.01171875,-0.970703125,-0.0008134687593061853,0.4085575534643862,0,-0.0520833320915699,0,0,0,0,0,0,0,0.05859375,,
0.12036499999999069,,,,,-0.0625,0.01171875,-0.970703125,-0.0008948043396747668,0.41475075181154886,0,-0.0753348246216774,0,0,0,0,0,0,0,0.05859375,,
0.14307499999998255,,,,,-0.0625,0.01171875,-0.970703125,-0.0007786142151048877,0.41367554376516646,0,-0.0596788190305233,0,0,0,0,0,0,0,0.05859375,,
0.1765249999999942,,,,,-0.0625,0.01171875,-0.970703125,-0.0005911247164480087,0.4106219529134404,0,-0.0571986623108387,0,0,0,0,0,0,0,0.05859375,,
0.20142499999998836,,,,,-0.0625,0.009765625,-0.970703125,-0.0006244468494826248,0.4129874106154817,0,-0.0520833320915699,0,0,0,0,0,0,0,0.05859375,,
0.22353999999997903,,,,,-0.0625,0.01171875,-0.96875,-0.0006506038234705357,0.4123422857876523,0,-0.064697265625,0,0,0,0,0,0,0,0.05859375,,
0.24530499999999303,,,,,-0.0625,0.01171875,-0.97265625,-0.0006308814751977517,0.40839627225742886,0,-0.057373046875,0,0,0,0,0,0,0,0.05859375,,
0.2698299999999581,,,,,-0.0625,0.01171875,-0.970703125,-0.0007125951381034439,0.40280519041624036,0,-0.0530133917927742,0,0,0,0,0,0,0,0.05859375,,
0.29336499999999066,,,,,-0.0625,0.01171875,-0.970703125,-0.0007017977661250936,0.40546095429080486,0,-0.05126953125,0,0,0,0,0,0,0,0.05859375,,
0.3201599999999744,,,,,-0.0625,0.01171875,-0.97265625,-0.000683865157421932,0.41305192309826466,0,-0.05126953125,0,0,0,0,0,0,0,0.05859375,,
0.34341499999997904,,,,,-0.0625,0.01171875,-0.970703125,-0.0006860436830500321,0.41011660513164067,0,-0.0640190988779068,0,0,0,0,0,0,0,0.05859375,,
0.3704049999999988,,,,,-0.0625,0.01171875,-0.97265625,-0.0006455257602567425,0.40402017550865243,0,-0.0655691996216774,0,0,0,0,0,0,0,0.05859375,,
0.3940449999999837,,,,,-0.0625,0.01171875,-0.96875,-0.0006268499122899512,0.4082349910504715,0,-0.060546875,0,0,0,0,0,0,0,0.05859375,,
0.42050999999998023,,,,,-0.0625,0.01171875,-0.970703125,-0.0006513742499248612,0.4066866914636808,0,-0.0558035708963871,0,0,0,0,0,0,0,0.05859375,,
0.4435650000000023,,,,,-0.0625,0.01171875,-0.970703125,-0.0006346078547713911,0.41593348066256947,0,-0.052734375,0,0,0,0,0,0,0,0.05859375,,
0.46868499999996854,,,,,-0.0625,0.013671875,-0.970703125,-0.0007167237090741407,0.41823442588182785,0,-0.0613839291036129,0,0,0,0,0,0,0,0.05859375,,
0.49359500000000117,,,,,-0.0625,0.009765625,-0.96875,-0.0007054855568902426,0.4122850309591824,0,-0.048828125,0,0,0,0,0,0,0,0.05859375,,
0.5203949999999604,,,,,-0.0625,0.01171875,-0.96875,-0.0006650134607897928,0.40907365332664974,0,-0.0434027761220932,0,0,0,0,0,0,0,0.05859375,,
0.5431549999999697,,,,,-0.0625,0.01171875,-0.970703125,-0.000800297175102183,0.41191220256909933,0,-0.0596788190305233,0,0,0,0,0,0,0,0.05859375,,
0.5702799999999988,,,,,-0.0625,0.01171875,-0.970703125,-0.0008729222257896797,0.40611683119909814,0,-0.0544084832072258,0,0,0,0,0,0,0,0.05859375,,
0.5945299999999697,,,,,-0.0625,0.013671875,-0.970703125,-0.0007331925219719789,0.406557666498115,0,-0.046875,0,0,0,0,0,0,0,0.05859375,,
0.619984999999986,,,,,-0.0625,0.01171875,-0.970703125,-0.0007607610453925971,0.4062781124060555,0,-0.06103515625,0,0,0,0,0,0,0,0.05859375,,
0.642914999999979,,,,,-0.0625,0.01171875,-0.970703125,-0.0006950193628397557,0.4098155468786536,0,-0.05615234375,0,0,0,0,0,0,0,0.05859375,,
0.6703499999999767,,,,,-0.0625,0.01171875,-0.96875,-0.0007341400046612235,0.41401961034000884,0,-0.07080078125,0,0,0,0,0,0,0,0.05859375,,
0.693414999999979,,,,,-0.0625,0.01171875,-0.96875,-0.0006773485982065341,0.41179392968399725,0,-0.05859375,0,0,0,0,0,0,0,0.05859375,,
0.719304999999993,,,,,-0.0625,0.01171875,-0.970703125,-0.0006475921812059621,0.4116434005575037,0,-0.057373046875,0,0,0,0,0,0,0,0.05859375,,
0.7430299999999989,,,,,-0.0625,0.013671875,-0.970703125,-0.0007009629806700819,0.40802720709550805,0,-0.059814453125,0,0,0,0,0,0,0,0.05859375,,
0.7702549999999756,,,,,-0.0625,0.01171875,-0.96875,-0.0006284611935987325,0.4144927018804171,0,-0.062255859375,0,0,0,0,0,0,0,0.05859375,,
0.7931849999999686,,,,,-0.0625,0.01171875,-0.96875,-0.0007450385500891373,0.41811964742287655,0,-0.0498046875,0,0,0,0,0,0,0,0.05859375,,
0.819804999999993,,,,,-0.0625,0.01171875,-0.97265625,-0.000677102321141056,0.4208149251931457,0,-0.0613839291036129,0,0,0,0,0,0,0,0.05859375,,
0.8447049999999872,,,,,-0.0625,0.01171875,-0.970703125,-0.0006810736738090379,0.4084285284988203,0,-0.0520833320915699,0,0,0,0,0,0,0,0.05859375,,
0.869579999999958,,,,,-0.0625,0.01171875,-0.970703125,-0.0006438739936129831,0.4075038495789315,0,-0.059814453125,0,0,0,0,0,0,0,0.05859375,,
0.893539999999979,,,,,-0.0625,0.01171875,-0.970703125,-0.0006899019902621784,0.4068694768315658,0,-0.0716145858168602,0,0,0,0,0,0,0,0.05859375,,
0.9199849999999861,,,,,-0.0625,0.009765625,-0.97265625,-0.0007212051999176816,0.4133099730293964,0,-0.064697265625,0,0,0,0,0,0,0,0.05859375,,
0.9436599999999744,,,,,-0.0625,0.009765625,-0.970703125,-0.0007737295771147563,0.40565449173915374,0,-0.0477430559694767,0,0,0,0,0,0,0,0.05859375,,
0.9696549999999697,,,,,-0.0625,0.01171875,-0.970703125,-0.0008293964537847929,0.41123482149987833,0,-0.05859375,0,0,0,0,0,0,0,0.05859375,,
0.9930499999999592,,,,,-0.0625,0.013671875,-0.970703125,-0.0006369365976653172,0.4208149251931457,0,-0.0634765625,0,0,0,0,0,0,0,0.05859375,,
1.0203149999999732,,,,,-0.0625,0.009765625,-0.970703125,-0.0006459043206686197,0.4136540396042388,0,-0.05615234375,0,0,0,0,0,0,0,0.05859375,,
1.043899999999965,,,,,-0.0625,0.01171875,-0.96875,-0.0008275943568478432,0.4145787185241277,0,-0.0672743022441864,0,0,0,0,0,0,0,0.05859375,,
1.0696999999999826,,,,,-0.0625,0.009765625,-0.970703125,-0.0007726050473301036,0.4081489744067609,0,-0.057373046875,0,0,0,0,0,0,0,0.05859375,,
1.093524999999994,,,,,-0.0625,0.01171875,-0.96875,-0.0007032657106912842,0.40522440852060077,0,-0.0542534738779068,0,0,0,0,0,0,0,0.05859375,,
1.1202699999999894,,,,,-0.0625,0.01171875,-0.970703125,-0.0006865122579742054,0.4126003357187841,0,-0.064697265625,0,0,0,0,0,0,0,0.05859375,,
1.1431349999999803,,,,,-0.0625,0.009765625,-0.970703125,-0.0006031173873464564,0.4041276963132907,0,-0.0542534738779068,0,0,0,0,0,0,0,0.05859375,,
1.1708799999999755,,,,,-0.0625,0.009765625,-0.970703125,-0.0005984102834660104,0.40696624555574024,0,-0.0558035708963871,0,0,0,0,0,0,0,0.05859375,,
1.1929700000000012,,,,,-0.0625,0.009765625,-0.970703125,-0.0007576620056975093,0.40862206594716916,0,-0.048828125,0,0,0,0,0,0,0,0.05859375,,
1.2200499999999592,,,,,-0.0625,0.009765625,-0.97265625,-0.000695100229621859,0.40907365332664974,0,-0.0516183041036129,0,0,0,0,0,0,0,0.05859375,,
1.2538999999999652,,,,,-0.0625,0.01171875,-0.970703125,-0.0005759873993832952,0.4093317032577815,0,-0.0553385429084301,0,0,0,0,0,0,0,0.05859375,,
1.276694999999978,,,,,-0.0625,0.01171875,-0.970703125,-0.0007584256517421148,0.40982629895911743,0,-0.0528971366584301,0,0,0,0,0,0,0,0.05859375,,
1.2977499999999709,,,,,-0.0625,0.009765625,-0.970703125,-0.0007063942064372472,0.4065039060957958,0,-0.062255859375,0,0,0,0,0,0,0,0.05859375,,
1.3215849999999918,,,,,-0.0625,0.01171875,-0.970703125,-0.0007696451789909389,0.40505237523317955,0,-0.0667317733168602,0,0,0,0,0,0,0,0.05859375,,
1.3443699999999954,,,,,-0.0625,0.009765625,-0.96875,-0.0006931188317018995,0.4124928149141458,0,-0.050048828125,0,0,0,0,0,0,0,0.05859375,,
1.3721849999999978,,,,,-0.0625,0.013671875,-0.970703125,-0.0006523358568547576,0.40893387628062006,0,-0.04638671875,0,0,0,0,0,0,0,0.05859375,,
1.402014999999985,,,,,-0.0625,0.01171875,-0.97265625,-0.0007607642475434429,0.4095359927865942,0,-0.0564236119389534,0,0,0,0,0,0,0,0.05859375,,
1.422709999999992,,,,,-0.0625,0.01171875,-0.96875,-0.0007168093300863123,0.402715679346379,0,-0.0478515625,0,0,0,0,0,0,0,0.05859375,,
1.4467549999999756,,,,,-0.0625,0.01171875,-0.97265625,-0.0006946219218984293,0.4073210642110464,0,-0.0544084832072258,0,0,0,0,0,0,0,0.05859375,,
1.4717799999999697,,,,,-0.0625,0.009765625,-0.970703125,-0.0006600527139595778,0.4092886949359263,0,-0.05859375,0,0,0,0,0,0,0,0.05859375,,
1.4930849999999627,,,,,-0.0625,0.01171875,-0.970703125,-0.0006307107160702268,0.4073210642110464,0,-0.054931640625,0,0,0,0,0,0,0,0.05859375,,
1.5218999999999652,,,,,-0.0625,0.013671875,-0.96875,-0.0006323422890738905,0.40689098099249343,0,-0.0544084832072258,0,0,0,0,0,0,0,0.05859375,,
1.543679999999993,,,,,-0.08203125,0.03515625,-0.984375,-0.0007235718110648042,0.4102563821776704,0,-0.0498046875,0,0,0,0,0,0,0,0.05859375,,
1.5703699999999954,,,,,-0.09375,0.0390625,-0.984375,-0.0033418437950958712,0.40569750006100896,0,-0.0599888376891613,0,0,0,0,0,0,0,0.060546875,,
1.5955999999999768,,,,,-0.07421875,0.029296875,-0.97265625,0.0026769064822308283,0.40272992585299355,0,-0.0618489570915699,0,0,0,0,0,0,0,0.060546875,,
1.6249099999999743,,,,,-0.0625,0.017578125,-0.966796875,0.006488202543496593,0.4061813436818811,0,-0.0537109375,0,0,0,0,0,0,0,0.060546875,,
1.6466000000000058,,,,,-0.072265625,0.044921875,-1.005859375,-0.009047455436542515,0.4212162465964579,0,-0.05681818351149559,0,0,0,0,0,0,0,0.0625,,
1.6714099999999743,,,,,-0.078125,0.017578125,-0.97265625,-0.010541809218487215,0.41255732739692874,0,-0.0558035708963871,0,0,0,0,0,0,0,0.0625,,
1.6929049999999697,,,,,-0.07421875,0.046875,-0.994140625,-0.0036884549698996526,0.40778340367099086,0,-0.054931640625,0,0,0,0,0,0,0,0.064453125,,
1.7231899999999731,,,,,-0.07421875,0.01953125,-0.990234375,-0.005881523951665634,0.40468680449740957,0,-0.0641741082072258,0,0,0,0,0,0,0,0.064453125,,
1.743914999999979,,,,,-0.103515625,0.02734375,-0.96875,-0.006002848564122439,0.4032890340371124,0,-0.0615234375,0,0,0,0,0,0,0,0.068359375,,
1.771539999999979,,,,,-0.078125,0.04296875,-1.013671875,-0.008361474218025413,0.4089123721196924,0,-0.0474330373108387,0,0,0,0,0,0,0,0.07421875,,
1.8024349999999976,,,,,-0.05078125,0.017578125,-0.998046875,-0.008065904751164714,0.4156431744900463,0,-0.05859375,0,0,0,0,0,0,0,0.08203125,,
1.8249799999999814,,,,,-0.08203125,0.03125,-0.986328125,-0.00755768066782789,0.4101918696948874,0,-0.06392045319080353,0,0,0,0,0,0,0,0.087890625,,
1.846039999999979,,,,,-0.078125,0.046875,-1.029296875,-0.010780776659758552,0.4073963287742932,0,-0.05615234375,0,0.20943951024,0,0,0,0,0,0.087890625,,
1.8702250000000058,,,,,-0.0859375,0,-0.984375,-0.011603834664367187,0.40163321364568355,0,-0.0472005195915699,0,0.83775804096,0,0,0,0,0,0.08984375,,
1.8953549999999815,,,,,-0.09375,0.052734375,-0.974609375,-0.01159625389863432,0.3997408474840505,0,-0.05615234375,0,0.9424777960799999,0,0,0,0,0,0.091796875,,
1.925274999999994,,,,,-0.07421875,0.013671875,-1.03515625,-0.011690751330407647,0.40113861794434763,0,-0.0477430559694767,0,0.9424777960799999,0,0,0,0,0,0.09375,,
1.9474749999999768,,,,,-0.072265625,0.037109375,-0.98046875,-0.011660271992009145,0.39057281727455934,0,-0.056640625,0,0.9424777960799999,0,0,0,0,0,0.09375,,
1.9714899999999616,,,,,-0.0625,0.03515625,-0.984375,-0.010932185203743977,0.3805376317756607,0,-0.0544084832072258,0,0.9424777960799999,0,0,0,0,0,0.095703125,,
1.9934049999999697,,,,,-0.0859375,0.044921875,-0.986328125,-0.010521144811232225,0.3863975156284449,0,-0.05859375,0,0.9424777960799999,0,0,0,0,0,0.09765625,,
2.0205049999999756,,,,,-0.0625,0.029296875,-0.9921875,-0.010364280584398084,0.3835697184664591,0,-0.0439453125,0,0.9424777960799999,0,0,0,0,0,0.099609375,,
2.0498499999999766,,,,,-0.0859375,0.01953125,-0.990234375,-0.010320167745114251,0.38147306277601345,0,-0.0607638880610466,0,0.9424777960799999,0,0,0,0,0,0.09765625,,
2.071024999999965,,,,,-0.05078125,0.01171875,-0.99609375,-0.010638808981771624,0.36831601071444353,0,-0.064453125,0,0.9424777960799999,0,0,0,0,0,0.09765625,,
2.0934899999999907,,,,,-0.0859375,0.044921875,-0.998046875,-0.009979010834507461,0.3615279535156198,0,-0.0569661445915699,0,25.02802147368,0,0,0,0,0,0.09765625,,
2.1204099999999744,,,,,-0.078125,0.041015625,-0.986328125,-0.01088902130396559,0.36163547432025805,0,-0.050048828125,0,47.33332931424,0,0,0,0,0,0.09765625,,
2.1432900000000084,,,,,-0.07421875,0.02734375,-0.984375,-0.011803944879383781,0.36154945767654745,0,-0.0596788190305233,0,51.20796025368,0,0,0,0,0,0.09765625,,
2.1698549999999814,,,,,-0.0859375,0.021484375,-1.005859375,-0.010246713203025618,0.3552272343638189,0,-0.0516183041036129,0,53.72123437656,0,0,0,0,0,0.09765625,,
2.19338499999998,,,,,-0.0859375,0.021484375,-0.984375,-0.010054878845048479,0.3479588279702739,0,-0.0531684011220932,0,66.91592352168,0,0,0,0,0,0.09765625,,
2.2209100000000035,,,,,-0.0859375,0.05078125,-0.9921875,-0.009145891399409448,0.3377228473687134,0,-0.0571986623108387,0,69.21975813432,0,0,0,0,0,0.09765625,,
2.2431599999999743,,,,,-0.099609375,0.033203125,-0.984375,-0.007117422095839315,0.33323922981529874,0,-0.0595703125,0,71.7330322572,0,0,0,0,0,0.099609375,,
2.2708299999999872,,,,,-0.0625,0.029296875,-0.9921875,-0.006674887038512074,0.3287556122618841,0,-0.0544084832072258,0,79.69173364631999,0,0,0,0,0,0.099609375,,
2.2957549999999753,,,,,-0.103515625,0.015625,-1,-0.008425720479569883,0.32672346905422134,0,-0.05859375,0,81.157810218,0,0,0,0,0,0.1015625,,
2.3215999999999766,,,,,-0.0859375,0,-0.93359375,-0.007307423435200442,0.3232720512253338,0,-0.04150390625,0,85.13716091255999,0,0,0,0,0,0.1015625,,
2.344349999999977,,,,,-0.0859375,-0.00390625,-1.03125,-0.00629907503340936,0.3260030796631451,0,-0.0607638880610466,0,88.17403381103999,0,0,0,0,0,0.1015625,,
2.374329999999987,,,,,-0.09375,0,-0.986328125,-0.00605770656850218,0.32156247043158587,0,-0.0558035708963871,0,88.69763258664,0,0,0,0,0,0.1015625,,
2.3958949999999897,,,,,-0.072265625,0.029296875,-1.013671875,-0.005382257295517152,0.31115445654260415,0,-0.0546875,0,92.78170303632,0,0,0,0,0,0.1015625,,
2.4261899999999734,,,,,-0.078125,0.021484375,-0.984375,-0.005780526779248485,0.3044989187354971,0,-0.0530133917927742,0,93.51474132215999,0,0,0,0,0,0.1015625,,
2.448289999999979,,,,,-0.087890625,0.0234375,-0.98828125,-0.005503735705557385,0.30727295549516365,0,-0.0595703125,0,94.98081789384,0,0,0,0,0,0.1015625,,
2.4717949999999838,,,,,-0.09375,0.029296875,-1.01171875,-0.004753496929746614,0.31174582096811443,0,-0.068359375,0,96.97049324112,0,0,0,0,0,0.1015625,,
2.495284999999974,,,,,-0.048828125,0.001953125,-1,-0.004945782065867949,0.31353066632510923,0,-0.050048828125,0,97.28465250648,0,0,0,0,0,0.099609375,,
2.5211199999999954,,,,,-0.078125,0.00390625,-0.978515625,-0.00540178315355488,0.3020259402288175,0,-0.062255859375,0,99.69320687423999,0,0,0,0,0,0.099609375,,
2.5484199999999837,,,,,-0.0625,-0.0546875,-0.96875,-0.005891930959335467,0.2968111812038629,0,-0.06103515625,0,100.11208589472,0,0,0,0,0,0.099609375,,
2.572804999999964,,,,,-0.07421875,0.083984375,-0.970703125,-0.004664859986914586,0.2936895834432032,0,-0.0537109375,0,101.36872295616,0,0,0,0,0,0.1015625,,
2.593679999999993,,,,,-0.07421875,0.01953125,-1.01953125,-0.0050957011983541415,0.28510216557875845,0,-0.0502232126891613,0,102.52064026248,0,0,0,0,0,0.103515625,,
2.622234999999986,,,,,-0.078125,0.00390625,-0.947265625,-0.005983951481240783,0.28510216557875845,0,-0.0502232126891613,0,103.04423903808,0,0,0,0,0,0.103515625,,
2.645274999999994,,,,,-0.09375,0.02734375,-0.978515625,-0.005154615037874282,0.2833388243826913,0,-0.05859375,0,105.03391438535999,0,0,0,0,0,0.103515625,,
2.669914999999979,,,,,-0.07421875,0.0234375,-1,-0.005976975572080547,0.29154266177658905,0,-0.05859375,0,105.34807365072,0,0,0,0,0,0.103515625,,
2.6944449999999778,,,,,-0.09375,0.05859375,-1.015625,-0.006237272507491937,0.29287591975410326,0,-0.052490234375,0,107.23302924288,0,0,0,0,0,0.103515625,,
2.730924999999959,,,,,-0.07421875,0.02734375,-0.98046875,-0.005761916838587265,0.2914996534547338,0,-0.06591796875,0,107.75662801847999,0,0,0,0,0,0.103515625,,
2.7526149999999907,,,,,-0.080078125,0.037109375,-1.021484375,-0.004569421712353452,0.28971131367158826,0,-0.06084735691547394,0,109.11798483503999,0,0,0,0,0,0.1015625,,
2.7744949999999955,,,,,-0.07421875,0.013671875,-0.9765625,-0.005300266550606239,0.2845323053141758,0,-0.0544084832072258,0,109.95574287599999,0,0,0,0,0,0.1015625,,
2.79550999999998,,,,,-0.0625,0.021484375,-0.990234375,-0.006507170205237189,0.28527419886617966,0,-0.0446428582072258,0,111.00294042719999,0,0,0,0,0,0.1015625,,
2.8189599999999917,,,,,-0.09375,0.029296875,-0.986328125,-0.004987251097318851,0.27917776924319143,0,-0.0641741082072258,0,111.94541822327999,0,0,0,0,0,0.1015625,,
2.8470350000000035,,,,,-0.0859375,0.02734375,-0.97265625,-0.004894316410857963,0.2748876891381256,0,-0.0390625,0,112.25957748863999,0,0,0,0,0,0.1015625,,
2.8687999999999882,,,,,-0.08203125,0.021484375,-0.96484375,-0.005269439910092773,0.27743593220805196,0,-0.0546875,0,113.83037381544,0,0,0,0,0,0.099609375,,
2.8955249999999944,,,,,-0.0625,0.013671875,-0.986328125,-0.005461902718196279,0.27746818844944343,0,-0.0460379458963871,0,114.03981332567999,0,0,0,0,0,0.099609375,,
2.9263399999999673,,,,,-0.07421875,0.03125,-0.98046875,-0.006355488787897719,0.26716769536509993,0,-0.0640190988779068,0,115.7153294076,0,0,0,0,0,0.09765625,,
2.947664999999979,,,,,-0.080078125,0.0234375,-0.978515625,-0.0052294532390864505,0.26559063396306853,0,-0.0546875,0,116.34364793831999,0,0,0,0,0,0.09765625,,
2.9763249999999823,,,,,-0.078125,0.005859375,-0.978515625,-0.004901098757655085,0.2713610067459913,0,-0.0516183041036129,0,117.70500475488,0,0,0,0,0,0.09765625,,
3.001414999999979,,,,,-0.0625,0.01953125,-0.982421875,-0.007883917545286756,0.26569815476770686,0,-0.0499131940305233,0,118.01916402024,0,0,0,0,0,0.09765625,,
3.0240650000000024,,,,,-0.07421875,0.046875,-0.982421875,-0.007136287566431774,0.2687805074346735,0,-0.0531684011220932,0,119.9041196124,0,0,0,0,0,0.09765625,,
3.046569999999978,,,,,-0.0625,0,-1.005859375,-0.009097882225061957,0.2509428059451895,0,-0.0558035708963871,0,120.32299863287999,0,0,0,0,0,0.099609375,,
3.0705350000000036,,,,,-0.03125,0.134765625,-0.99609375,-0.005815521950155839,0.2509428059451895,0,-0.0634765625,0,122.83627275575999,0,0,0,0,0,0.10546875,,
3.0957200000000014,,,,,-0.125,-0.033203125,-1.0078125,-0.0076840540702378295,0.2418250417118667,0,-0.052490234375,0,123.35987153136,0,0,0,0,0,0.11328125,,
3.123789999999979,,,,,-0.099609375,0.0546875,-0.994140625,-0.005609686001267353,0.24031975044693132,0,-0.057373046875,0,125.34954687864,0,0,0,0,0,0.12109375,,
3.1456049999999816,,,,,-0.009765625,0.03515625,-1.017578125,-0.00903626150491499,0.22689040194761506,0,-0.0596788190305233,0,125.87314565423999,0,0,0,0,0,0.125,,
3.1691299999999756,,,,,-0.125,0.01171875,-0.9453125,-0.007043090695165633,0.2356103392037764,0,-0.062255859375,0,127.96754075663999,0,0,0,0,0,0.126953125,,
3.200234999999986,,,,,-0.0859375,0.052734375,-0.974609375,-0.007494419895098343,0.23197613600700384,0,-0.0502232126891613,0,128.38641977711998,0,0,0,0,0,0.12890625,,
3.224214999999967,,,,,-0.09375,-0.00390625,-1.01171875,-0.006074369916138463,0.22948165333939666,0,-0.055930398404598236,0,130.48081487951998,0,0,0,0,0,0.1328125,,
3.249429999999964,,,,,0,0.048828125,-0.994140625,-0.007549965699763268,0.23034181977650262,0,-0.047607421875,0,131.21385316535998,0,0,0,0,0,0.130859375,,
3.2725049999999754,,,,,-0.099609375,0.04296875,-1.00390625,-0.007350684838275327,0.22692265818900656,0,-0.0634765625,0,132.57520998191998,0,0,0,0,0,0.130859375,,
3.2986049999999816,,,,,-0.01171875,0.078125,-0.9765625,-0.006517715763415659,0.2225788176816216,0,-0.050048828125,0,133.51768777799998,0,0,0,0,0,0.12890625,,
3.3225050000000045,,,,,-0.13671875,-0.00390625,-0.978515625,-0.007330975060105243,0.21606305692054426,0,-0.0575086809694767,0,134.5648853292,0,0,0,0,0,0.12890625,,
3.3444899999999906,,,,,-0.0234375,0.03515625,-1.015625,-0.006389774631696532,0.22093374937065655,0,-0.0432477667927742,0,135.61208288039998,0,0,0,0,0,0.12890625,,
3.3685299999999696,,,,,-0.015625,0.06640625,-0.990234375,-0.006490605726412067,0.2204606578302483,0,-0.0627790167927742,0,136.34512116624,0,0,0,0,0,0.126953125,,
3.394779999999999,,,,,0,0.0703125,-0.962890625,-0.007912548764351404,0.21074077709095135,0,-0.06103515625,0,137.28759896232,0,0,0,0,0,0.125,,
3.419919999999984,,,,,-0.01171875,0.052734375,-1.01171875,-0.006719614799683787,0.20287025419143218,0,-0.0651041641831398,0,138.02063724816,0,0,0,0,0,0.123046875,,
3.4457899999999793,,,,,-0.07421875,0.025390625,-1.021484375,-0.005696032616363238,0.21635336309306752,0,-0.0553385429084301,0,139.2772743096,0,0,0,0,0,0.12109375,,
3.4685049999999755,,,,,-0.125,-0.005859375,-0.9765625,-0.008372701879423315,0.18351650935654887,0,-0.05615234375,0,139.80087308519998,0,0,0,0,0,0.12109375,,
3.494859999999986,,,,,0,0.091796875,-1.001953125,-0.00659209952612512,0.19527928538397238,0,-0.0571986623108387,0,141.05751014664,0,0,0,0,0,0.12109375,,
3.519084999999992,,,,,-0.099609375,0,-0.98828125,-0.00541654394460669,0.1971286432237501,0,-0.0596788190305233,0,141.68582867735998,0,0,0,0,0,0.12109375,,
3.547844999999972,,,,,-0.01171875,0.05859375,-1.0078125,-0.00790640055487386,0.18982798058881356,0,-0.057373046875,0,142.52358671832,0,0,0,0,0,0.119140625,,
3.5714899999999616,,,,,-0.072265625,0.033203125,-0.974609375,-0.0072050272132849254,0.19398903572831347,0,-0.0576171875,0,143.4660645144,0,0,0,0,0,0.119140625,,
3.5942449999999955,,,,,-0.0859375,0.001953125,-0.96484375,-0.0062125888521649955,0.19979515917877846,0,-0.0558035708963871,0,143.98966328999998,0,0,0,0,0,0.119140625,,
3.6187949999999836,,,,,-0.046875,0.005859375,-0.984375,-0.008289814066987155,0.19229020701502927,0,-0.07080078125,0,145.35102010656,0,0,0,0,0,0.119140625,,
3.646469999999972,,,,,-0.0859375,0.03515625,-0.98046875,-0.010204486415664127,0.17158170004170414,0,-0.05126953125,0,146.08405839239998,0,0,0,0,0,0.119140625,,
3.673834999999992,,,,,-0.05078125,0.013671875,-0.974609375,-0.007934484631037563,0.17381813277817956,0,-0.05859375,0,147.44541520896,0,0,0,0,0,0.119140625,,
3.7052549999999758,,,,,-0.07421875,0.0625,-0.994140625,-0.005918631257920715,0.18923661616330326,0,-0.0499131940305233,0,148.59733251528,0,0,0,0,0,0.119140625,,
3.7277149999999675,,,,,-0.0625,0.02734375,-0.998046875,-0.007277390945081236,0.18551639632282013,0,-0.05681818351149559,0,149.64453006648,0,0,0,0,0,0.119140625,,
3.74788499999998,,,,,-0.09375,0.0390625,-0.970703125,-0.009774312963714726,0.17594704471001674,0,-0.0599888376891613,0,150.7964473728,0,0,0,0,0,0.119140625,,
3.769179999999993,,,,,-0.07421875,0,-1,-0.00985821868558704,0.15087319306837904,0,-0.0627790167927742,0,151.63420541376,0,0,0,0,0,0.119140625,,
3.795494999999966,,,,,-0.078125,0.03125,-1.021484375,-0.007742860273442105,0.1635821521766191,0,-0.0516183041036129,0,152.36724369959998,0,0,0,0,0,0.12109375,,
3.820664999999979,,,,,-0.099609375,0.005859375,-0.96875,-0.00578667459320044,0.16995813589166675,0,-0.05859375,0,153.10028198543998,0,0,0,0,0,0.12109375,,
3.846179999999993,,,,,-0.0625,0.025390625,-1.009765625,-0.0061846250195237784,0.1750868782729108,0,-0.054931640625,0,153.62388076104,0,0,0,0,0,0.123046875,,
3.8683099999999686,,,,,-0.08203125,0.01953125,-0.98046875,-0.007494785642726992,0.1738396369391072,0,-0.05126953125,0,154.77579806736,0,0,0,0,0,0.123046875,,
3.8956900000000023,,,,,-0.078125,-0.037109375,-1.017578125,-0.009346226962323553,0.14444344895101227,0,-0.05859375,0,155.19467708783998,0,0,0,0,0,0.126953125,,
3.9194349999999685,,,,,-0.0625,0.060546875,-0.98046875,-0.009156581953276505,0.13600306578691038,0,-0.048828125,0,156.0324351288,0,0,0,0,0,0.12890625,,
3.9453549999999815,,,,,-0.099609375,0.03515625,-0.96875,-0.00858976632255933,0.1317559940036999,0,-0.052490234375,0,156.97491292488,0,0,0,0,0,0.130859375,,
3.969524999999994,,,,,-0.0859375,0.03515625,-0.97265625,-0.007753372407212796,0.13594930538459127,0,-0.0618489570915699,0,157.28907219023998,0,0,0,0,0,0.130859375,,
3.995639999999956,,,,,-0.0625,0.033203125,-0.97265625,-0.0069696503321079245,0.1575609871168776,0,-0.05615234375,0,158.1268302312,0,0,0,0,0,0.1328125,,
4.023464999999967,,,,,-0.0625,0.02734375,-0.98828125,-0.00661106800886205,0.15677608524301845,0,-0.052490234375,0,159.06930802728,0,0,0,0,0,0.134765625,,
4.047974999999977,,,,,-0.0859375,0.02734375,-0.9921875,-0.006521893946645882,0.1559911833691593,0,-0.0542534738779068,0,159.80234631311998,0,0,0,0,0,0.134765625,,
4.069479999999982,,,,,-0.07421875,0.05078125,-1.005859375,-0.007046090095476497,0.16523797256804798,0,-0.050048828125,0,160.74482410919998,0,0,0,0,0,0.13671875,,
4.098019999999989,,,,,-0.078125,-0.00390625,-0.9921875,-0.00832764232530952,0.15123876380414908,0,-0.05859375,0,161.47786239503998,0,0,0,0,0,0.138671875,,
4.128494999999966,,,,,-0.08203125,0.041015625,-0.95703125,-0.00907532157330246,0.1444972093533314,0,-0.0629340261220932,0,162.00146117064,0,0,0,0,0,0.138671875,,
4.149734999999986,,,,,-0.041015625,0.013671875,-1.0390625,-0.009377593104841733,0.1377556549025137,0,-0.0654296875,0,163.15337847696,0,0,0,0,0,0.140625,,
4.170199999999983,,,,,-0.15625,0.072265625,-0.984375,-0.009571371773664272,0.12401449606974659,0,-0.0558035708963871,0,164.09585627304,0,0,0,0,0,0.142578125,,
4.206159999999975,,,,,-0.03125,0.017578125,-1.05078125,-0.009512129453588493,0.12103616978126731,0,-0.0502232126891613,0,164.4100155384,0,0,0,0,0,0.14453125,,
4.227164999999979,,,,,-0.078125,0.02734375,-0.962890625,-0.009543279023200155,0.11333418574301855,0,-0.0455729179084301,0,165.35249333448,0,0,0,0,0,0.146484375,,
4.248204999999958,,,,,-0.0625,0.005859375,-1.009765625,-0.009271876583471143,0.10388660144146795,0,-0.0651041641831398,0,166.29497113056,0,0,0,0,0,0.146484375,,
4.269234999999957,,,,,-0.125,0.0625,-0.93359375,-0.008984895559052084,0.10030615864701456,0,-0.0599888376891613,0,166.60913039591998,0,0,0,0,0,0.1484375,,
4.2955699999999775,,,,,-0.046875,0.025390625,-1.03125,-0.009019059139902015,0.09672571585256114,0,-0.062255859375,0,167.44688843688,0,0,0,0,0,0.150390625,,
4.320169999999984,,,,,-0.072265625,0.052734375,-0.939453125,-0.008917256682998462,0.10767133376473402,0,-0.0634765625,0,168.17992672271998,0,0,0,0,0,0.15234375,,
4.351929999999964,,,,,-0.0859375,0.025390625,-0.98828125,-0.010266529063779123,0.10712297766107899,0,-0.057373046875,0,168.70352549831998,0,0,0,0,0,0.154296875,,
4.373894999999989,,,,,-0.01953125,0.00390625,-1.037109375,-0.00999027164695443,0.10657462155742396,0,-0.05326704680919647,0,169.96016255976,0,0,0,0,0,0.158203125,,
4.395434999999969,,,,,-0.140625,0.064453125,-0.9453125,-0.009564009512737122,0.0865112394119283,0,-0.0544084832072258,0,171.21679962119998,0,0,0,0,0,0.16015625,,
4.418574999999983,,,,,-0.0625,0.025390625,-1.01953125,-0.009792007997539246,0.09839228832445387,0,-0.0460379458963871,0,171.7403983968,0,0,0,0,0,0.162109375,,
4.445174999999988,,,,,-0.09375,0.03125,-1.013671875,-0.010693287781107638,0.11027333723697945,0,-0.06103515625,0,172.99703545824,0,0,0,0,0,0.166015625,,
4.46901999999999,,,,,-0.111328125,0.0078125,-0.94921875,-0.011253239652261186,0.11214419923768483,0,-0.05859375,0,174.25367251967998,0,0,0,0,0,0.169921875,,
4.494834999999992,,,,,-0.048828125,0.02734375,-0.970703125,-0.009993625058373902,0.1258100935072052,0,-0.0599888376891613,0,175.30087007088,0,0,0,0,0,0.17578125,,
4.518444999999978,,,,,-0.01953125,-0.013671875,-1.02734375,-0.00965254273990069,0.10982174985749883,0,-0.0520833320915699,0,176.55750713231998,0,0,0,0,0,0.18359375,,
4.5469049999999696,,,,,-0.078125,0.076171875,-0.935546875,-0.009163045555109009,0.10982174985749883,0,-0.05615234375,0,178.023583704,0,0,0,0,0,0.19140625,,
4.5687799999999985,,,,,-0.08203125,0,-0.94140625,-0.009011380378025308,0.05814725114836045,0,-0.0575086809694767,0,178.86134174496,0,0,0,0,0,0.197265625,,
4.596574999999983,,,,,0.015625,0.0078125,-1.0078125,-0.009189367466200056,0.017472130753714076,0,-0.0613839291036129,0,179.59438003079998,0,0,0,0,0,0.203125,,
4.618919999999983,,,,,-0.17578125,0.064453125,-0.955078125,-0.009434535439244999,0.021418144283937502,0,-0.0618489570915699,0,180.74629733711998,0,0,0,0,0,0.2109375,,
4.6463399999999675,,,,,-0.078125,0.041015625,-0.9765625,-0.009679703412289943,0.07442590097059007,0,-0.05615234375,0,181.58405537808,0,0,0,0,0,0.220703125,,
4.668174999999988,,,,,0.03125,0,-1.044921875,-0.010811384826144486,0.09175099702396135,0,-0.064697265625,0,182.31709366392,0,0,0,0,0,0.228515625,,
4.695954999999987,,,,,-0.1875,0.099609375,-0.96484375,-0.01052630902104245,0.06462000358758252,0,-0.059814453125,0,183.15485170488,0,0,0,0,0,0.240234375,,
4.719664999999979,,,,,-0.072265625,0.056640625,-0.962890625,-0.009356982252625021,0.03786156973927522,0,-0.0629340261220932,0,184.20204925608,0,0,0,0,0,0.25,,
4.745225000000006,,,,,-0.111328125,0.05078125,-0.93359375,-0.009400835303963719,0.021224606835588675,0,-0.059814453125,0,185.14452705216,0,0,0,0,0,0.26171875,,
4.769104999999981,,,,,-0.0234375,-0.029296875,-0.97265625,-0.00941712567669258,0.054115220974426434,0,-0.0537109375,0,185.77284558288,0,0,0,0,0,0.275390625,,
4.798929999999964,,,,,-0.140625,0.052734375,-1.0078125,-0.009758672026536542,0.0661252948525179,0,-0.05859375,0,186.29644435848,0,0,0,0,0,0.28125,,
4.820464999999968,,,,,0.009765625,0.01953125,-1.025390625,-0.010065766003831177,0.02052572160544011,0,-0.0546875,0,187.13420239944,0,0,0,0,0,0.29296875,,
4.846125,,,,,-0.1875,0.029296875,-0.90234375,-0.00944618263850407,-0.011117651199594066,0,-0.0558035708963871,0,187.97196044039998,0,0,0,0,0,0.302734375,,
4.87013499999998,,,,,-0.0234375,0.001953125,-0.97265625,-0.009174412880710182,0.017963232028899243,0,-0.054931640625,0,188.39083946088,0,0,0,0,0,0.318359375,,
4.895954999999987,,,,,-0.125,0.08203125,-0.986328125,-0.009980308833456174,0.04384698413147447,0,-0.05859375,0,188.91443823647998,0,0,0,0,0,0.32421875,,
4.918244999999966,,,,,0.0234375,-0.013671875,-1.0625,-0.010290371441167118,0.04384698413147447,0,-0.0531684011220932,0,189.5427567672,0,0,0,0,0,0.337890625,,
4.9437549999999755,,,,,-0.0234375,0.00390625,-1.03125,-0.009611268126121394,-0.03136381871297475,0,-0.0544084832072258,0,190.17107529792,0,0,0,0,0,0.341796875,,
4.968689999999973,,,,,-0.1484375,0.044921875,-0.90625,-0.009573223057390001,-0.018601099202415605,0,-0.0640190988779068,0,190.69467407352,0,0,0,0,0,0.357421875,,
4.996209999999992,,,,,-0.099609375,0.03515625,-0.9765625,-0.010521768580665714,0.05966329449375964,0,-0.064697265625,0,191.32299260424,0,0,0,0,0,0.361328125,,
5.018669999999983,,,,,-0.041015625,0.048828125,-1.064453125,-0.010308079930347987,0.024235189365459407,0,-0.05859375,0,192.05603089008,0,0,0,0,0,0.375,,
5.046944999999978,,,,,0.015625,-0.052734375,-1.0078125,-0.009560397176900328,-0.03276158917327188,0,-0.0474330373108387,0,192.89378893103998,0,0,0,0,0,0.380859375,,
5.069684999999969,,,,,-0.03125,-0.033203125,-1.0703125,-0.010899090443460827,0.04117321052213302,0,-0.0517578125,0,193.52210746176,0,0,0,0,0,0.38671875,,
5.098819999999978,,,,,-0.111328125,0.1015625,-0.927734375,-0.011807182537697136,-0.04484692761461011,0,-0.0558035708963871,0,194.15042599248,0,0,0,0,0,0.3984375,,
5.122079999999958,,,,,-0.0625,0.0390625,-1.02734375,-0.008904078728149875,-0.03883651463533246,0,-0.056640625,0,194.88346427832,0,0,0,0,0,0.400390625,,
5.1535549999999635,,,,,-0.09375,0.01953125,-1.09765625,-0.008501255771364442,0.023149229238613175,0,-0.0530133917927742,0,195.51178280904,0,0,0,0,0,0.408203125,,
5.174869999999995,,,,,-0.134765625,0.02734375,-1.025390625,-0.011077144584639662,-0.03612699035844881,0,-0.05237926170229912,0,196.14010133975998,0,0,0,0,0,0.412109375,,
5.1973949999999896,,,,,-0.0625,-0.015625,-1.029296875,-0.008739239037664532,-0.0052792715077376075,0,-0.0558035708963871,0,196.97785938072,0,0,0,0,0,0.408203125,,
5.2197949999999835,,,,,-0.03125,0.01953125,-1.025390625,-0.011513305993758213,-0.017310849546756716,0,-0.0558035708963871,0,197.3967384012,0,0,0,0,0,0.412109375,,
5.245174999999988,,,,,-0.109375,0.0625,-1.072265625,-0.011258687678508064,-0.017310849546756716,0,-0.0530133917927742,0,197.9203371768,0,0,0,0,0,0.41796875,,
5.274474999999977,,,,,-0.07421875,0.05078125,-0.87890625,-0.009288388832954955,-0.024417974733344415,0,-0.0499131940305233,0,198.44393595239998,0,0,0,0,0,0.416015625,,
5.303284999999974,,,,,-0.01953125,0.05859375,-0.994140625,-0.012327007918737306,-0.0039137572888319535,0,-0.060546875,0,199.17697423823998,0,0,0,0,0,0.412109375,,
5.326099999999976,,,,,-0.134765625,0.013671875,-1.064453125,-0.010167025155804497,-0.045470548281511904,0,-0.0517578125,0,199.91001252407997,0,0,0,0,0,0.4140625,,
5.348414999999979,,,,,-0.224609375,0.03125,-1.05078125,-0.011209635054626426,-0.01210684260226588,0,-0.048828125,0,200.64305080992,0,0,0,0,0,0.416015625,,
5.372964999999968,,,,,-0.03125,0.060546875,-1.021484375,-0.012343864501726254,-0.07908155181142588,0,-0.0432477667927742,0,201.06192983039998,0,0,0,0,0,0.4140625,,
5.398799999999988,,,,,-0.0859375,0.044921875,-0.970703125,-0.00852268190288692,0.017536643236497024,0,-0.050048828125,0,201.585528606,0,0,0,0,0,0.412109375,,
5.420794999999984,,,,,-0.09375,0.046875,-0.896484375,-0.014348407460009148,-0.016386170626867848,0,-0.059814453125,0,202.21384713671998,0,0,0,0,0,0.41015625,,
5.445234999999986,,,,,0.125,-0.0390625,-0.994140625,-0.01341492168960793,-0.08486617110096321,0,-0.0530133917927742,0,202.94688542256,0,0,0,0,0,0.41015625,,
5.468414999999979,,,,,0,0.060546875,-1.0078125,-0.008943884816988443,0.007193141830298289,0,-0.0553385429084301,0,203.47048419816,0,0,0,0,0,0.4140625,,
5.495734999999986,,,,,0.0234375,0.05859375,-0.98828125,-0.013196355937388255,-0.039116068727391894,0,-0.0634765625,0,204.203522484,0,0,0,0,0,0.419921875,,
5.519549999999959,,,,,-0.111328125,0.0390625,-0.97265625,-0.009144658207391033,-0.03620225492169557,0,-0.059814453125,0,204.93656076983999,0,0,0,0,0,0.421875,,
5.546104999999981,,,,,-0.015625,-0.001953125,-0.96484375,-0.01308785656721501,-0.09246789198888682,0,-0.05615234375,0,205.56487930056,0,0,0,0,0,0.421875,,
5.5688800000000045,,,,,-0.125,-0.005859375,-1.08984375,-0.008651774933638582,-0.1218318237355903,0,-0.0596788190305233,0,206.19319783127997,0,0,0,0,0,0.423828125,,
5.596859999999986,,,,,-0.13671875,0.068359375,-0.96484375,-0.01579773689442126,-0.026439365860543334,0,-0.0537109375,0,206.71679660688,0,0,0,0,0,0.42578125,,
5.618944999999978,,,,,0.03125,0.17578125,-0.98828125,-0.010297911006109751,-0.05315828581314609,0,-0.0575086809694767,0,207.34511513759998,0,0,0,0,0,0.421875,,
5.645814999999973,,,,,-0.09375,0.05078125,-0.884765625,-0.008568642505469192,0.010418765969445505,0,-0.05859375,0,208.07815342344,0,0,0,0,0,0.419921875,,
5.669804999999993,,,,,-0.11328125,0.001953125,-1.05078125,-0.013471373641824174,-0.11613322108976355,0,-0.050048828125,0,208.91591146439998,0,0,0,0,0,0.419921875,,
5.695049999999959,,,,,-0.0625,-0.025390625,-0.8984375,-0.010886169649930577,-0.07169487253277877,0,-0.050048828125,0,209.43951023999998,0,0,0,0,0,0.416015625,,
5.719549999999988,,,,,0.01171875,-0.02734375,-0.943359375,-0.015057969048471651,-0.156130960415189,0,-0.0553385429084301,0,210.06782877071998,0,0,0,0,0,0.4140625,,
5.745704999999988,,,,,-0.224609375,0.025390625,-1.052734375,-0.010391380836198396,-0.03661083397932089,0,-0.04638671875,0,211.11502632192,0,0,0,0,0,0.41796875,,
5.76826999999999,,,,,0.03125,0.26953125,-0.93359375,-0.016565907607664628,-0.057975217860939274,0,-0.0455729179084301,0,212.5811028936,0,0,0,0,0,0.423828125,,
5.7937399999999615,,,,,-0.09375,-0.001953125,-1.125,-0.011660246091758274,0.001042951804990933,0,-0.05126953125,0,214.675497996,0,0,0,0,0,0.435546875,,
5.819989999999991,,,,,-0.13671875,0.080078125,-0.9609375,-0.016842720368510436,-0.10735952343128313,0,-0.054931640625,0,216.66517334327997,0,0,0,0,0,0.44921875,,
5.8453349999999915,,,,,-0.15625,-0.103515625,-0.94140625,-0.015614489534250377,-0.2690493094462692,0,-0.048828125,0,218.44540918031998,0,0,0,0,0,0.470703125,,
5.8680449999999835,,,,,-0.099609375,0.123046875,-0.958984375,-0.015236223208126648,-0.17171072500727005,0,-0.0607638880610466,0,220.33036477247998,0,0,0,0,0,0.48828125,,
5.893724999999977,,,,,-0.171875,-0.25,-1.169921875,-0.015814549386506994,-0.259221907902334,0,-0.0571986623108387,0,221.79644134415997,0,0,0,0,0,0.5078125,,
5.918674999999988,,,,,-0.111328125,0.095703125,-1.326171875,-0.01161063363197309,-0.09275819816141007,0,-0.0618489570915699,0,223.15779816071998,0,0,0,0,0,0.53515625,,
5.944399999999995,,,,,0.0234375,0.103515625,-1.318359375,-0.014970569893615485,-0.0646092515071187,0,-0.048828125,0,224.41443522216,0,0,0,0,0,0.548828125,,
5.970789999999979,,,,,-0.3359375,-0.1328125,-1.1484375,-0.015762392195257397,-0.08001698281177858,0,-0.0607638880610466,0,225.56635252848,0,0,0,0,0,0.572265625,,
5.9947499999999705,,,,,0.072265625,0.158203125,-0.779296875,-0.004917811741990511,-0.10613378625840718,0,-0.062255859375,0,226.7182698348,0,0,0,0,0,0.59375,,
6.018424999999988,,,,,0.203125,-0.095703125,-0.671875,-0.016863521807914335,-0.21668667758744606,0,-0.054931640625,0,227.76546738599998,0,0,0,0,0,0.615234375,,
6.045249999999971,,,,,-0.162109375,0.080078125,-1.0859375,-0.015672493170491072,-0.2728770500913905,0,-0.052490234375,0,229.02210444744,0,0,0,0,0,0.6328125,,
6.069069999999978,,,,,0.009765625,0.076171875,-0.876953125,-0.01237338318351683,-0.2778015029438219,0,-0.05615234375,0,230.06930199864,0,0,0,0,0,0.65234375,,
6.096349999999977,,,,,-0.234375,-0.142578125,-0.962890625,-0.01218602870745501,-0.23996493179162512,0,-0.048828125,0,231.11649954984,0,0,0,0,0,0.6640625,,
6.119004999999976,,,,,-0.009765625,-0.05078125,-1.03515625,-0.014020788807039391,-0.27773699046103906,0,-0.05859375,0,231.95425759079998,0,0,0,0,0,0.6796875,,
6.144035000000003,,,,,0.140625,-0.1484375,-0.748046875,-0.024265314713625755,-0.2628561110991065,0,-0.05615234375,0,233.10617489711998,0,0,0,0,0,0.69140625,,
6.168559999999968,,,,,-0.01171875,0.22265625,-0.70703125,-0.0129614535109914,-0.22341747995779992,0,-0.059814453125,0,233.83921318295998,0,0,0,0,0,0.703125,,
6.193409999999974,,,,,-0.125,0.203125,-0.91796875,-0.012966428056299526,-0.2027949896281854,0,-0.05615234375,0,234.57225146879998,0,0,0,0,0,0.705078125,,
6.218934999999968,,,,,-0.048828125,0.078125,-1.322265625,-0.014349490198834467,-0.18987098891066886,0,-0.068359375,0,235.30528975463997,0,0,0,0,0,0.71875,,
6.244065000000003,,,,,0.1484375,0.193359375,-0.8359375,-0.015911014952695687,-0.19995644038573585,0,-0.0509982630610466,0,236.14304779559998,0,0,0,0,0,0.732421875,,
6.269755000000004,,,,,-0.173828125,0.103515625,-1.177734375,-0.01592873271456538,-0.2679633493194229,0,-0.04638671875,0,236.98080583656,0,0,0,0,0,0.736328125,,
6.294419999999984,,,,,-0.28125,-0.21875,-1.17578125,-0.014666819881806294,-0.2099988835389475,0,-0.06103515625,0,237.81856387751998,0,0,0,0,0,0.740234375,,
6.319419999999955,,,,,0.046875,-0.056640625,-1.244140625,-0.014696433629482518,-0.21978327676102738,0,-0.0553385429084301,0,238.44688240824,0,0,0,0,0,0.75390625,,
6.343619999999966,,,,,-0.2109375,-0.21875,-1.203125,-0.014843435942909251,-0.2312880028573191,0,-0.052490234375,0,239.07520093896,0,0,0,0,0,0.7578125,,
6.368479999999981,,,,,-0.2109375,-0.00390625,-1.078125,-0.014793048065186701,-0.2456312781960604,0,-0.054931640625,0,239.91295897991998,0,0,0,0,0,0.76171875,,
6.395314999999973,,,,,-0.224609375,-0.146484375,-1.34375,-0.014471093374224777,-0.26735048073298495,0,-0.057373046875,0,240.75071702088,0,0,0,0,0,0.76953125,,
6.418929999999964,,,,,-0.134765625,-0.01171875,-1.1171875,-0.013869185524719656,-0.2878439460970336,0,-0.048828125,0,241.48375530671998,0,0,0,0,0,0.779296875,,
6.444789999999979,,,,,0.21875,0.275390625,-0.875,-0.014202969956238981,-0.28855358340764603,0,-0.0537109375,0,242.00735408231998,0,0,0,0,0,0.783203125,,
6.469229999999981,,,,,-0.072265625,0.0078125,-1.21875,-0.014133265607499385,-0.2976713476409688,0,-0.0509982630610466,0,242.74039236815997,0,0,0,0,0,0.78515625,,
6.497824999999983,,,,,-0.19921875,-0.01953125,-0.98828125,-0.014384480676462618,-0.30779980743789104,0,-0.050048828125,0,243.36871089887998,0,0,0,0,0,0.78515625,,
6.5196399999999555,,,,,0.0859375,0.22265625,-0.8359375,-0.013938312273840169,-0.3022302297576302,0,-0.0564236119389534,0,243.89230967447998,0,0,0,0,0,0.78515625,,
6.547499999999971,,,,,-0.0625,0.046875,-0.849609375,-0.014400893126230859,-0.2983809849515812,0,-0.047607421875,0,244.20646893984,0,0,0,0,0,0.787109375,,
6.568594999999972,,,,,0.08203125,0.142578125,-1.015625,-0.014976669606914387,-0.28417748665886966,0,-0.0531684011220932,0,244.73006771544,0,0,0,0,0,0.79296875,,
6.593949999999983,,,,,0,0.080078125,-0.755859375,-0.015334199020452544,-0.2988970848138447,0,-0.0432477667927742,0,245.35838624616,0,0,0,0,0,0.796875,,
6.619505000000005,,,,,-0.009765625,0.0546875,-0.96484375,-0.015286448267802483,-0.30627301201202806,0,-0.054931640625,0,245.98670477687998,0,0,0,0,0,0.794921875,,
6.644454999999987,,,,,-0.265625,-0.271484375,-1.05859375,-0.015463166633408463,-0.3061439870464621,0,-0.0520833320915699,0,246.71974306272,0,0,0,0,0,0.794921875,,
6.6705699999999775,,,,,-0.0234375,0.115234375,-0.87890625,-0.015337233238244756,-0.3083374114610823,0,-0.0537109375,0,247.24334183832,0,0,0,0,0,0.79296875,,
6.6969949999999665,,,,,-0.0625,0.029296875,-1.099609375,-0.015400790583423161,-0.3044236541722503,0,-0.054931640625,0,247.76694061391999,0,0,0,0,0,0.7890625,,
6.719604999999981,,,,,-0.048828125,0.0546875,-0.890625,-0.015724394894335542,-0.30104750090660953,0,-0.0607638880610466,0,248.39525914464,0,0,0,0,0,0.78125,,
6.745954999999958,,,,,-0.21875,-0.1953125,-1.134765625,-0.015457791702661264,-0.308595461392214,0,-0.059814453125,0,249.02357767535997,0,0,0,0,0,0.77734375,,
6.76988499999998,,,,,-0.14453125,0.01953125,-1.169921875,-0.015280262052932288,-0.3041225959192632,0,-0.050048828125,0,249.44245669583998,0,0,0,0,0,0.7734375,,
6.794114999999991,,,,,-0.13671875,-0.0625,-0.927734375,-0.015484262162932635,-0.31156303560022947,0,-0.057373046875,0,249.86133571631999,0,0,0,0,0,0.765625,,
6.819314999999973,,,,,-0.1484375,-0.09375,-1.078125,-0.015605087075595851,-0.31384247665856013,0,-0.059814453125,0,250.38493449191998,0,0,0,0,0,0.763671875,,
6.843959999999963,,,,,-0.15625,-0.1796875,-1.07421875,-0.015805800765964797,-0.3215839745925135,0,-0.0553385429084301,0,250.90853326751997,0,0,0,0,0,0.7578125,,
6.870564999999973,,,,,-0.1875,-0.111328125,-1.154296875,-0.015896745770303346,-0.3230677616965212,0,-0.05859375,0,251.64157155336,0,0,0,0,0,0.75390625,,
6.894424999999959,,,,,-0.103515625,0.1328125,-1.005859375,-0.015569766208704762,-0.32414296974290363,0,-0.0537109375,0,252.26989008407998,0,0,0,0,0,0.744140625,,
6.928624999999971,,,,,-0.0234375,0.087890625,-0.83203125,-0.015773819996643287,-0.3298200682278027,0,-0.050048828125,0,252.79348885968,0,0,0,0,0,0.732421875,,
6.949044999999984,,,,,-0.041015625,0.056640625,-1.166015625,-0.01716463686618946,-0.2597487598450614,0,-0.0569661445915699,0,253.42180739039998,0,0,0,0,0,0.724609375,,
6.97590499999997,,,,,-0.099609375,0.0390625,-0.87890625,-0.012448086784812925,-0.5249380724048177,0,-0.0651041641831398,0,253.945406166,0,0,0,0,0,0.716796875,,
6.997719999999972,,,,,-0.0859375,0.03515625,-1.029296875,-0.016069811635400257,-0.3398195030591591,0,-0.0629340261220932,0,254.4690049416,0,0,0,0,0,0.712890625,,
7.0266399999999845,,,,,-0.0625,-0.06640625,-0.88671875,-0.01443442274506514,-0.338357220116079,0,-0.0530133917927742,0,254.88788396208,0,0,0,0,0,0.708984375,,
7.04886499999999,,,,,0.041015625,0.193359375,-0.93359375,-0.016574397538983748,-0.339518444806172,0,-0.052734375,0,255.30676298255997,0,0,0,0,0,0.712890625,,
7.074559999999969,,,,,-0.0234375,0.10546875,-0.875,-0.015998696873708973,-0.33455098363188523,0,-0.0641741082072258,0,255.93508151327998,0,0,0,0,0,0.716796875,,
7.09725,,,,,-0.0625,0.015625,-0.94140625,-0.016627215340536076,-0.3455396098659135,0,-0.0434027761220932,0,256.563400044,0,0,0,0,0,0.716796875,,
7.120504999999976,,,,,-0.0625,0.0078125,-0.953125,-0.015971229896071613,-0.3450020058427223,0,-0.0571986623108387,0,257.19171857471997,0,0,0,0,0,0.71484375,,
7.144504999999976,,,,,-0.111328125,-0.029296875,-1.033203125,-0.01616214773079753,-0.34542133698081134,0,-0.047607421875,0,257.71531735032,0,0,0,0,0,0.7109375,,
7.170544999999984,,,,,-0.099609375,-0.00390625,-1.076171875,-0.01640838024287594,-0.34758250515404004,0,-0.05615234375,0,258.23891612591996,0,0,0,0,0,0.703125,,
7.195119999999996,,,,,-0.048828125,0.06640625,-0.958984375,-0.016891430771673595,-0.3515607749256549,0,-0.052490234375,0,258.76251490152,0,0,0,0,0,0.693359375,,
7.2240249999999655,,,,,-0.037109375,0.046875,-0.958984375,-0.01678706291458253,-0.3633450551140061,0,-0.0537109375,0,259.28611367712,0,0,0,0,0,0.689453125,,
7.2541499999999655,,,,,-0.17578125,0.025390625,-0.990234375,-0.016687363450396547,-0.3694307326565305,0,-0.056640625,0,259.80971245271996,0,0,0,0,0,0.6875,,
7.276079999999987,,,,,-0.0234375,0.013671875,-1.001953125,-0.01733576008085303,-0.4578163284953149,0,-0.0537109375,0,260.33331122832,0,0,0,0,0,0.681640625,,
7.29923999999999,,,,,-0.048828125,-0.001953125,-0.9921875,-0.014840687949019386,-0.13291721869379292,0,-0.05859375,0,260.96162975903997,0,0,0,0,0,0.673828125,,
7.32575999999998,,,,,-0.234375,0.138671875,-1.083984375,-0.01755796298771917,-0.3949346675167211,0,-0.06591796875,0,261.48522853464,0,0,0,0,0,0.666015625,,
7.347674999999959,,,,,0.03125,-0.0546875,-0.921875,-0.01715799905291177,-0.40056875767976496,0,-0.0634765625,0,262.11354706535997,0,0,0,0,0,0.662109375,,
7.369959999999992,,,,,-0.21875,0.138671875,-1.072265625,-0.018215340873784444,-0.40280519041624036,0,-0.0599888376891613,0,262.63714584096,0,0,0,0,0,0.66015625,,
7.395035000000004,,,,,-0.037109375,0,-0.994140625,-0.016977355661664282,-0.41891180695104874,0,-0.05859375,0,263.16074461656,0,0,0,0,0,0.654296875,,
7.424324999999983,,,,,-0.0625,-0.03515625,-1.03515625,-0.017861756612151294,-0.42467492207965846,0,-0.0537109375,0,263.8937829024,0,0,0,0,0,0.646484375,,
7.447239999999991,,,,,-0.07421875,-0.001953125,-0.951171875,-0.017883007455965404,-0.39354764913688783,0,-0.0556640625,0,264.73154094335996,0,0,0,0,0,0.640625,,
7.474894999999989,,,,,-0.111328125,0.021484375,-0.921875,-0.01733456114847828,-0.4281585961499374,0,-0.0655691996216774,0,265.35985947408,0,0,0,0,0,0.634765625,,
7.497539999999979,,,,,-0.09375,0.0625,-1.015625,-0.017603085444750484,-0.4348678943593636,0,-0.0509982630610466,0,265.9881780048,0,0,0,0,0,0.625,,
7.521534999999974,,,,,-0.140625,-0.046875,-1.013671875,-0.01752547468981759,-0.4321368659215523,0,-0.03662109375,0,266.61649653551996,0,0,0,0,0,0.6171875,,
7.54338499999998,,,,,-0.125,0.01171875,-1.029296875,-0.017574750895456445,-0.4248469553670796,0,-0.05859375,0,267.14009531112,0,0,0,0,0,0.61328125,,
7.571044999999984,,,,,-0.048828125,0.0390625,-1.02734375,-0.01733241043254138,-0.41643882844436925,0,-0.0558035708963871,0,267.66369408672,0,0,0,0,0,0.603515625,,
7.59476000000001,,,,,-0.0625,0.056640625,-0.986328125,-0.017279160279611627,-0.4098370510395813,0,-0.0542534738779068,0,268.0825731072,0,0,0,0,0,0.59375,,
7.621549999999959,,,,,-0.07421875,0.03125,-0.99609375,-0.017194882399975905,-0.41959994010073354,0,-0.057373046875,0,268.60617188279997,0,0,0,0,0,0.5859375,,
7.6531749999999885,,,,,-0.111328125,0.03515625,-1.033203125,-0.01706444069745843,-0.425373807309807,0,-0.0477430559694767,0,268.92033114815996,0,0,0,0,0,0.578125,,
7.674970000000001,,,,,-0.087890625,-0.05859375,-0.95703125,-0.017662899895087538,-0.41940640265238466,0,-0.048828125,0,269.54864967888,0,0,0,0,0,0.56640625,,
7.698229999999981,,,,,-0.125,0.017578125,-1.01171875,-0.01795791648414459,-0.4328465032321647,0,-0.0530133917927742,0,270.1769682096,0,0,0,0,0,0.55859375,,
7.720149999999965,,,,,-0.15625,0.1015625,-0.953125,-0.01831598078053812,-0.4594686544605931,0,-0.048828125,0,270.7005669852,0,0,0,0,0,0.55078125,,
7.74350999999998,,,,,-0.0859375,-0.0546875,-1.037109375,-0.01803499096002926,-0.47297326752315605,0,-0.0669642835855484,0,271.22416576079996,0,0,0,0,0,0.546875,,
7.771469999999972,,,,,-0.0234375,-0.025390625,-0.955078125,-0.01839704462609241,-0.4812953778021559,0,-0.05126953125,0,271.64304478127997,0,0,0,0,0,0.5390625,,
7.80288499999998,,,,,-0.037109375,0.041015625,-0.921875,-0.01908760186563235,-0.4693283122459197,0,-0.0564236119389534,0,272.48080282224,0,0,0,0,0,0.53515625,,
7.8249499999999825,,,,,-0.08203125,0.05859375,-1.015625,-0.018161197706827288,-0.4827361565843083,0,-0.05681818351149559,0,273.21384110808,0,0,0,0,0,0.52734375,,
7.84675999999998,,,,,-0.0625,-0.109375,-1.033203125,-0.019647668648823065,-0.4805857404915435,0,-0.0516183041036129,0,273.73743988368,0,0,0,0,0,0.521484375,,
7.872799999999959,,,,,-0.0859375,0.1015625,-0.98828125,-0.018651317694291843,-0.4571677092413347,0,-0.0502232126891613,0,274.3657584144,0,0,0,0,0,0.51953125,,
7.893569999999978,,,,,-0.0859375,0.03515625,-1.046875,-0.020182932743447707,-0.45454420160816167,0,-0.057373046875,0,275.41295596559996,0,0,0,0,0,0.521484375,,
7.922584999999992,,,,,-0.15625,-0.107421875,-1.078125,-0.020321259224894087,-0.47255393638506693,0,-0.048828125,0,276.4601535168,0,0,0,0,0,0.525390625,,
7.943939999999973,,,,,0.05078125,0.0546875,-0.9375,-0.019659994341038815,-0.45529684724062935,0,-0.0477430559694767,0,277.61207082312,0,0,0,0,0,0.529296875,,
7.97111499999999,,,,,-0.13671875,0.1171875,-0.9609375,-0.018955296779674922,-0.49187542497855874,0,-0.0558035708963871,0,278.44982886407996,0,0,0,0,0,0.541015625,,
7.993570000000007,,,,,-0.224609375,-0.115234375,-0.85546875,-0.020494782794309194,-0.5369266421219814,0,-0.0651041641831398,0,279.39230666016,0,0,0,0,0,0.548828125,,
8.020849999999976,,,,,0.162109375,-0.048828125,-1.017578125,-0.020570173945723656,-0.47840306815738726,0,-0.05859375,0,280.6489437216,0,0,0,0,0,0.56640625,,
8.044444999999978,,,,,-0.048828125,0.013671875,-0.845703125,-0.021453905408011672,-0.5443455776420201,0,-0.0618489570915699,0,281.80086102792,0,0,0,0,0,0.57421875,,
8.07764499999999,,,,,-0.0625,0.11328125,-0.974609375,-0.020398951164885527,-0.5327118265801626,0,-0.05126953125,0,282.84805857912,0,0,0,0,0,0.5859375,,
8.099069999999978,,,,,-0.0625,0.111328125,-1.09765625,-0.019783839232573004,-0.49860622734891263,0,-0.05415482819080353,0,283.79053637519996,0,0,0,0,0,0.59375,,
8.12126999999996,,,,,-0.0625,0.025390625,-1.04296875,-0.020349917943592807,-0.572892351273473,0,-0.0613839291036129,0,284.62829441616,0,0,0,0,0,0.609375,,
8.145704999999987,,,,,0.07421875,0.11328125,-0.896484375,-0.020684017789925967,-0.49458494925544244,0,-0.0460379458963871,0,285.67549196735996,0,0,0,0,0,0.619140625,,
8.17151999999996,,,,,-0.2734375,0.046875,-0.90234375,-0.020562842581957973,-0.5879345118423628,0,-0.062255859375,0,286.61796976344,0,0,0,0,0,0.630859375,,
8.194954999999988,,,,,0.07421875,-0.07421875,-0.908203125,-0.020254909425380677,-0.6236959314650415,0,-0.0542534738779068,0,287.24628829415997,0,0,0,0,0,0.642578125,,
8.220819999999978,,,,,0.037109375,-0.07421875,-0.81640625,-0.019865021107579876,-0.6071269754702887,0,-0.04638671875,0,287.76988706976,0,0,0,0,0,0.65234375,,
8.246929999999994,,,,,-0.07421875,0.216796875,-0.990234375,-0.020363336025083945,-0.6113095347707164,0,-0.0537109375,0,288.29348584536,0,0,0,0,0,0.662109375,,
8.272869999999966,,,,,-0.1484375,0.005859375,-1.25,-0.02082803360877981,-0.5264756199111447,0,-0.0634765625,0,289.23596364144,0,0,0,0,0,0.671875,,
8.29800999999998,,,,,-0.111328125,0.072265625,-0.86328125,-0.02030940169710435,-0.6435765282426523,0,-0.0466579869389534,0,290.38788094776,0,0,0,0,0,0.681640625,,
8.323209999999962,,,,,-0.07421875,0.099609375,-0.896484375,-0.0217221423268692,-0.533292438925209,0,-0.062255859375,0,291.22563898872,0,0,0,0,0,0.689453125,,
8.346559999999968,,,,,-0.412109375,-0.25,-1.146484375,-0.020482022131247987,-0.647630062577514,0,-0.0575086809694767,0,291.85395751944,0,0,0,0,0,0.697265625,,
8.370499999999971,,,,,0.099609375,-0.09375,-0.857421875,-0.02150557908452767,-0.6030626890549632,0,-0.05859375,0,292.58699580527997,0,0,0,0,0,0.70703125,,
8.393549999999989,,,,,-0.111328125,0.060546875,-0.83984375,-0.021683952539441907,-0.6662526659408572,0,-0.054931640625,0,293.52947360136,0,0,0,0,0,0.7109375,,
8.427724999999977,,,,,-0.07421875,0.0546875,-0.958984375,-0.02249841639746237,-0.572645053422805,0,-0.0537109375,0,294.47195139743997,0,0,0,0,0,0.712890625,,
8.45362499999997,,,,,-0.08203125,0.15625,-0.744140625,-0.020784309570121527,-0.6569091080177941,0,-0.05615234375,0,295.20498968327996,0,0,0,0,0,0.720703125,,
8.475494999999995,,,,,-0.134765625,-0.2109375,-0.84375,-0.02109259155135336,-0.5764942982288541,0,-0.0537109375,0,295.93802796911996,0,0,0,0,0,0.724609375,,
8.497829999999988,,,,,-0.203125,-0.166015625,-1.095703125,-0.02196516416496212,-0.6850473025916216,0,-0.0599888376891613,0,296.77578601007997,0,0,0,0,0,0.73046875,,
8.519864999999962,,,,,-0.171875,-0.02734375,-1.1953125,-0.021630687471953354,-0.6006327188701391,0,-0.0571986623108387,0,297.50882429591996,0,0,0,0,0,0.734375,,
8.548169999999983,,,,,0.099609375,0.15234375,-0.8125,-0.020999733058467987,-0.6722523268396711,0,-0.0571986623108387,0,298.24186258175996,0,0,0,0,0,0.734375,,
8.577534999999974,,,,,-0.19921875,0.041015625,-1.091796875,-0.0217268974041358,-0.6059872549411234,0,-0.05078125,0,298.97490086759996,0,0,0,0,0,0.728515625,,
8.59875999999998,,,,,-0.15625,-0.19140625,-1.041015625,-0.02168846907078022,-0.6000413544446287,0,-0.0634765625,0,299.70793915344,0,0,0,0,0,0.732421875,,
8.620924999999989,,,,,0.109375,0.111328125,-0.75390625,-0.022971453991949293,-0.6936489669626809,0,-0.0558035708963871,0,300.75513670464,0,0,0,0,0,0.744140625,,
8.644179999999993,,,,,0.099609375,0.03515625,-1.142578125,-0.02047044034406089,-0.6080946627120328,0,-0.0558035708963871,0,301.38345523536,0,0,0,0,0,0.75,,
8.67042499999999,,,,,-0.3125,-0.134765625,-0.84375,-0.021645920448192094,-0.7140779198439465,0,-0.05859375,0,301.90705401096,0,0,0,0,0,0.751953125,,
8.69339499999996,,,,,-0.01171875,0.23046875,-0.83203125,-0.02217956715633029,-0.6264592161442444,0,-0.0553385429084301,0,302.43065278655996,0,0,0,0,0,0.748046875,,
8.720819999999978,,,,,0,0.08203125,-1,-0.021851517721093637,-0.6264592161442444,0,-0.0634765625,0,303.05897131728,0,0,0,0,0,0.740234375,,
8.743889999999984,,,,,-0.009765625,0.123046875,-0.962890625,-0.022852448767753917,-0.6942545778948057,0,-0.0553385429084301,0,303.89672935824,0,0,0,0,0,0.73828125,,
8.770655,,,,,0.099609375,0.12109375,-0.828125,-0.022532514185687313,-0.6550812543389439,0,-0.0544084832072258,0,304.62976764408,0,0,0,0,0,0.732421875,,
8.793334999999963,,,,,-0.125,0.1328125,-0.84375,-0.021798304367640176,-0.6839935987061668,0,-0.0564236119389534,0,305.15336641967997,0,0,0,0,0,0.732421875,,
8.818584999999963,,,,,0.015625,0.138671875,-0.736328125,-0.022352379241337976,-0.7313995214711672,0,-0.05615234375,0,305.67696519528,0,0,0,0,0,0.734375,,
8.843464999999968,,,,,-0.103515625,0.015625,-1.294921875,-0.022257076745299913,-0.7313995214711672,0,-0.048828125,0,306.41000348112,0,0,0,0,0,0.732421875,,
8.869699999999982,,,,,-0.125,0.279296875,-0.990234375,-0.023254802844985607,-0.6706395147700974,0,-0.050048828125,0,307.35248127719996,0,0,0,0,0,0.7421875,,
8.894125,,,,,-0.11328125,-0.06640625,-0.87890625,-0.024464670511616556,-0.7491619583974044,0,-0.0618489570915699,0,308.3996788284,0,0,0,0,0,0.744140625,,
8.920504999999975,,,,,0.0859375,0.208984375,-0.984375,-0.023359223637000697,-0.7380550592782741,0,-0.050048828125,0,309.55159613472,0,0,0,0,0,0.744140625,,
8.943479999999981,,,,,0.0625,0.146484375,-1.12890625,-0.022720097840131074,-0.6783057481408039,0,-0.0607638880610466,0,310.17991466544,0,0,0,0,0,0.74609375,,
8.96886499999999,,,,,-0.25,0.1640625,-0.9765625,-0.023825417908244616,-0.7437966702459563,0,-0.052490234375,0,311.0176727064,0,0,0,0,0,0.75,,
8.993669999999955,,,,,-0.173828125,-0.23828125,-1.123046875,-0.0243300349682959,-0.7875038773314009,0,-0.05615234375,0,312.16959001272,0,0,0,0,0,0.755859375,,
9.018334999999992,,,,,-0.11328125,0.259765625,-0.923828125,-0.024725039309785406,-0.7468287569367547,0,-0.0439453125,0,313.53094682927997,0,0,0,0,0,0.763671875,,
9.045439999999973,,,,,-0.15625,0.0703125,-1.099609375,-0.025020739155574217,-0.7383023571289421,0,-0.052490234375,0,314.47342462536,0,0,0,0,0,0.771484375,,
9.07048999999999,,,,,-0.17578125,0.11328125,-1.0625,-0.024097716672157196,-0.7834288388356117,0,-0.0640190988779068,0,315.41590242143997,0,0,0,0,0,0.779296875,,
9.106954999999987,,,,,0.0859375,0.173828125,-0.775390625,-0.02402241485213118,-0.8254802255296275,0,-0.052490234375,0,316.35838021752,0,0,0,0,0,0.79296875,,
9.128824999999983,,,,,-0.017578125,-0.01953125,-1.19140625,-0.02472376954673168,-0.7874466225029312,0,-0.05483774095773697,0,317.61501727895995,0,0,0,0,0,0.794921875,,
9.151944999999978,,,,,-0.0859375,0.1875,-0.79296875,-0.024711059293734433,-0.7470437985460311,0,-0.05859375,0,318.45277531991997,0,0,0,0,0,0.806640625,,
9.173584999999992,,,,,0.109375,0.083984375,-0.990234375,-0.023499378819158877,-0.8058469266026849,0,-0.067138671875,0,318.87165434039997,0,0,0,0,0,0.8125,,
9.196219999999972,,,,,-0.125,-0.107421875,-0.615234375,-0.023703480330316735,-0.839447178052135,0,-0.0655691996216774,0,319.395253116,0,0,0,0,0,0.818359375,,
9.221534999999975,,,,,0.0234375,0.119140625,-0.90625,-0.0242653544895257,-0.862359861520544,0,-0.0516183041036129,0,320.02357164672,0,0,0,0,0,0.826171875,,
9.243954999999987,,,,,-0.224609375,0.16015625,-1.125,-0.024739146124852403,-0.8527617480924998,0,-0.057373046875,0,320.75660993255997,0,0,0,0,0,0.841796875,,
9.26915499999997,,,,,-0.125,0.115234375,-1.236328125,-0.025101415921320015,-0.8335657900384232,0,-0.06103515625,0,321.38492846328,0,0,0,0,0,0.84375,,
9.301625,,,,,0.166015625,0,-0.85546875,-0.02479475386919903,-0.8029331127969885,0,-0.05859375,0,321.80380748375995,0,0,0,0,0,0.845703125,,
9.322415000000008,,,,,-0.15625,-0.013671875,-0.935546875,-0.02429122850502125,-0.8072877053848373,0,-0.06036931648850441,0,322.5368457696,0,0,0,0,0,0.849609375,,
9.343824999999983,,,,,-0.15625,-0.064453125,-0.8359375,-0.024800576498106453,-0.8605105036807662,0,-0.0472005195915699,0,323.37460381055996,0,0,0,0,0,0.857421875,,
9.373609999999987,,,,,-0.09375,0.18359375,-0.73046875,-0.024800576498106453,-0.8605105036807662,0,-0.048828125,0,324.00292234128,0,0,0,0,0,0.865234375,,
9.39566499999998,,,,,-0.177734375,0.21875,-0.7578125,-0.024738084307708765,-0.8954117568663391,0,-0.0531684011220932,0,324.631240872,0,0,0,0,0,0.87890625,,
9.420774999999965,,,,,0.078125,0.0859375,-0.943359375,-0.025425906313738048,-0.8902722624046313,0,-0.0571986623108387,0,325.05011989248,0,0,0,0,0,0.88671875,,
9.44526999999999,,,,,-0.19921875,0.0703125,-0.8984375,-0.025671254398156765,-0.846898369813565,0,-0.05859375,0,325.67843842319996,0,0,0,0,0,0.88671875,,
9.470599999999976,,,,,-0.13671875,0.14453125,-0.71875,-0.02607325698165362,-0.8452748056635276,0,-0.04638671875,0,326.51619646416,0,0,0,0,0,0.892578125,,
9.493704999999988,,,,,0.07421875,0.3125,-1.08984375,-0.025568870320873197,-0.8436512415134901,0,-0.0537109375,0,327.24923474999997,0,0,0,0,0,0.91015625,,
9.521579999999988,,,,,-0.236328125,-0.1328125,-0.97265625,-0.024743916184054398,-0.8314476301870499,0,-0.052490234375,0,327.7728335256,0,0,0,0,0,0.916015625,,
9.544874999999971,,,,,0.19921875,0.0234375,-1.0234375,-0.0242079586669417,-0.837673084775604,0,-0.0596788190305233,0,328.19171254608,0,0,0,0,0,0.921875,,
9.56951999999996,,,,,0.15625,0.30078125,-0.9765625,-0.024424949648997604,-0.8733914960764274,0,-0.057373046875,0,328.8200310768,0,0,0,0,0,0.921875,,
9.601065000000002,,,,,-0.25,0.12109375,-0.91796875,-0.02563883166517222,-0.8869713737022372,0,-0.057373046875,0,329.55306936264,0,0,0,0,0,0.931640625,,
9.622084999999991,,,,,0.04296875,0.037109375,-0.931640625,-0.0256614050922835,-0.9037266094910258,0,-0.0556640625,0,330.3908274036,0,0,0,0,0,0.939453125,,
9.643734999999985,,,,,-0.15625,0.10546875,-1.337890625,-0.025704453269633956,-0.9100775946189952,0,-0.0669642835855484,0,331.01914593431997,0,0,0,0,0,0.939453125,,
9.669059999999998,,,,,-0.015625,-0.080078125,-1.08984375,-0.025828612347606767,-0.9166041074605363,0,-0.0502232126891613,0,331.54274470992,0,0,0,0,0,0.939453125,,
9.698899999999965,,,,,-0.0859375,-0.22265625,-0.8359375,-0.026309893352933763,-0.9231306203020776,0,-0.0531684011220932,0,332.17106324063997,0,0,0,0,0,0.94140625,,
9.736204999999957,,,,,-0.142578125,0.080078125,-1.291015625,-0.02665965059255553,-0.9419037527919143,0,-0.0542534738779068,0,332.90410152647996,0,0,0,0,0,0.943359375,,
9.757934999999998,,,,,0.087890625,0.32421875,-1.0078125,-0.0269428192711305,-0.9467924549768035,0,-0.048076923936605453,0,333.63713981231996,0,0,0,0,0,0.9609375,,
9.778934999999969,,,,,0.0234375,-0.05078125,-1.076171875,-0.026728431104563643,-0.9515698731288921,0,-0.0571986623108387,0,334.37017809815995,0,0,0,0,0,0.97265625,,
9.801954999999987,,,,,0.0625,0.380859375,-0.982421875,-0.026825905738553923,-0.9539030745895419,0,-0.0571986623108387,0,334.89377687376,0,0,0,0,0,0.98046875,,
9.822899999999994,,,,,0.4375,0.58984375,-0.75390625,-0.02750815071710369,-0.9645476342487278,0,-0.062255859375,0,335.41737564936,0,0,0,0,0,0.994140625,,
9.843725000000006,,,,,0.140625,-0.154296875,-0.990234375,-0.02787739781143811,-0.9653970486053698,0,-0.0602213554084301,0,336.04569418008,0,0,0,0,0,0.998046875,,
9.86886499999999,,,,,0.099609375,0.01953125,-1.13671875,-0.02722727824292357,-0.9662464629620119,0,-0.0655691996216774,0,336.56929295568,0,0,0,0,0,0.99609375,,
9.894309999999969,,,,,0.01171875,0.029296875,-1.208984375,-0.026912356186634647,-0.9643218405589874,0,-0.057373046875,0,336.88345222104,0,0,0,0,0,0.9921875,,
9.91872999999998,,,,,-0.5,-0.40625,-0.580078125,-0.02719219129573063,-0.9623972181559629,0,-0.0542534738779068,0,337.30233124152,0,0,0,0,0,0.994140625,,
9.944399999999995,,,,,-0.38671875,-0.232421875,-0.892578125,-0.02772729621563576,-0.9551073076014902,0,-0.05859375,0,338.03536952736,0,0,0,0,0,0.990234375,,
9.969109999999986,,,,,-0.30078125,0.2109375,-0.841796875,-0.027923859942963855,-0.9533762226468145,0,-0.047607421875,0,338.66368805807997,0,0,0,0,0,0.99609375,,
9.99391499999998,,,,,0.412109375,0.048828125,-1.01953125,-0.027627863705052165,-0.951645137692139,0,-0.062255859375,0,339.2920065888,0,0,0,0,0,0.998046875,,
10.019724999999976,,,,,-0.375,-0.07421875,-0.84375,-0.02713462162654885,-0.9339902215705398,0,-0.0629340261220932,0,339.71088560927996,0,0,0,0,0,1.0078125,,
10.043524999999965,,,,,-0.3125,-0.21875,-1.3828125,-0.027457749996652764,-0.9255068300845827,0,-0.0537109375,0,340.12976462975996,0,0,0,0,0,1.009765625,,
10.069274999999994,,,,,0.599609375,0.22265625,-0.630859375,-0.02772525140697836,-0.9288292229479043,0,-0.048828125,0,340.96752267072,0,0,0,0,0,1.021484375,,
10.094584999999991,,,,,-0.63671875,-0.294921875,-1.21484375,-0.027823644893703373,-0.9406350072971831,0,-0.062255859375,0,341.59584120143995,0,0,0,0,0,1.03125,,
10.119729999999981,,,,,0.1484375,-0.015625,-0.7421875,-0.026908480570467817,-0.9795360344152986,0,-0.0553385429084301,0,342.11943997704,0,0,0,0,0,1.0390625,,
10.145044999999984,,,,,-0.474609375,0.125,-1.048828125,-0.02639551210549397,-1.0005993600439298,0,-0.05859375,0,342.64303875264,0,0,0,0,0,1.048828125,,
10.177579999999987,,,,,0.0234375,0.0078125,-1.21875,-0.02723341032443968,-1.021662685672561,0,-0.0575086809694767,0,343.4807967936,0,0,0,0,0,1.0546875,,
10.19988499999998,,,,,0.01953125,0.1953125,-0.90625,-0.028408988817121023,-1.0471021080499687,0,-0.0625,0,344.63271409991995,0,0,0,0,0,1.076171875,,
10.222350000000006,,,,,0.0234375,-0.1015625,-1.255859375,-0.028426634996672757,-1.0532092897534207,0,-0.0558035708963871,0,345.575191896,0,0,0,0,0,1.099609375,,
10.245269999999989,,,,,-0.140625,-0.080078125,-1.029296875,-0.0282697774226539,-1.0161146121532278,0,-0.06591796875,0,346.20351042671996,0,0,0,0,0,1.109375,,
10.269849999999977,,,,,0.25,0.193359375,-1.189453125,-0.028498110802840947,-1.0161146121532278,0,-0.054931640625,0,346.93654871255995,0,0,0,0,0,1.123046875,,
10.29639499999999,,,,,-0.099609375,0.1328125,-0.796875,-0.030016694364953113,-0.9604833478334023,0,-0.059814453125,0,347.87902650864,0,0,0,0,0,1.14453125,,
10.319099999999978,,,,,0.037109375,-0.2109375,-0.9609375,-0.02962629357949323,-1.0119213007723367,0,-0.052490234375,0,348.7167845496,0,0,0,0,0,1.158203125,,
10.349699999999983,,,,,0.0859375,0.01953125,-0.984375,-0.028787993761705818,-1.0548328539034582,0,-0.052490234375,0,349.55454259056,0,0,0,0,0,1.17578125,,
10.37248999999999,,,,,-0.048828125,0.10546875,-1.025390625,-0.02799095451341997,-1.0718749014386193,0,-0.0576171875,0,350.18286112128,0,0,0,0,0,1.18359375,,
10.394524999999964,,,,,-0.349609375,-0.484375,-1.05859375,-0.02779716042970501,-1.0460053958426585,0,-0.0558035708963871,0,350.60174014176,0,0,0,0,0,1.203125,,
10.420799999999959,,,,,0.162109375,0.6328125,-0.78515625,-0.02995422379433353,-1.006330218931148,0,-0.050048828125,0,351.3347784276,0,0,0,0,0,1.21484375,,
10.445584999999992,,,,,-0.76171875,-0.712890625,-1.685546875,-0.030402357929816687,-1.0637463286079685,0,-0.052490234375,0,351.96309695831997,0,0,0,0,0,1.23828125,,
10.469194999999978,,,,,-0.037109375,0.609375,-0.9140625,-0.0288456458218625,-1.0823151715689925,0,-0.0564236119389534,0,352.38197597879997,0,0,0,0,0,1.265625,,
10.493719999999971,,,,,0.173828125,-0.01953125,-1.01953125,-0.027898897807052583,-1.0989486400465285,0,-0.05859375,0,352.69613524415996,0,0,0,0,0,1.283203125,,
10.522614999999991,,,,,0.32421875,0.10546875,-1.2734375,-0.028429900281887098,-1.09701326556304,0,-0.0537109375,0,353.21973401976,0,0,0,0,0,1.2890625,,
10.544569999999977,,,,,-0.736328125,0,-0.88671875,-0.03060214015243047,-1.0361779942987237,0,-0.0576171875,0,354.16221181583995,0,0,0,0,0,1.310546875,,
10.569064999999974,,,,,0.13671875,-0.3203125,-1.06640625,-0.03008941206220726,-1.0520480650633277,0,-0.0530133917927742,0,354.89525010168,0,0,0,0,0,1.32421875,,
10.594130000000005,,,,,-0.25,0.380859375,-0.79296875,-0.028893669948200237,-1.0879815179734278,0,-0.059814453125,0,355.41884887727997,0,0,0,0,0,1.34375,,
10.619079999999988,,,,,-0.01171875,-0.1875,-1.109375,-0.028939344804754925,-1.0993034587018347,0,-0.05859375,0,355.94244765288,0,0,0,0,0,1.35546875,,
10.646684999999968,,,,,0.44921875,0.181640625,-1.126953125,-0.02970806518377856,-1.0746919465201412,0,-0.052490234375,0,356.57076618359997,0,0,0,0,0,1.36328125,,
10.67026999999999,,,,,0.111328125,0.2734375,-0.830078125,-0.03123680772459433,-1.0578326843528651,0,-0.0546875,0,357.30380446943997,0,0,0,0,0,1.380859375,,
10.695059999999968,,,,,-0.162109375,-0.6875,-1.25390625,-0.029779026117941254,-1.1445374612131425,0,-0.0502232126891613,0,357.93212300016,0,0,0,0,0,1.396484375,,
10.71886499999999,,,,,-0.82421875,0.19140625,-0.66796875,-0.02907582809640145,-1.0990561608511666,0,-0.050048828125,0,358.45572177575997,0,0,0,0,0,1.412109375,,
10.74486499999999,,,,,-0.82421875,-0.744140625,-1.033203125,-0.02944046569495995,-1.0889922135370274,0,-0.052490234375,0,358.87460079624,0,0,0,0,0,1.43359375,,
10.769449999999983,,,,,-0.037109375,-0.01171875,-0.908203125,-0.02977794454760084,-1.1177755329386843,0,-0.0509982630610466,0,359.29347981672,0,0,0,0,0,1.4453125,,
10.794464999999997,,,,,-0.2734375,-0.328125,-0.9765625,-0.029868645421567225,-1.1296565818512099,0,-0.04638671875,0,359.92179834743996,0,0,0,0,0,1.455078125,,
10.822190000000003,,,,,0.162109375,-0.123046875,-1.3359375,-0.029455735560510458,-1.1090340915215953,0,-0.050048828125,0,360.55011687816,0,0,0,0,0,1.466796875,,
10.845184999999969,,,,,0.4609375,0.150390625,-0.828125,-0.030979335906819703,-1.1153778189952517,0,-0.0542534738779068,0,361.283155164,0,0,0,0,0,1.474609375,,
10.874409999999974,,,,,0.5,-0.21875,-1.34765625,-0.031045966871375816,-1.1382582462222692,0,-0.05126953125,0,362.12091320496,0,0,0,0,0,1.484375,,
10.897469999999972,,,,,-0.51953125,0.396484375,-0.97265625,-0.031011511436934387,-1.0901104299052649,0,-0.0640190988779068,0,363.06339100104,0,0,0,0,0,1.5078125,,
10.920789999999979,,,,,-0.048828125,-0.275390625,-1.109375,-0.03133990004596999,-1.1562142205968553,0,-0.07080078125,0,363.79642928687997,0,0,0,0,0,1.517578125,,
10.943889999999955,,,,,0.421875,0.275390625,-0.8046875,-0.030437094309079173,-1.1349251012784838,0,-0.054931640625,0,364.42474781759995,0,0,0,0,0,1.51171875,,
10.968679999999994,,,,,-0.0859375,0.01953125,-0.853515625,-0.030442320615783162,-1.1356562427500236,0,-0.0558035708963871,0,364.84362683807996,0,0,0,0,0,1.513671875,,
10.995584999999991,,,,,-0.037109375,0.1640625,-1.05859375,-0.030049111460762213,-1.15653678301077,0,-0.062255859375,0,365.4719453688,0,0,0,0,0,1.521484375,,
11.018939999999974,,,,,-0.037109375,-0.138671875,-0.748046875,-0.03315517000324347,-1.135817523956981,0,-0.0651041641831398,0,366.51914292,0,0,0,0,0,1.521484375,,
11.044934999999969,,,,,-0.861328125,0.05078125,-1.3046875,-0.031749120529792244,-1.146214785765499,0,-0.0537109375,0,367.77577998144,0,0,0,0,0,1.521484375,,
11.069549999999989,,,,,0.3125,0.263671875,-0.86328125,-0.032265066629940074,-1.1658695888533694,0,-0.048828125,0,368.50881826728,0,0,0,0,0,1.525390625,,
11.094944999999978,,,,,-0.423828125,-0.009765625,-1.3359375,-0.03216743429977231,-1.156472270527987,0,-0.05126953125,0,369.55601581848,0,0,0,0,0,1.5234375,,
11.12111499999999,,,,,-0.19921875,0.0390625,-0.869140625,-0.03282777676554782,-1.1701489168779713,0,-0.0640190988779068,0,370.49849361456,0,0,0,0,0,1.533203125,,
11.144319999999977,,,,,0.125,-0.73046875,-1.232421875,-0.033620465873045846,-1.1688586672223125,0,-0.0537109375,0,371.65041092088,0,0,0,0,0,1.57421875,,
11.171324999999982,,,,,-1.69921875,-0.47265625,-0.666015625,-0.032723133190312975,-1.1768367109264697,0,-0.05859375,0,372.48816896183996,0,0,0,0,0,1.61328125,,
11.194269999999989,,,,,-0.2734375,-0.529296875,-1.4296875,-0.032197894667478376,-1.20444805355757,0,-0.0618489570915699,0,373.01176773744,0,0,0,0,0,1.642578125,,
11.220124999999971,,,,,-0.3359375,-0.0546875,-1.072265625,-0.03186670862011102,-1.1461287691217883,0,-0.0767299085855484,0,373.53536651304,0,0,0,0,0,1.6484375,,
11.244294999999983,,,,,0.7109375,0.115234375,-1.466796875,-0.0326697196366537,-1.1697833461422011,0,-0.0553385429084301,0,374.16368504376,0,0,0,0,0,1.671875,,
11.269179999999993,,,,,-0.4609375,0.833984375,-0.861328125,-0.032524553352391614,-1.1359357968420831,0,-0.054931640625,0,374.8967233296,0,0,0,0,0,1.673828125,,
11.293874999999971,,,,,0.537109375,-0.78125,-0.609375,-0.03302290319530437,-1.2127486596756423,0,-0.050048828125,0,375.62976161544,0,0,0,0,0,1.689453125,,
11.320429999999964,,,,,-0.69921875,0.154296875,-1.259765625,-0.03269050165537682,-1.1372690548195974,0,-0.05615234375,0,376.25808014615995,0,0,0,0,0,1.71484375,,
11.348004999999976,,,,,0.625,0.1328125,-1.041015625,-0.03308809686977524,-1.2193289329195023,0,-0.05859375,0,376.78167892176,0,0,0,0,0,1.732421875,,
11.371899999999965,,,,,-1.30078125,-0.693359375,-0.845703125,-0.03242328855575657,-1.1284093405174063,0,-0.0553385429084301,0,377.20055794224,0,0,0,0,0,1.767578125,,
11.399579999999988,,,,,0.890625,0.03125,-0.998046875,-0.03349143365840872,-1.208404819168257,0,-0.062255859375,0,378.14303573831995,0,0,0,0,0,1.78515625,,
11.422089999999997,,,,,-0.89453125,-0.44140625,-0.78125,-0.033365044758757165,-1.1457416942250906,0,-0.0640190988779068,0,378.77135426904,0,0,0,0,0,1.818359375,,
11.448814999999973,,,,,1.1875,0.083984375,-1.578125,-0.03358962126283475,-1.22117829075928,0,-0.0558035708963871,0,379.39967279975997,0,0,0,0,0,1.833984375,,
11.472779999999998,,,,,-1.42578125,-0.580078125,-0.591796875,-0.03307420397852909,-1.1634181145076172,0,-0.0531684011220932,0,379.92327157536,0,0,0,0,0,1.869140625,,
11.494274999999964,,,,,-0.861328125,-0.09765625,-1.05859375,-0.034295861088272726,-1.2079317276278487,0,-0.050048828125,0,380.55159010607997,0,0,0,0,0,1.908203125,,
11.519784999999974,,,,,0.453125,-0.376953125,-1.080078125,-0.033745415070779446,-1.194728172818273,0,-0.0544084832072258,0,381.07518888168,0,0,0,0,0,1.916015625,,
11.546569999999978,,,,,-0.19921875,0.49609375,-1.48046875,-0.03421264885626506,-1.2106197477438048,0,-0.057373046875,0,381.49406790216,0,0,0,0,0,1.921875,,
11.57065499999997,,,,,-0.44921875,-0.41015625,-0.421875,-0.033646237153873104,-1.2042115077873659,0,-0.064453125,0,382.01766667775996,0,0,0,0,0,1.931640625,,
11.594054999999994,,,,,-0.037109375,0.169921875,-1.37890625,-0.034355611422289614,-1.2235652526222491,0,-0.0544084832072258,0,382.75070496359996,0,0,0,0,0,1.94921875,,
11.620419999999983,,,,,0.298828125,-0.42578125,-0.689453125,-0.03495057377443491,-1.2230061444381304,0,-0.064697265625,0,383.48374324943995,0,0,0,0,0,1.98046875,,
11.647244999999995,,,,,0.13671875,0.7578125,-0.64453125,-0.034863082383510255,-1.245015653147578,0,-0.0542534738779068,0,384.11206178016,0,0,0,0,0,2.021484375,,
11.672804999999965,,,,,0.3359375,-0.607421875,-0.38671875,-0.034240071410888716,-1.2611760300847055,0,-0.059814453125,0,384.53094080064,0,0,0,0,0,2.052734375,,
11.698699999999983,,,,,-0.478515625,-0.1640625,-0.962890625,-0.03396725185019695,-1.23352167913175,0,-0.0575086809694767,0,384.845100066,0,0,0,0,0,2.0703125,,
11.72202999999997,,,,,-0.07421875,-0.353515625,-1.125,-0.03466384853217263,-1.2656919038795116,0,-0.05859375,0,385.57813835184,0,0,0,0,0,2.07421875,,
11.746375,,,,,0.298828125,-0.720703125,-0.904296875,-0.0355982528826829,-1.2530259530931271,0,-0.05859375,0,386.52061614791995,0,0,0,0,0,2.07421875,,
11.776064999999972,,,,,0.4375,0.173828125,-1.775390625,-0.035745227871779486,-1.3399457715626806,0,-0.06103515625,0,387.25365443376,0,0,0,0,0,2.095703125,,
11.798054999999993,,,,,0.322265625,0.65234375,-1.291015625,-0.035039881944125315,-1.2544452277143516,0,-0.0654296875,0,387.88197296448,0,0,0,0,0,2.10546875,,
11.823214999999996,,,,,0.07421875,1.08203125,-1.2265625,-0.03511988590402965,-1.352267655774223,0,-0.0530133917927742,0,388.40557174007995,0,0,0,0,0,2.134765625,,
11.846669999999984,,,,,0.5234375,-0.478515625,-0.9453125,-0.03457803810628951,-1.289324976738997,0,-0.048828125,0,389.24332978103996,0,0,0,0,0,2.1484375,,
11.869869999999967,,,,,0,0.3828125,-1.384765625,-0.038048995801414694,-1.3685678097573801,0,-0.062255859375,0,390.6046865976,0,0,0,0,0,2.15625,,
11.90689499999999,,,,,-0.38671875,0.17578125,-0.45703125,-0.036837738508027504,-1.3729976669084756,0,-0.059814453125,0,391.54716439367996,0,0,0,0,0,2.1640625,,
11.928354999999982,,,,,-0.205078125,-0.16015625,-1.32421875,-0.03676242986527084,-1.418930554649932,0,-0.04638671875,0,392.90852121024,0,0,0,0,0,2.17578125,,
11.949859999999987,,,,,-0.287109375,0.384765625,-0.869140625,-0.03556957132331715,-1.3749115372310363,0,-0.0569661445915699,0,393.53683974096,0,0,0,0,0,2.201171875,,
11.970914999999978,,,,,-0.578125,-0.783203125,-0.73046875,-0.03676673864266778,-1.4138770768319346,0,-0.0627790167927742,0,394.2698780268,0,0,0,0,0,2.19921875,,
11.999164999999978,,,,,0.671875,0.1875,-1.169921875,-0.036289301940825934,-1.479249726051985,0,-0.054931640625,0,395.10763606776,0,0,0,0,0,2.19140625,,
12.021684999999968,,,,,-0.541015625,0.408203125,-0.845703125,-0.03583346687843659,-1.445402176751867,0,-0.0575086809694767,0,395.8406743536,0,0,0,0,0,2.220703125,,
12.047544999999984,,,,,0.4375,-0.28515625,-1.330078125,-0.035870361854826484,-1.523612810045723,0,-0.0460379458963871,0,396.67843239456,0,0,0,0,0,2.2265625,,
12.069474999999978,,,,,-0.625,-0.21875,-0.90625,-0.035972622903688134,-1.474368281521409,0,-0.05859375,0,397.30675092527997,0,0,0,0,0,2.224609375,,
12.096664999999978,,,,,-0.037109375,0.6796875,-0.8359375,-0.036360707933608204,-1.5222795520682089,0,-0.0613839291036129,0,398.24922872136,0,0,0,0,0,2.220703125,,
12.12476999999996,,,,,-0.224609375,-0.462890625,-0.72265625,-0.03597988520456836,-1.529956537519379,0,-0.0575086809694767,0,398.9822670072,0,0,0,0,0,2.21875,,
12.149644999999989,,,,,0.14453125,0.443359375,-1.2265625,-0.036106050165023586,-1.5290426106799542,0,-0.0607638880610466,0,399.61058553792,0,0,0,0,0,2.21484375,,
12.173279999999998,,,,,-0.423828125,0.095703125,-0.640625,-0.0358393745154007,-1.5700833018103706,0,-0.05126953125,0,400.23890406863995,0,0,0,0,0,2.197265625,,
12.207324999999983,,,,,-0.046875,-0.640625,-0.533203125,-0.036069161821454365,-1.5376980354533325,0,-0.05859375,0,400.86722259936,0,0,0,0,0,2.185546875,,
12.229939999999972,,,,,-0.392578125,-0.50390625,-0.93359375,-0.036305076505505865,-1.5869354407243392,0,-0.0634765625,0,401.6002608852,0,0,0,0,0,2.1875,,
12.25129999999996,,,,,-0.7109375,-0.05859375,-1.07421875,-0.036047854682620284,-1.55801946752996,0,-0.0530133917927742,0,402.33329917104,0,0,0,0,0,2.17578125,,
12.273029999999999,,,,,-0.015625,-0.546875,-0.75390625,-0.03585309780103165,-1.5748464734558445,0,-0.0530133917927742,0,402.6474584364,0,0,0,0,0,2.166015625,,
12.303349999999977,,,,,-0.046875,-0.583984375,-0.90234375,-0.03545909967976223,-1.5985548108785765,0,-0.048828125,0,402.96161770175996,0,0,0,0,0,2.16015625,,
12.32523999999999,,,,,-0.115234375,0.38671875,-0.732421875,-0.03695161081756395,-1.5826847401139723,0,-0.05078125,0,403.79937574272,0,0,0,0,0,2.154296875,,
12.348064999999973,,,,,0.21875,0.10546875,-0.88671875,-0.037773309201740636,-1.6116508448835143,0,-0.0571986623108387,0,404.84657329391996,0,0,0,0,0,2.140625,,
12.369534999999974,,,,,0.359375,-0.232421875,-1.142578125,-0.03724704851351471,-1.6110917366993953,0,-0.06103515625,0,405.57961157975996,0,0,0,0,0,2.12890625,,
12.398484999999987,,,,,-0.162109375,0.1640625,-1.3515625,-0.037354217829698465,-1.614908725264053,0,-0.0558035708963871,0,406.31264986559995,0,0,0,0,0,2.11328125,,
12.421454999999957,,,,,-0.39453125,-0.16015625,-0.7578125,-0.03702870477401971,-1.6389288730202358,0,-0.0542534738779068,0,406.94096839632,0,0,0,0,0,2.10546875,,
12.44553999999998,,,,,0.15625,0.08203125,-0.94140625,-0.037212710372998,-1.6345527762714596,0,-0.06103515625,0,407.67400668216,0,0,0,0,0,2.103515625,,
12.471945000000007,,,,,-0.423828125,-0.0703125,-0.794921875,-0.03748855442616901,-1.6511862447489953,0,-0.05615234375,0,408.407044968,0,0,0,0,0,2.09765625,,
12.496959999999993,,,,,0.3125,-0.673828125,-0.890625,-0.03721966369165801,-1.6663251740420595,0,-0.0553385429084301,0,409.03536349871996,0,0,0,0,0,2.099609375,,
12.520934999999968,,,,,-0.111328125,-0.181640625,-1.080078125,-0.03711890596818713,-1.655734374785193,0,-0.064697265625,0,409.55896227432,0,0,0,0,0,2.1015625,,
12.54725999999998,,,,,-0.1875,0.095703125,-1.35546875,-0.03750549645725245,-1.6937214750638832,0,-0.048828125,0,410.29200056016,0,0,0,0,0,2.099609375,,
12.570044999999984,,,,,-0.08203125,-0.384765625,-0.96875,-0.037343418311026805,-1.683410229899076,0,-0.059814453125,0,410.92031909087996,0,0,0,0,0,2.09375,,
12.596204999999987,,,,,0.5,-0.4296875,-0.71484375,-0.03812939563561408,-1.6762708484710969,0,-0.052490234375,0,411.65335737671995,0,0,0,0,0,2.0703125,,
12.626429999999994,,,,,-0.111328125,0.103515625,-1.349609375,-0.03763972117675207,-1.684635967071952,0,-0.05615234375,0,412.07223639719996,0,0,0,0,0,2.052734375,,
12.648419999999984,,,,,-0.34375,0.048828125,-0.720703125,-0.037239455455693404,-1.6875175246362566,0,-0.05326704680919647,0,412.5958351728,0,0,0,0,0,2.041015625,,
12.669790000000008,,,,,-0.099609375,-0.203125,-0.98046875,-0.038470182322415385,-1.7075056422185055,0,-0.0423177070915699,0,413.32887345864,0,0,0,0,0,2.02734375,,
12.698304999999992,,,,,-0.015625,0.03515625,-0.833984375,-0.03845638351884649,-1.7583092224100745,0,-0.0599888376891613,0,413.85247223424,0,0,0,0,0,2.025390625,,
12.720044999999983,,,,,-0.05078125,0.33984375,-1.00390625,-0.03799987419946101,-1.7421058371510916,0,-0.05859375,0,414.37607100983996,0,0,0,0,0,2.025390625,,
12.745784999999975,,,,,-0.75,-0.123046875,-0.9453125,-0.03749092744745089,-1.7474926294634672,0,-0.0502232126891613,0,414.69023027519995,0,0,0,0,0,2.021484375,,
12.76938499999998,,,,,-0.4375,-0.853515625,-1.05078125,-0.03787396479601242,-1.7355649434019298,0,-0.0499131940305233,0,415.10910929567996,0,0,0,0,0,2.025390625,,
12.800909999999975,,,,,0.26171875,0.162109375,-0.5625,-0.037860685863418335,-1.7393855607937438,0,-0.0516183041036129,0,415.63270807128,0,0,0,0,0,2.025390625,,
12.821704999999959,,,,,0.09375,-0.2890625,-1.34375,-0.03925763586326289,-1.7446970885428732,0,-0.055930398404598236,0,416.26102660199996,0,0,0,0,0,2.0078125,,
12.848944999999977,,,,,0.078125,-0.083984375,-1.072265625,-0.03707548449453351,-1.7600080511233585,0,-0.0530133917927742,0,416.7846253776,0,0,0,0,0,2.001953125,,
12.87260499999998,,,,,0.15625,-0.052734375,-0.94140625,-0.038595981742955296,-1.7556319543745822,0,-0.0640190988779068,0,417.09878464295997,0,0,0,0,0,2.013671875,,
12.900859999999986,,,,,-0.515625,1.01171875,-0.4609375,-0.037464688547449,-1.768469938448388,0,-0.064697265625,0,417.62238341856,0,0,0,0,0,2.02734375,,
12.921424999999989,,,,,-0.61328125,0.0078125,-0.986328125,-0.03893628272620373,-1.7820283119132703,0,-0.0499131940305233,0,418.14598219415996,0,0,0,0,0,2.03515625,,
12.947344999999972,,,,,-0.25,-0.232421875,-0.982421875,-0.037990626014533485,-1.7845980591441242,0,-0.0558035708963871,0,418.66958096976,0,0,0,0,0,2.037109375,,
12.970344999999972,,,,,-0.28125,0.09375,-0.974609375,-0.03877623833450627,-1.671066841526606,0,-0.05615234375,0,419.19317974536,0,0,0,0,0,2.046875,,
12.996464999999997,,,,,-0.421875,-0.55859375,-1.056640625,-0.03875403083781385,-1.7957587186655735,0,-0.062255859375,0,419.4026192556,0,0,0,0,0,2.0546875,,
13.01838499999998,,,,,-0.548828125,0.201171875,-1.4765625,-0.0399578269888764,-1.7262393952136437,0,-0.0499131940305233,0,419.82149827608,0,0,0,0,0,2.0703125,,
13.046459999999993,,,,,0.03125,-0.427734375,-0.935546875,-0.04028219978479889,-1.8864955256997846,0,-0.0446428582072258,0,420.55453656192,0,0,0,0,0,2.076171875,,
13.068524999999994,,,,,0.23828125,0.173828125,-0.986328125,-0.04020767603722346,-1.7794800688433439,0,-0.0596788190305233,0,421.18285509263995,0,0,0,0,0,2.0859375,,
13.094079999999988,,,,,0.26171875,-0.044921875,-0.98046875,-0.03769092322830508,-1.7836411239828438,0,-0.0558035708963871,0,421.91589337847995,0,0,0,0,0,2.083984375,,
13.11853999999998,,,,,-0.173828125,-0.052734375,-1.23046875,-0.03979993715857282,-1.7271174369845206,0,-0.064697265625,0,422.5442119092,0,0,0,0,0,2.08203125,,
13.145184999999998,,,,,0,-0.41015625,-0.59765625,-0.03890730106647554,-1.8243592526993455,0,-0.054931640625,0,423.17253043991997,0,0,0,0,0,2.083984375,,
13.168789999999978,,,,,-0.423828125,-0.255859375,-1.404296875,-0.04235611845372615,-1.8444978994080878,0,-0.0564236119389534,0,423.5914094604,0,0,0,0,0,2.0859375,,
13.195814999999973,,,,,0.048828125,0.130859375,-0.513671875,-0.0397928673220667,-1.8742704102124168,0,-0.05615234375,0,424.01028848088,0,0,0,0,0,2.087890625,,
13.219434999999997,,,,,0.298828125,-0.498046875,-0.806640625,-0.04185575661830282,-1.8378208574400532,0,-0.0596788190305233,0,424.42916750136,0,0,0,0,0,2.087890625,,
13.247269999999961,,,,,-0.162109375,-0.13671875,-1.43359375,-0.037542665490453854,-1.7808563351427134,0,-0.057373046875,0,424.74332676672,0,0,0,0,0,2.09765625,,
13.269664999999979,,,,,-0.134765625,-0.353515625,-0.78125,-0.04194573741360226,-1.7870602855703397,0,-0.0607638880610466,0,425.47636505255997,0,0,0,0,0,2.09375,,
13.297190000000002,,,,,-0.265625,0.443359375,-0.83984375,-0.03886500790068697,-1.7886408413985222,0,-0.0627790167927742,0,425.99996382816,0,0,0,0,0,2.095703125,,
13.319484999999986,,,,,0.349609375,0.078125,-1.10546875,-0.04244083263236854,-1.888524040080291,0,-0.0556640625,0,426.52356260375996,0,0,0,0,0,2.09765625,,
13.346814999999973,,,,,-0.57421875,0.19921875,-0.63671875,-0.03877415596838582,-1.8333372398866385,0,-0.05859375,0,426.94244162423996,0,0,0,0,0,2.091796875,,
13.369044999999984,,,,,-0.2734375,0.345703125,-0.66796875,-0.03886219925347816,-1.9118166751920902,0,-0.0618489570915699,0,427.36132064471997,0,0,0,0,0,2.091796875,,
13.395684999999968,,,,,-0.361328125,-0.7421875,-0.705078125,-0.04338685754158663,-1.801220775541196,0,-0.048828125,0,428.19907868568,0,0,0,0,0,2.09375,,
13.418474999999976,,,,,-0.162109375,0.107421875,-1.03125,-0.04327305303596024,-1.9213967788853576,0,-0.0564236119389534,0,429.24627623687996,0,0,0,0,0,2.09765625,,
13.446029999999999,,,,,-0.1875,0.123046875,-0.7890625,-0.041795785775026385,-1.8123599309017178,0,-0.0613839291036129,0,429.8745947676,0,0,0,0,0,2.08984375,,
13.470439999999973,,,,,-0.349609375,-0.583984375,-1.0703125,-0.04390602899196523,-1.9434708000775882,0,-0.0629340261220932,0,430.60763305344,0,0,0,0,0,2.08203125,,
13.495649999999966,,,,,0.63671875,0.181640625,-1.560546875,-0.044083693321900735,-1.9836620768513622,0,-0.05126953125,0,431.34067133928,0,0,0,0,0,2.091796875,,
13.518809999999998,,,,,-0.2734375,0.193359375,-0.943359375,-0.03974000222203275,-1.973114285916351,0,-0.0618489570915699,0,432.17842938023995,0,0,0,0,0,2.095703125,,
13.547444999999978,,,,,-0.048828125,0.4453125,-0.599609375,-0.051067026936031705,-1.971469217605386,0,-0.0446428582072258,0,432.91146766608,0,0,0,0,0,2.09375,,
13.56976999999999,,,,,-0.20703125,0.1015625,-0.8984375,-0.03996506363926706,-1.8652386626228046,0,-0.046875,0,433.5397861968,0,0,0,0,0,2.08984375,,
13.595689999999973,,,,,0.5625,-0.263671875,-1.458984375,-0.043545180842982485,-2.028788558558032,0,-0.0474330373108387,0,433.95866521728,0,0,0,0,0,2.103515625,,
13.618570000000007,,,,,-0.19921875,0.3515625,-0.85546875,-0.045421542532454104,-1.8805711293642176,0,-0.0520833320915699,0,434.48226399287995,0,0,0,0,0,2.103515625,,
13.644584999999992,,,,,-0.3125,0.146484375,-0.59765625,-0.03837726700111197,-1.9701789679497272,0,-0.05859375,0,435.00586276848,0,0,0,0,0,2.111328125,,
13.668454999999987,,,,,0.474609375,0.142578125,-0.9140625,-0.04519429973987348,-2.050604529819131,0,-0.0618489570915699,0,435.84362080944,0,0,0,0,0,2.099609375,,
13.693790000000009,,,,,-0.921875,0.50390625,-0.33203125,-0.044013300567734275,-1.9513520750575715,0,-0.0537109375,0,436.26249982992,0,0,0,0,0,2.1015625,,
13.719319999999978,,,,,0.03125,0.3671875,-0.890625,-0.043159756629743425,-2.054969874487443,0,-0.04638671875,0,436.89081836063997,0,0,0,0,0,2.1015625,,
13.745754999999976,,,,,0.375,0.1484375,-1.134765625,-0.04163915747983049,-1.9455567036875703,0,-0.05859375,0,437.51913689135995,0,0,0,0,0,2.10546875,,
13.77339499999999,,,,,0,0.5078125,-0.431640625,-0.044069408512208114,-1.9459437785842677,0,-0.0607638880610466,0,438.14745542208,0,0,0,0,0,2.111328125,,
13.80025,,,,,0.17578125,0.294921875,-0.662109375,-0.0457270898150706,-1.9888983400372446,0,-0.0553385429084301,0,438.77577395279997,0,0,0,0,0,2.115234375,,
13.821804999999964,,,,,-0.037109375,-0.029296875,-1.3359375,-0.04219685232475577,-2.073983181574641,0,-0.0542534738779068,0,439.40409248351995,0,0,0,0,0,2.119140625,,
13.845849999999977,,,,,-0.736328125,-0.458984375,-0.96875,-0.044000376190767125,-1.7613413091008727,0,-0.0544084832072258,0,440.03241101424,0,0,0,0,0,2.12890625,,
13.868324999999983,,,,,0.25,-0.76171875,-0.75,-0.04249498486191495,-2.122363914834693,0,-0.05615234375,0,440.66072954495996,0,0,0,0,0,2.130859375,,
13.893624999999972,,,,,0.26171875,0.181640625,-0.9296875,-0.04926953611729392,-2.0796028908300648,0,-0.0544084832072258,0,441.18432832056,0,0,0,0,0,2.1171875,,
13.91842499999996,,,,,-0.03125,-0.234375,-1.09765625,-0.04214705671104429,-2.090408731696208,0,-0.0640190988779068,0,441.60320734104,0,0,0,0,0,2.11328125,,
13.943784999999975,,,,,-0.673828125,-0.08984375,-0.703125,-0.04000175773479152,-2.005467296031998,0,-0.04638671875,0,441.9173666064,0,0,0,0,0,2.12109375,,
13.969399999999995,,,,,0,-0.17578125,-1.041015625,-0.04276347958235567,-1.9761571246876137,0,-0.05859375,0,442.440965382,0,0,0,0,0,2.115234375,,
13.99400999999998,,,,,0.0859375,0.47265625,-0.90234375,-0.04677571109088672,-2.062528587053512,0,-0.0455729179084301,0,443.17400366784,0,0,0,0,0,2.10546875,,
14.018954999999988,,,,,-0.0625,0.353515625,-1.38671875,-0.043135948129059826,-1.9929518743721066,0,-0.057373046875,0,443.80232219856,0,0,0,0,0,2.107421875,,
14.044429999999993,,,,,0,-0.2578125,-1.21484375,-0.044425178534967455,-2.0632919847664435,0,-0.05859375,0,444.32592097416,0,0,0,0,0,2.109375,,
14.07153999999998,,,,,0.5,-0.03515625,-0.740234375,-0.043182251360955985,-2.1258045805831163,0,-0.0618489570915699,0,444.64008023952,0,0,0,0,0,2.09765625,,
14.096639999999985,,,,,-0.474609375,0.171875,-0.701171875,-0.04227570962974167,-2.038508439297329,0,-0.0542534738779068,0,445.16367901511995,0,0,0,0,0,2.103515625,,
14.11991499999998,,,,,0.125,0.36328125,-0.359375,-0.044460696630007734,-2.137631869093323,0,-0.05859375,0,446.00143705607996,0,0,0,0,0,2.099609375,,
14.148964999999997,,,,,-0.44921875,0.24609375,-0.64453125,-0.04584941966953911,-2.1021715077236314,0,-0.0537109375,0,446.52503583168,0,0,0,0,0,2.0859375,,
14.171149999999965,,,,,0.125,-0.146484375,-0.796875,-0.04448789169004059,-2.0301433206964736,0,-0.0575086809694767,0,447.15335436239997,0,0,0,0,0,2.07421875,,
14.196660000000003,,,,,0,-0.578125,-1.07421875,-0.045412401408318384,-2.0712592763901374,0,-0.0571986623108387,0,447.676953138,0,0,0,0,0,2.0625,,
14.21951999999999,,,,,-0.1875,0.251953125,-0.8125,-0.04460064553434133,-2.0712592763901374,0,-0.0607638880610466,0,448.09583215848,0,0,0,0,0,2.0546875,,
14.245729999999982,,,,,0.03125,0.63671875,-1.033203125,-0.04403416898758764,-2.0610125437081126,0,-0.0544084832072258,0,448.82887044432,0,0,0,0,0,2.060546875,,
14.268419999999983,,,,,-0.19921875,-0.271484375,-1.357421875,-0.04716454870802767,-2.0996340167341687,0,-0.0629340261220932,0,449.56190873016,0,0,0,0,0,2.068359375,,
14.295839999999997,,,,,-0.162109375,-0.31640625,-1.07421875,-0.04686963255689231,-2.162189620872697,0,-0.0571986623108387,0,449.98078775064,0,0,0,0,0,2.064453125,,
14.320999999999971,,,,,0.298828125,0.21875,-1.005859375,-0.04310064241192176,-2.1758340109812897,0,-0.0576171875,0,450.60910628135997,0,0,0,0,0,2.06640625,,
14.347669999999983,,,,,0,0.259765625,-1.02734375,-0.04575906909836379,-2.187048430905058,0,-0.059814453125,0,451.44686432232,0,0,0,0,0,2.064453125,,
14.36939499999999,,,,,-0.07421875,-0.140625,-0.8515625,-0.04675146471277486,-2.1720385265775604,0,-0.0575086809694767,0,451.97046309791995,0,0,0,0,0,2.0546875,,
14.396504999999976,,,,,-0.125,0.18359375,-0.90625,-0.044464419353667836,-2.1417606679914316,0,-0.0558035708963871,0,452.49406187351997,0,0,0,0,0,2.05078125,,
14.418845000000001,,,,,0.125,-0.5859375,-1.02734375,-0.04504743961041004,-2.108364706070794,0,-0.0499131940305233,0,452.80822113887996,0,0,0,0,0,2.04296875,,
14.443979999999982,,,,,-0.099609375,0.189453125,-1.216796875,-0.04600572678547881,-2.1186651991551373,0,-0.0544084832072258,0,453.4365396696,0,0,0,0,0,2.060546875,,
14.46917499999999,,,,,0.19921875,0.486328125,-0.42578125,-0.047714251175467154,-2.133836384689593,0,-0.047607421875,0,454.69317673103996,0,0,0,0,0,2.064453125,,
14.495854999999981,,,,,0.0625,0.48046875,-0.83203125,-0.04587914195654918,-2.13537393219592,0,-0.0564236119389534,0,455.74037428224,0,0,0,0,0,2.060546875,,
14.519064999999973,,,,,0.173828125,0.216796875,-1.015625,-0.04713028853471303,-2.1783392457293607,0,-0.0466579869389534,0,456.78757183344,0,0,0,0,0,2.052734375,,
14.54551999999996,,,,,0.111328125,-0.39453125,-0.984375,-0.046220749910439556,-2.2397766334996514,0,-0.0544084832072258,0,457.52061011928,0,0,0,0,0,2.044921875,,
14.568919999999984,,,,,0.474609375,0.3203125,-1.37109375,-0.04653285761752546,-2.2567649206324933,0,-0.0531684011220932,0,458.35836816024,0,0,0,0,0,2.05078125,,
14.59825999999998,,,,,0.0625,0.46875,-1.171875,-0.04790458491060376,-2.1826508299953544,0,-0.0474330373108387,0,459.40556571144,0,0,0,0,0,2.0546875,,
14.62477999999997,,,,,-0.28125,-0.349609375,-0.8828125,-0.04783902359197776,-2.2386154088095584,0,-0.0556640625,0,460.34804350751995,0,0,0,0,0,2.060546875,,
14.646684999999968,,,,,-0.1875,-0.20703125,-1.04296875,-0.04638199034407129,-2.239819641821507,0,-0.0499131940305233,0,461.18580154847996,0,0,0,0,0,2.068359375,,
14.674234999999957,,,,,-0.13671875,0.236328125,-0.7734375,-0.04762389268566989,-2.2340135183710417,0,-0.05859375,0,461.91883983431995,0,0,0,0,0,2.072265625,,
14.697294999999984,,,,,0.037109375,0.5,-1.203125,-0.04772038459328579,-2.223175421263507,0,-0.0509982630610466,0,462.8613176304,0,0,0,0,0,2.072265625,,
14.718815000000003,,,,,-0.109375,-0.5625,-1.021484375,-0.047633322625866635,-2.227519261770892,0,-0.06103515625,0,463.69907567136,0,0,0,0,0,2.076171875,,
14.745569999999978,,,,,-0.048828125,-0.078125,-0.904296875,-0.047203660237897155,-2.2427549597881304,0,-0.0544084832072258,0,464.11795469184,0,0,0,0,0,2.078125,,
14.768849999999977,,,,,-0.2734375,0.2109375,-1.12109375,-0.0474784327261527,-2.220938988527031,0,-0.0509982630610466,0,464.74627322256,0,0,0,0,0,2.07421875,,
14.798004999999975,,,,,0.07421875,0.19140625,-1.17578125,-0.04803122318227733,-2.2377337382115248,0,-0.0460379458963871,0,465.37459175327996,0,0,0,0,0,2.080078125,,
14.819394999999961,,,,,0.01953125,-0.158203125,-1.05078125,-0.04794552541381074,-2.2483567937097826,0,-0.0556640625,0,466.10763003911995,0,0,0,0,0,2.080078125,,
14.846344999999973,,,,,0.03125,0.548828125,-1.244140625,-0.048202724365717625,-2.280075431078064,0,-0.0530133917927742,0,466.63122881472,0,0,0,0,0,2.083984375,,
14.868984999999958,,,,,-0.32421875,-0.6328125,-0.771484375,-0.04760624321339881,-2.305299811846195,0,-0.0499131940305233,0,467.25954734543996,0,0,0,0,0,2.08203125,,
14.89402999999997,,,,,0.19921875,0.263671875,-1.5625,-0.047490303499682716,-2.308589948468125,0,-0.0530133917927742,0,467.67842636591996,0,0,0,0,0,2.091796875,,
14.918440000000002,,,,,-0.1484375,-0.12109375,-1.17578125,-0.04872823642257125,-2.2935047795773804,0,-0.0537109375,0,468.20202514152,0,0,0,0,0,2.095703125,,
14.943834999999991,,,,,0,0.625,-1.015625,-0.04933142052834706,-2.308826494238329,0,-0.06103515625,0,468.93506342736,0,0,0,0,0,2.1015625,,
14.970059999999968,,,,,-0.173828125,0.1328125,-1.005859375,-0.049513603163574976,-2.321750494955846,0,-0.0618489570915699,0,469.6681017132,0,0,0,0,0,2.107421875,,
14.995294999999984,,,,,-0.162109375,-0.15625,-0.93359375,-0.048862950858898385,-2.3151917258729133,0,-0.0537109375,0,470.1917004888,0,0,0,0,0,2.107421875,,
15.018534999999975,,,,,-0.037109375,0.28515625,-1.173828125,-0.04872191056595666,-2.3191269873226728,0,-0.0629340261220932,0,470.50585975416,0,0,0,0,0,2.119140625,,
15.044079999999987,,,,,0.1484375,-0.11328125,-1.013671875,-0.048502446382350295,-2.318610887460409,0,-0.0516183041036129,0,470.92473877464,0,0,0,0,0,2.123046875,,
15.068734999999986,,,,,-0.162109375,-0.322265625,-1.205078125,-0.04935288706960861,-2.3024612626037455,0,-0.0537109375,0,471.76249681559995,0,0,0,0,0,2.115234375,,
15.094169999999984,,,,,0.1484375,-0.1328125,-1.23828125,-0.04932660328369083,-2.317514175253099,0,-0.05859375,0,472.39081534632,0,0,0,0,0,2.12109375,,
15.120549999999959,,,,,-0.1484375,0.109375,-1.05859375,-0.049188905940594704,-2.3118155726072724,0,-0.0444878488779068,0,473.01913387703996,0,0,0,0,0,2.126953125,,
15.14599999999997,,,,,-0.4375,-0.158203125,-0.814453125,-0.04920609351321576,-2.317051835793155,0,-0.0553385429084301,0,473.43801289751997,0,0,0,0,0,2.123046875,,
15.168970000000002,,,,,-0.32421875,0.205078125,-0.91796875,-0.04856807585302995,-2.3349110414435663,0,-0.05859375,0,473.96161167312,0,0,0,0,0,2.130859375,,
15.194034999999975,,,,,-0.173828125,0.00390625,-0.82421875,-0.04948156731263614,-2.3431041267570007,0,-0.0571986623108387,0,474.58993020383997,0,0,0,0,0,2.13671875,,
15.219054999999994,,,,,0,-0.07421875,-1.2421875,-0.04979346892468766,-2.3527809991744424,0,-0.048828125,0,475.11352897944,0,0,0,0,0,2.13671875,,
15.246069999999978,,,,,0.173828125,-0.056640625,-1.140625,-0.0494149857326316,-2.3648663376157804,0,-0.050048828125,0,475.53240799992,0,0,0,0,0,2.13671875,,
15.269084999999992,,,,,-0.099609375,-0.4453125,-0.791015625,-0.049271787563117765,-2.3667802079383407,0,-0.0542534738779068,0,475.95128702039995,0,0,0,0,0,2.142578125,,
15.297814999999973,,,,,-0.099609375,-0.478515625,-1.033203125,-0.050269000194477116,-2.3768441552524804,0,-0.0446428582072258,0,476.68432530624,0,0,0,0,0,2.154296875,,
15.320204999999987,,,,,-0.40625,-0.10546875,-0.595703125,-0.050473737959702704,-2.3932088217184204,0,-0.056640625,0,477.52208334719995,0,0,0,0,0,2.162109375,,
15.345599999999976,,,,,0.234375,-0.744140625,-1.28125,-0.05002168711272557,-2.3988429118814647,0,-0.048828125,0,478.0456821228,0,0,0,0,0,2.173828125,,
15.368829999999987,,,,,-0.287109375,-0.0703125,-0.85546875,-0.049414252591014625,-2.3896283789239674,0,-0.048828125,0,478.35984138815996,0,0,0,0,0,2.185546875,,
15.394540000000008,,,,,-0.2734375,-0.1015625,-0.66015625,-0.049677567231336775,-2.398219291214563,0,-0.0558035708963871,0,478.67400065351995,0,0,0,0,0,2.193359375,,
15.419109999999986,,,,,-0.3125,-0.365234375,-0.6015625,-0.05087298491828602,-2.4105841837479605,0,-0.0564236119389534,0,479.51175869447997,0,0,0,0,0,2.20703125,,
15.444759999999981,,,,,-0.423828125,-0.21484375,-0.88671875,-0.05138511740686108,-2.4105626795870325,0,-0.0613839291036129,0,480.24479698031996,0,0,0,0,0,2.21484375,,
15.46972999999998,,,,,0,-0.228515625,-1.033203125,-0.05037614553145408,-2.43847508047112,0,-0.0520833320915699,0,480.76839575592,0,0,0,0,0,2.2265625,,
15.495744999999996,,,,,0.099609375,0.083984375,-1.47265625,-0.05004161893110124,-2.441743712932122,0,-0.047607421875,0,481.08255502128,0,0,0,0,0,2.23828125,,
15.518464999999967,,,,,0.0625,0.234375,-1.119140625,-0.05036228832360335,-2.4380019889307114,0,-0.0564236119389534,0,481.60615379688,0,0,0,0,0,2.24609375,,
15.543630000000004,,,,,0.25,-0.37890625,-0.875,-0.05144384459727825,-2.4529043724535717,0,-0.05859375,0,482.33919208272,0,0,0,0,0,2.259765625,,
15.568529999999969,,,,,-0.236328125,-0.50390625,-1.138671875,-0.051494280948720585,-2.462301690778954,0,-0.0634765625,0,482.96751061343997,0,0,0,0,0,2.263671875,,
15.593964999999997,,,,,0.224609375,-0.009765625,-1.318359375,-0.05123868173187895,-2.475849312163372,0,-0.0542534738779068,0,483.49110938904,0,0,0,0,0,2.28125,,
15.61847,,,,,-0.0625,-0.375,-1.212890625,-0.05117415186351391,-2.478945911336954,0,-0.047607421875,0,483.8052686544,0,0,0,0,0,2.29296875,,
15.646314999999973,,,,,-0.0859375,-0.02734375,-0.966796875,-0.05100465090538599,-2.4776771658422225,0,-0.057373046875,0,484.22414767488,0,0,0,0,0,2.302734375,,
15.668684999999968,,,,,-0.287109375,-0.30078125,-1.109375,-0.05157094432815853,-2.489117379455731,0,-0.0546875,0,485.06190571584,0,0,0,0,0,2.310546875,,
15.693849999999976,,,,,-0.0625,-0.076171875,-0.73828125,-0.05235126787895313,-2.4945794363313536,0,-0.05859375,0,485.79494400168,0,0,0,0,0,2.328125,,
15.718459999999991,,,,,-0.1484375,-0.091796875,-0.73828125,-0.05174966094768749,-2.4951062882740813,0,-0.0531684011220932,0,486.31854277727996,0,0,0,0,0,2.345703125,,
15.744290000000008,,,,,-0.287109375,0.09765625,-1.033203125,-0.051581262201469684,-2.497116927320816,0,-0.0474330373108387,0,486.73742179775996,0,0,0,0,0,2.36328125,,
15.76878999999998,,,,,-0.125,-0.4375,-0.8828125,-0.0518142302400969,-2.509546332336997,0,-0.0466579869389534,0,487.15630081823997,0,0,0,0,0,2.375,,
15.794189999999974,,,,,-0.3125,-0.10546875,-0.90625,-0.052808926908224335,-2.5273732817460175,0,-0.062255859375,0,488.09877861432,0,0,0,0,0,2.390625,,
15.820309999999997,,,,,-0.0234375,-0.05078125,-0.94921875,-0.05298407400163497,-2.537200683289952,0,-0.0499131940305233,0,488.51765763479995,0,0,0,0,0,2.400390625,,
15.846419999999984,,,,,-0.037109375,-0.2265625,-1.310546875,-0.05235104321417947,-2.5351577880018255,0,-0.057373046875,0,489.04125641039997,0,0,0,0,0,2.42578125,,
15.870614999999962,,,,,0.322265625,-0.126953125,-1.427734375,-0.052746028825598326,-2.5513504211803446,0,-0.0531684011220932,0,489.564855186,0,0,0,0,0,2.4453125,,
15.89753999999998,,,,,-0.53125,-0.080078125,-0.9296875,-0.05324184722301014,-2.557070527987099,0,-0.057373046875,0,490.40261322695994,0,0,0,0,0,2.470703125,,
15.91889499999999,,,,,0.173828125,0.044921875,-1.19921875,-0.053346794796468436,-2.5676075668416467,0,-0.0553385429084301,0,491.03093175768,0,0,0,0,0,2.486328125,,
15.945639999999985,,,,,0.037109375,0.10546875,-0.890625,-0.053394829376160725,-2.5726825488205716,0,-0.0558035708963871,0,491.44981077816,0,0,0,0,0,2.51171875,,
15.968944999999978,,,,,0.236328125,-0.740234375,-0.88671875,-0.053189313818596526,-2.578230622339905,0,-0.0640190988779068,0,491.86868979864,0,0,0,0,0,2.533203125,,
15.996125,,,,,-0.0234375,0.052734375,-0.9765625,-0.05294761600491137,-2.597756400462209,0,-0.0613839291036129,0,492.28756881912,0,0,0,0,0,2.55078125,,
16.018724999999975,,,,,-0.33203125,-0.328125,-0.515625,-0.054216276456821685,-2.610787921984364,0,-0.0499131940305233,0,493.02060710496,0,0,0,0,0,2.57421875,,
16.04469499999998,,,,,0.65625,-0.689453125,-2.048828125,-0.05434899524882133,-2.624410807932029,0,-0.0516183041036129,0,493.64892563568,0,0,0,0,0,2.6015625,,
16.06906999999998,,,,,-0.125,0.302734375,-0.99609375,-0.05402116926495569,-2.607995942690424,0,-0.0640190988779068,0,494.06780465616,0,0,0,0,0,2.634765625,,
16.09486499999999,,,,,-0.224609375,-0.755859375,-1.05078125,-0.05374435007900256,-2.6134436858589285,0,-0.06591796875,0,494.48668367664,0,0,0,0,0,2.646484375,,
16.118939999999974,,,,,0.048828125,-0.236328125,-1.173828125,-0.05374888975390627,-2.6194433467577425,0,-0.0553385429084301,0,494.800842942,0,0,0,0,0,2.662109375,,
16.14648999999999,,,,,0.01171875,0.087890625,-1.27734375,-0.05452011995865273,-2.6292384920602863,0,-0.0599888376891613,0,495.53388122783997,0,0,0,0,0,2.6796875,,
16.169014999999984,,,,,-0.224609375,0.048828125,-0.7890625,-0.05487582877289125,-2.6339156470620493,0,-0.0654296875,0,496.16219975855995,0,0,0,0,0,2.708984375,,
16.193974999999977,,,,,-0.13671875,-0.98046875,-0.875,-0.0548509423751396,-2.645226835709993,0,-0.0544084832072258,0,496.68579853415997,0,0,0,0,0,2.732421875,,
16.21923999999996,,,,,0.2109375,-0.10546875,-1.103515625,-0.054652156419725,-2.647646053814353,0,-0.05615234375,0,497.10467755464,0,0,0,0,0,2.748046875,,
16.24575999999998,,,,,-0.3984375,-0.03515625,-0.712890625,-0.05429777802505643,-2.66655896335022,0,-0.050048828125,0,497.62827633024,0,0,0,0,0,2.775390625,,
16.268734999999985,,,,,-0.13671875,0.19921875,-0.88671875,-0.05539388859922317,-2.668892164810869,0,-0.0509982630610466,0,498.46603437119995,0,0,0,0,0,2.791015625,,
16.293824999999984,,,,,-0.01171875,-0.17578125,-1.02734375,-0.05567887825024249,-2.669634058362873,0,-0.06103515625,0,499.30379241215996,0,0,0,0,0,2.80859375,,
16.319784999999975,,,,,-0.44921875,-0.45703125,-0.89453125,-0.05546304648818568,-2.686428808047366,0,-0.059814453125,0,499.93211094287994,0,0,0,0,0,2.826171875,,
16.345689999999973,,,,,-0.361328125,-0.75390625,-0.84765625,-0.05513757049465838,-2.6962777137522287,0,-0.045166015625,0,500.35098996335995,0,0,0,0,0,2.8359375,,
16.371534999999973,,,,,-0.01171875,-0.955078125,-0.96875,-0.055083165179921914,-2.6969765989823773,0,-0.0520833320915699,0,500.97930849408,0,0,0,0,0,2.845703125,,
16.393869999999968,,,,,0.224609375,-0.693359375,-1.01953125,-0.05561444196173478,-2.704019211686182,0,-0.0520833320915699,0,501.71234677992,0,0,0,0,0,2.849609375,,
16.421879999999977,,,,,0.412109375,-0.83203125,-0.876953125,-0.05594634378689617,-2.717050733208337,0,-0.0613839291036129,0,502.23594555551995,0,0,0,0,0,2.853515625,,
16.444174999999987,,,,,0.28125,-0.689453125,-0.947265625,-0.05570342026997679,-2.7266487794358785,0,-0.0640190988779068,0,502.75954433111997,0,0,0,0,0,2.859375,,
16.471794999999982,,,,,0.28125,-0.24609375,-1.06640625,-0.055309093465694424,-2.7365765113306417,0,-0.0460379458963871,0,503.1784233516,0,0,0,0,0,2.873046875,,
16.493669999999955,,,,,-0.228515625,-1.140625,-0.947265625,-0.05618428756177528,-2.744296505103667,0,-0.0607638880610466,0,504.01618139256,0,0,0,0,0,2.888671875,,
16.520999999999972,,,,,-0.171875,-0.85546875,-0.9609375,-0.05726364251407278,-2.755854991602278,0,-0.0627790167927742,0,504.95865918863996,0,0,0,0,0,2.89453125,,
16.544014999999984,,,,,-0.173828125,-0.732421875,-1.03515625,-0.05686342873685488,-2.7677288500609936,0,-0.0576171875,0,505.69169747447995,0,0,0,0,0,2.892578125,,
16.571065,,,,,0.0625,-0.34375,-0.958984375,-0.05648120146649999,-2.764789970467716,0,-0.0627790167927742,0,506.3200160052,0,0,0,0,0,2.8984375,,
16.59385499999998,,,,,-0.072265625,-0.001953125,-0.892578125,-0.0561701757177938,-2.773477651482486,0,-0.0542534738779068,0,506.94833453591997,0,0,0,0,0,2.90625,,
16.619319999999977,,,,,0.5625,-0.40625,-1.27734375,-0.05792491429342387,-2.785369452475475,0,-0.0599888376891613,0,508.20497159736,0,0,0,0,0,2.9140625,,
16.644839999999967,,,,,-0.162109375,-0.29296875,-1.248046875,-0.05855147386299576,-2.8104540561975764,0,-0.0553385429084301,0,509.14744939343996,0,0,0,0,0,2.923828125,,
16.669984999999986,,,,,-0.287109375,-0.7265625,-0.943359375,-0.0582055832222748,-2.827377830847636,0,-0.059814453125,0,510.19464694463994,0,0,0,0,0,2.9375,,
16.69514499999999,,,,,0.07421875,-0.39453125,-1.009765625,-0.0577570876400359,-2.8504768613105833,0,-0.04638671875,0,510.82296547536,0,0,0,0,0,2.95703125,,
16.72300999999998,,,,,0.01171875,-0.53515625,-0.759765625,-0.05759972968309961,-2.8453230531417577,0,-0.0466579869389534,0,511.5560037612,0,0,0,0,0,2.974609375,,
16.746584999999964,,,,,-0.53125,-0.046875,-0.609375,-0.058372916816176144,-2.854677363145285,0,-0.0423177070915699,0,512.49848155728,0,0,0,0,0,2.978515625,,
16.771339999999967,,,,,1.0625,-0.703125,-1.88671875,-0.05828718740506969,-2.8705044255880336,0,-0.06103515625,0,513.126800088,0,0,0,0,0,2.98828125,,
16.794994999999997,,,,,-0.32421875,-0.826171875,-0.939453125,-0.058120576964797215,-2.8628919526196466,0,-0.059814453125,0,513.6503988636,0,0,0,0,0,3.00390625,,
16.81912499999997,,,,,0.25,-0.375,-0.89453125,-0.05783160122934132,-2.877041690510039,0,-0.0530133917927742,0,514.06927788408,0,0,0,0,0,3.013671875,,
16.84375,,,,,-0.412109375,-0.69921875,-0.591796875,-0.057689398408708584,-2.8848369488463113,0,-0.05615234375,0,514.48815690456,0,0,0,0,0,3.025390625,,
16.869844999999973,,,,,-0.111328125,-0.3828125,-0.810546875,-0.05828289425739828,-2.8941482505279827,0,-0.0439453125,0,515.32591494552,0,0,0,0,0,3.03125,,
16.893834999999992,,,,,-0.298828125,-1.123046875,-0.83984375,-0.058948513317774856,-2.9169211569503624,0,-0.0499131940305233,0,515.744793966,0,0,0,0,0,3.0390625,,
16.91897499999998,,,,,0.125,-0.625,-0.935546875,-0.05870662361054513,-2.928296858081088,0,-0.0599888376891613,0,516.37311249672,0,0,0,0,0,3.05859375,,
16.94408499999999,,,,,0.162109375,-0.87890625,-1,-0.05860549444237985,-2.9196091770663184,0,-0.05859375,0,516.68727176208,0,0,0,0,0,3.0703125,,
16.97393499999997,,,,,0.01171875,-0.53515625,-1.0234375,-0.05884046384485917,-2.9156739156165585,0,-0.06103515625,0,517.42031004792,0,0,0,0,0,3.06640625,,
17.001909999999974,,,,,0.53125,-1.333984375,-1.376953125,-0.05934748666245421,-2.931088837375029,0,-0.07013494521379471,0,518.04862857864,0,0,0,0,0,3.08984375,,
17.02256,,,,,-0.0625,-1.11328125,-0.962890625,-0.05924410559495193,-2.962456217714657,0,-0.0640190988779068,0,518.67694710936,0,0,0,0,0,3.11328125,,
17.044049999999988,,,,,0.173828125,-0.662109375,-0.912109375,-0.059110894476529285,-2.968982730556198,0,-0.0553385429084301,0,519.09582612984,0,0,0,0,0,3.126953125,,
17.07031,,,,,-0.171875,-0.798828125,-0.505859375,-0.0591535253824925,-2.976003839099075,0,-0.0502232126891613,0,519.4099853952,0,0,0,0,0,3.14453125,,
17.09413499999998,,,,,0.25,-0.8203125,-1.103515625,-0.059567201914382056,-2.969670863705883,0,-0.0520833320915699,0,520.14302368104,0,0,0,0,0,3.158203125,,
17.119389999999957,,,,,-0.01171875,-0.693359375,-1.142578125,-0.060063477242419706,-2.9725309171092604,0,-0.0544084832072258,0,520.66662245664,0,0,0,0,0,3.1640625,,
17.146859999999986,,,,,0.125,-1.3203125,-1.07421875,-0.05996264208951181,-2.9725309171092604,0,-0.0564236119389534,0,521.29494098736,0,0,0,0,0,3.166015625,,
17.17356499999997,,,,,-0.478515625,-0.384765625,-0.3984375,-0.059929456751373136,-2.9763156494325265,0,-0.0564236119389534,0,521.71382000784,0,0,0,0,0,3.18359375,,
17.19448999999999,,,,,0.13671875,-0.759765625,-1.21484375,-0.0597806354650118,-3.001084881194523,0,-0.0575086809694767,0,522.13269902832,0,0,0,0,0,3.193359375,,
17.21973999999999,,,,,0.390625,-1.2578125,-1.759765625,-0.06050953899474851,-3.020452939736524,0,-0.0602213554084301,0,522.86573731416,0,0,0,0,0,3.2109375,,
17.245319999999978,,,,,0.01171875,-0.4453125,-0.5859375,-0.060886560189470945,-3.0278826273370267,0,-0.0596788190305233,0,523.49405584488,0,0,0,0,0,3.21484375,,
17.269919999999985,,,,,-0.048828125,-1.3125,-0.845703125,-0.06082035883869683,-3.0351832899719633,0,-0.05615234375,0,524.01765462048,0,0,0,0,0,3.22265625,,
17.294149999999995,,,,,0.2734375,-1.0703125,-0.77734375,-0.06034418109667932,-3.033344684212649,0,-0.0531684011220932,0,524.33181388584,0,0,0,0,0,3.24609375,,
17.32017499999999,,,,,0.4375,-0.4921875,-1.072265625,-0.0601004729068981,-3.02839872719929,0,-0.0544084832072258,0,524.6459731512,0,0,0,0,0,3.263671875,,
17.343844999999973,,,,,-0.099609375,-1.169921875,-1.40625,-0.0611115066946681,-3.030979226510608,0,-0.05859375,0,525.27429168192,0,0,0,0,0,3.28125,,
17.370119999999964,,,,,0.361328125,-1.001953125,-1.0859375,-0.061693287709815504,-3.0306996724185487,0,-0.047607421875,0,525.90261021264,0,0,0,0,0,3.28515625,,
17.393984999999986,,,,,0.3984375,-0.798828125,-1.34765625,-0.06153483704103834,-3.0373229539842637,0,-0.052490234375,0,526.42620898824,0,0,0,0,0,3.302734375,,
17.418994999999995,,,,,0.173828125,-0.435546875,-1.109375,-0.06123228054145287,-3.048161051091799,0,-0.047607421875,0,526.8450880087199,0,0,0,0,0,3.3046875,,
17.44400999999998,,,,,0.236328125,-1.0078125,-1.0546875,-0.06097865442335623,-3.0554294574853436,0,-0.062255859375,0,527.2639670292,0,0,0,0,0,3.310546875,,
17.470649999999996,,,,,0.099609375,-1.05859375,-1.091796875,-0.061507506637669754,-3.0564186488880156,0,-0.0434027761220932,0,527.9970053150399,0,0,0,0,0,3.30859375,,
17.494294999999983,,,,,-0.125,-1.0703125,-1.1328125,-0.062429995489065485,-3.0542144723929314,0,-0.05126953125,0,528.73004360088,0,0,0,0,0,3.314453125,,
17.519454999999986,,,,,-0.125,-0.814453125,-0.58984375,-0.061998605088472734,-3.063299980384863,0,-0.0537109375,0,529.25364237648,0,0,0,0,0,3.322265625,,
17.544189999999972,,,,,0.173828125,-0.88671875,-0.677734375,-0.06189377980288641,-3.085900853519821,0,-0.0537109375,0,529.8819609072,0,0,0,0,0,3.32421875,,
17.569494999999968,,,,,0.2734375,-0.802734375,-0.947265625,-0.061917710781157036,-3.08536324949663,0,-0.0575086809694767,0,530.3008399276799,0,0,0,0,0,3.333984375,,
17.59456999999998,,,,,0.38671875,-0.74609375,-0.951171875,-0.062105211559264836,-3.09171772905075,0,-0.0537109375,0,530.82443870328,0,0,0,0,0,3.345703125,,
17.61962499999997,,,,,0.548828125,-0.689453125,-1.232421875,-0.0627987953855733,-3.110039274161106,0,-0.050048828125,0,531.4527572339999,0,0,0,0,0,3.345703125,,
17.645729999999983,,,,,0.798828125,-1.0859375,-1.21484375,-0.06227830504697371,-3.1190065092679355,0,-0.057373046875,0,531.87163625448,0,0,0,0,0,3.353515625,,
17.671649999999993,,,,,-0.0625,-0.81640625,-1.28125,-0.06232579481827064,-3.117974309543408,0,-0.0444878488779068,0,532.39523503008,0,0,0,0,0,3.361328125,,
17.694389999999984,,,,,0.361328125,-1.35546875,-0.892578125,-0.06288770032257068,-3.1256620470750422,0,-0.048828125,0,533.2329930710399,0,0,0,0,0,3.361328125,,
17.719559999999998,,,,,0.0625,-0.630859375,-0.841796875,-0.06307728534086654,-3.1369624836425216,0,-0.0641741082072258,0,533.86131160176,0,0,0,0,0,3.3671875,,
17.74430999999997,,,,,-0.26171875,-1.228515625,-0.515625,-0.063088707315128,-3.14255356548371,0,-0.0537109375,0,534.48963013248,0,0,0,0,0,3.373046875,,
17.770109999999985,,,,,0.32421875,-1.466796875,-0.76953125,-0.06291933103926793,-3.1505423612683314,0,-0.0564236119389534,0,534.9085091529599,0,0,0,0,0,3.369140625,,
17.79442499999999,,,,,0.69921875,-0.982421875,-0.876953125,-0.0630152562635215,-3.178476266313346,0,-0.045166015625,0,535.32738817344,0,0,0,0,0,3.37890625,,
17.82202999999997,,,,,0.8359375,-1.525390625,-1.087890625,-0.06333350368314719,-3.180562169923328,0,-0.052490234375,0,536.0604264592799,0,0,0,0,0,3.3828125,,
17.844544999999982,,,,,-0.416015625,-1.275390625,-0.263671875,-0.06368833070178037,-3.181250303073013,0,-0.0596788190305233,0,536.47930547976,0,0,0,0,0,3.41015625,,
17.869679999999963,,,,,1.359375,-1.521484375,-1.849609375,-0.0635713163581374,-3.1816696342111017,0,-0.050048828125,0,537.2123437655999,0,0,0,0,0,3.43359375,,
17.894359999999985,,,,,0.048828125,-1.44921875,-0.9453125,-0.0630412602880757,-3.1814653446822896,0,-0.06103515625,0,537.42178327584,0,0,0,0,0,3.451171875,,
17.92092999999999,,,,,0.111328125,-1.671875,-0.755859375,-0.06342674429430317,-3.1860349788794147,0,-0.0537109375,0,537.8406622963199,0,0,0,0,0,3.44921875,,
17.944044999999985,,,,,0.5,-0.701171875,-0.77734375,-0.06443255275604182,-3.1934216581580617,0,-0.0575086809694767,0,538.6784203372799,0,0,0,0,0,3.4609375,,
17.970879999999976,,,,,0.224609375,-1.5625,-1.064453125,-0.06385381090771616,-3.2156032001549306,0,-0.0474330373108387,0,538.9925796026399,0,0,0,0,0,3.470703125,,
17.995254999999975,,,,,0.6875,-1.744140625,-1.2734375,-0.06425870162964516,-3.2207964550189576,0,-0.0542534738779068,0,539.72561788848,0,0,0,0,0,3.474609375,,
18.023014999999983,,,,,0.734375,-0.537109375,-1.03125,-0.06401948751331853,-3.2251187913654147,0,-0.0537109375,0,540.03977715384,0,0,0,0,0,3.48828125,,
18.04563499999998,,,,,-0.3125,-1.076171875,-0.6328125,-0.06452782772250065,-3.2227103253415184,0,-0.0654296875,0,540.8775351948,0,0,0,0,0,3.4921875,,
18.072084999999962,,,,,0.890625,-1.025390625,-1.4140625,-0.06502216107666273,-3.2321721561496832,0,-0.0516183041036129,0,541.50585372552,0,0,0,0,0,3.5,,
18.094660000000005,,,,,-0.2109375,-0.99609375,-0.689453125,-0.06493824087318865,-3.250429188777257,0,-0.0542534738779068,0,542.02945250112,0,0,0,0,0,3.5,,
18.12151999999999,,,,,0.44921875,-1.216796875,-1.12109375,-0.06443457998065462,-3.2569126932969428,0,-0.0599888376891613,0,542.65777103184,0,0,0,0,0,3.50390625,,
18.145464999999998,,,,,0.875,-1.27734375,-1.4765625,-0.06450310757026825,-3.2706646042101735,0,-0.0477430559694767,0,542.86721054208,0,0,0,0,0,3.525390625,,
18.169554999999992,,,,,0.4375,-1.568359375,-0.99609375,-0.06524282723446334,-3.279255516500769,0,-0.067138671875,0,543.9144080932799,0,0,0,0,0,3.5234375,,
18.19411499999996,,,,,0.173828125,-1.20703125,-0.99609375,-0.06526272698719264,-3.2974265324846317,0,-0.048828125,0,544.22856735864,0,0,0,0,0,3.529296875,,
18.219284999999974,,,,,0.173828125,-1.51953125,-1.0546875,-0.06522488963427715,-3.304641178475858,0,-0.0439453125,0,544.7521661342399,0,0,0,0,0,3.544921875,,
18.24442499999999,,,,,-0.224609375,-0.884765625,-0.419921875,-0.06540176688700439,-3.3079205630173236,0,-0.05126953125,0,545.27576490984,0,0,0,0,0,3.546875,,
18.271114999999963,,,,,0.76171875,-1.732421875,-1.025390625,-0.06544425243918486,-3.317135095974821,0,-0.052490234375,0,545.69464393032,0,0,0,0,0,3.546875,,
18.297234999999986,,,,,0.697265625,-1.74609375,-1.4765625,-0.0659624265019164,-3.3263496289323182,0,-0.0499131940305233,0,546.6371217264,0,0,0,0,0,3.5703125,,
18.321339999999967,,,,,0.296875,-0.65625,-0.798828125,-0.06636191331245785,-3.3456066050430273,0,-0.0499131940305233,0,547.160720502,0,0,0,0,0,3.603515625,,
18.346049999999988,,,,,0.537109375,-1.90234375,-0.97265625,-0.06590132648798012,-3.3443486116287597,0,-0.057373046875,0,547.6843192775999,0,0,0,0,0,3.611328125,,
18.373434999999997,,,,,-0.1875,-0.451171875,-1.095703125,-0.06566813543842522,-3.347972062745068,0,-0.062255859375,0,547.78903903272,0,0,0,0,0,3.619140625,,
18.39511499999999,,,,,0.86328125,-1.837890625,-1.0546875,-0.06568088808990973,-3.3542082694140865,0,-0.0564236119389534,0,548.31263780832,0,0,0,0,0,3.611328125,,
18.420714999999998,,,,,-0.421875,-1.091796875,-0.37109375,-0.06618169763097957,-3.3590036973009516,0,-0.0474330373108387,0,548.94095633904,0,0,0,0,0,3.619140625,,
18.44376999999999,,,,,0.7734375,-1.28125,-1.390625,-0.06685611175870544,-3.3604337240026405,0,-0.0575086809694767,0,549.56927486976,0,0,0,0,0,3.634765625,,
18.47030999999997,,,,,0.82421875,-1.21484375,-1.181640625,-0.06651903684936236,-3.3719276980184683,0,-0.0530133917927742,0,550.19759340048,0,0,0,0,0,3.60546875,,
18.49413499999998,,,,,-0.048828125,-1.9140625,-0.99609375,-0.06607904517897766,-3.3803573291021065,0,-0.0618489570915699,0,550.3023131556,0,0,0,0,0,3.623046875,,
18.519684999999967,,,,,-0.236328125,-0.546875,-0.244140625,-0.06659885104990709,-3.3898191599102714,0,-0.05859375,0,551.1400711965599,0,0,0,0,0,3.6328125,,
18.54469999999998,,,,,0.2734375,-0.982421875,-0.923828125,-0.06808192448363795,-3.3943135295441498,0,-0.0553385429084301,0,551.9778292375199,0,0,0,0,0,3.62890625,,
18.56922,,,,,0.9375,-1.041015625,-1.580078125,-0.06794377470855166,-3.3991842219942625,0,-0.054931640625,0,552.9203070336,0,0,0,0,0,3.646484375,,
18.594194999999978,,,,,1.0234375,-1.6328125,-0.759765625,-0.06763805240838822,-3.4054204286632803,0,-0.057373046875,0,553.4439058091999,0,0,0,0,0,3.634765625,,
18.619505000000004,,,,,-0.26171875,-1.0546875,-0.90625,-0.06741000972079406,-3.4065493971119816,0,-0.057373046875,0,554.07222433992,0,0,0,0,0,3.65234375,,
18.64513499999998,,,,,-0.375,-0.287109375,-0.37109375,-0.06774369988184593,-3.4014421588916655,0,-0.0499131940305233,0,554.80526262576,0,0,0,0,0,3.66015625,,
18.66982499999998,,,,,0.2109375,-1.76171875,-1.3203125,-0.0678676309648943,-3.4192260999788306,0,-0.059814453125,0,555.32886140136,0,0,0,0,0,3.681640625,,
18.69577999999997,,,,,0.861328125,-0.556640625,-1.126953125,-0.06796841244735029,-3.4311071488913556,0,-0.0537109375,0,556.0618996871999,0,0,0,0,0,3.68359375,,
18.722424999999987,,,,,0.5859375,-1.4609375,-1.298828125,-0.06790725591817239,-3.4530306409570932,0,-0.0607638880610466,0,556.48077870768,0,0,0,0,0,3.673828125,,
18.74555999999997,,,,,-0.2109375,-1.1484375,-0.6796875,-0.06807096751895562,-3.457611027234682,0,-0.0607638880610466,0,557.2138169935199,0,0,0,0,0,3.708984375,,
18.771709999999963,,,,,-0.162109375,-0.859375,-0.693359375,-0.0687058481340537,-3.46033130359203,0,-0.0516183041036129,0,557.84213552424,0,0,0,0,0,3.693359375,,
18.794224999999976,,,,,0.947265625,-1.39453125,-1.7109375,-0.06872503802627639,-3.4749218767814387,0,-0.0564236119389534,0,558.47045405496,0,0,0,0,0,3.708984375,,
18.82041499999998,,,,,0.578125,-1.47265625,-0.92578125,-0.06859963805039859,-3.46873943051474,0,-0.0627790167927742,0,558.99405283056,0,0,0,0,0,3.712890625,,
18.845179999999992,,,,,0.28125,-0.92578125,-0.736328125,-0.06812473185328072,-3.468943720043553,0,-0.0575086809694767,0,559.62237136128,0,0,0,0,0,3.7109375,,
18.876964999999966,,,,,0.28125,-0.83203125,-0.884765625,-0.06902216428332515,-3.492221974247732,0,-0.0537109375,0,560.46012940224,0,0,0,0,0,3.732421875,,
18.899344999999972,,,,,0.10546875,-0.9921875,-0.9921875,-0.07000333880434018,-3.5075114326672896,0,-0.048828125,0,561.71676646368,0,0,0,0,0,3.716796875,,
18.926694999999977,,,,,0.515625,-1.13671875,-1.158203125,-0.07026976196945411,-3.524306182351783,0,-0.057373046875,0,562.86868377,0,0,0,0,0,3.732421875,,
18.948674999999987,,,,,0.26171875,-1.080078125,-1.123046875,-0.07004266473836954,-3.527596318973713,0,-0.0542534738779068,0,563.4970023007199,0,0,0,0,0,3.74609375,,
18.975119999999997,,,,,0.875,-1.396484375,-1.669921875,-0.07001804077558996,-3.5427890086690965,0,-0.0502232126891613,0,564.54419985192,0,0,0,0,0,3.7890625,,
18.99662499999997,,,,,1.0859375,-1.5390625,-1.087890625,-0.0700343420389974,-3.553691618259414,0,-0.05615234375,0,565.2772381377599,0,0,0,0,0,3.78515625,,
19.022469999999974,,,,,0.140625,-0.650390625,-0.560546875,-0.07013505821418947,-3.5705293762657626,0,-0.052490234375,0,566.0102764236,0,0,0,0,0,3.8203125,,
19.044984999999986,,,,,-0.28125,-1.27734375,-0.462890625,-0.07012324865229959,-3.5811846880054117,0,-0.052490234375,0,566.5338751992,0,0,0,0,0,3.826171875,,
19.069619999999965,,,,,0.625,-1.9765625,-0.7890625,-0.06976529337311468,-3.5918399997450616,0,-0.07080078125,0,566.84803446456,0,0,0,0,0,3.8515625,,
19.095405,,,,,0.412109375,-0.677734375,-1.19921875,-0.06982251132085368,-3.591474429009292,0,-0.05126953125,0,567.5810727503999,0,0,0,0,0,3.8359375,,
19.12175999999998,,,,,0.9609375,-0.86328125,-1.431640625,-0.0705859211356171,-3.592753926584487,0,-0.0537109375,0,568.31411103624,0,0,0,0,0,3.83984375,,
19.145079999999986,,,,,-0.17578125,-1.455078125,-0.642578125,-0.07117138259563997,-3.6145376416041946,0,-0.0553385429084301,0,569.25658883232,0,0,0,0,0,3.833984375,,
19.17374999999997,,,,,0.203125,-0.6796875,-0.89453125,-0.07119662996975892,-3.632869938795014,0,-0.047607421875,0,569.8849073630399,0,0,0,0,0,3.84765625,,
19.19541499999998,,,,,0.67578125,-0.44140625,-1.419921875,-0.070925525093601,-3.6513205088709366,0,-0.0661892369389534,0,570.51322589376,0,0,0,0,0,3.84765625,,
19.221724999999978,,,,,-0.26171875,-0.85546875,-0.1328125,-0.07068660143713724,-3.6631585494616066,0,-0.0502232126891613,0,570.93210491424,0,0,0,0,0,3.841796875,,
19.24360499999998,,,,,1.03125,-0.91015625,-1.69921875,-0.0708851453939004,-3.677491072719884,0,-0.0520833320915699,0,571.45570368984,0,0,0,0,0,3.853515625,,
19.269494999999996,,,,,-0.1875,-0.94921875,-0.591796875,-0.07124267816004821,-3.689350617471482,0,-0.05859375,0,571.97930246544,0,0,0,0,0,3.826171875,,
19.295189999999973,,,,,0.537109375,-0.537109375,-1.587890625,-0.07124698627468244,-3.680662936456712,0,-0.057373046875,0,572.39818148592,0,0,0,0,0,3.837890625,,
19.329604999999983,,,,,0.787109375,-1.2578125,-1.28125,-0.07104010751883294,-3.6811897883994393,0,-0.05859375,0,572.92178026152,0,0,0,0,0,3.81640625,,
19.351714999999967,,,,,0.080078125,-0.388671875,-0.927734375,-0.07143714077356514,-3.6753191524661912,0,-0.049715910106897354,0,573.55009879224,0,0,0,0,0,3.845703125,,
19.37769,,,,,-0.236328125,-0.62890625,-0.978515625,-0.07190648848564513,-3.6862432662174367,0,-0.0558035708963871,0,574.17841732296,0,0,0,0,0,3.82421875,,
19.39847,,,,,0.7734375,-1.474609375,-1.615234375,-0.07200955986288024,-3.6862432662174367,0,-0.06103515625,0,574.8067358536799,0,0,0,0,0,3.86328125,,
19.42092999999999,,,,,-0.421875,-0.056640625,-0.669921875,-0.0719956712799933,-3.697124371646827,0,-0.0571986623108387,0,575.22561487416,0,0,0,0,0,3.853515625,,
19.446979999999982,,,,,1.07421875,-1.671875,-1.22265625,-0.07196603242954312,-3.6957481053474575,0,-0.057373046875,0,575.85393340488,0,0,0,0,0,3.86328125,,
19.469339999999967,,,,,-0.671875,-0.310546875,-0.7734375,-0.07236873917648083,-3.6912859919549703,0,-0.05859375,0,576.4822519356,0,0,0,0,0,3.875,,
19.496629999999975,,,,,0.4609375,-0.86328125,-1.42578125,-0.07271918373851304,-3.675340656627119,0,-0.0530133917927742,0,577.0058507112,0,0,0,0,0,3.828125,,
19.518689999999975,,,,,-0.05078125,-0.6640625,-0.6875,-0.07279661753691902,-3.6782544704328157,0,-0.0531684011220932,0,577.63416924192,0,0,0,0,0,3.869140625,,
19.54737499999997,,,,,-0.3125,-0.822265625,-1.1171875,-0.07291179700490966,-3.692081645909293,0,-0.0599888376891613,0,578.2624877726399,0,0,0,0,0,3.84765625,,
19.569254999999977,,,,,0.134765625,-0.623046875,-0.697265625,-0.07223754793924557,-3.7131987319402437,0,-0.0509982630610466,0,578.5766470379999,0,0,0,0,0,3.84375,,
19.597169999999984,,,,,0.5625,-1.068359375,-1.43359375,-0.07255492139205238,-3.7165641331254204,0,-0.04638671875,0,579.20496556872,0,0,0,0,0,3.861328125,,
19.618909999999975,,,,,0.572265625,-0.80859375,-1.353515625,-0.07277975079606556,-3.724735714277927,0,-0.0553385429084301,0,579.7285643443199,0,0,0,0,0,3.828125,,
19.655994999999965,,,,,-0.3125,-0.14453125,-0.751953125,-0.07282878473791358,-3.72955264632572,0,-0.068359375,0,580.2521631199199,0,0,0,0,0,3.861328125,,
19.677899999999994,,,,,-0.1640625,-0.322265625,-0.880859375,-0.0729173959399488,-3.728534782883479,0,-0.0537109375,0,580.6710421404,0,0,0,0,0,3.841796875,,
19.701684999999998,,,,,0.15625,-0.759765625,-1.017578125,-0.07286598584424764,-3.7375952025126606,0,-0.0474330373108387,0,581.1946409159999,0,0,0,0,0,3.845703125,,
19.724264999999985,,,,,0.57421875,-0.7265625,-1.439453125,-0.07350589346170311,-3.7411756453071137,0,-0.0537109375,0,581.82295944672,0,0,0,0,0,3.86328125,,
19.745909999999974,,,,,-0.28125,0.19921875,-0.859375,-0.07375156215766776,-3.7454119650098607,0,-0.0537109375,0,582.45127797744,0,0,0,0,0,3.833984375,,
19.769669999999984,,,,,0.1875,-0.60546875,-1.154296875,-0.07367017314952781,-3.753992125219992,0,-0.0474330373108387,0,582.66071748768,0,0,0,0,0,3.857421875,,
19.797214999999966,,,,,0.474609375,-0.3046875,-1.693359375,-0.07322668343522924,-3.754497473001792,0,-0.05859375,0,582.97487675304,0,0,0,0,0,3.869140625,,
19.818655,,,,,-0.041015625,-0.96484375,-0.552734375,-0.07374294876570274,-3.763776518442072,0,-0.048828125,0,583.2890360184,0,0,0,0,0,3.84375,,
19.847984999999987,,,,,0.171875,-0.357421875,-1.205078125,-0.07440786415548581,-3.758378974049233,0,-0.0474330373108387,0,584.0220743042399,0,0,0,0,0,3.8828125,,
19.86985499999998,,,,,0.92578125,-0.91015625,-1.1796875,-0.07462349500180356,-3.7428207136180793,0,-0.064453125,0,584.54567307984,0,0,0,0,0,3.884765625,,
19.896934999999967,,,,,0.375,-0.78125,-1.62109375,-0.07457832742612634,-3.77600163392944,0,-0.0474330373108387,0,584.96455210032,0,0,0,0,0,3.84765625,,
19.930729999999983,,,,,-0.21875,-0.14453125,-0.6484375,-0.074374215466636,-3.78738808714063,0,-0.046875,0,585.3834311208,0,0,0,0,0,3.880859375,,
19.952079999999988,,,,,0.009765625,-0.8046875,-1,-0.07474019207418515,-3.8003515093531592,0,-0.057705964893102646,0,586.11646940664,0,0,0,0,0,3.869140625,,
19.974059999999998,,,,,-0.28125,-0.6171875,-0.966796875,-0.07486498617766721,-3.8169885646575374,0,-0.0544084832072258,0,586.6400681822399,0,0,0,0,0,3.849609375,,
19.996139999999986,,,,,0.798828125,-0.822265625,-1.171875,-0.07521652296115716,-3.8123329138167015,0,-0.0571986623108387,0,587.2683867129599,0,0,0,0,0,3.88671875,,
20.018929999999965,,,,,-0.078125,-0.513671875,-1.169921875,-0.07507425339214992,-3.816762770967797,0,-0.0613839291036129,0,587.4778262231999,0,0,0,0,0,3.87890625,,
20.053204999999988,,,,,0.7734375,-0.767578125,-1.41015625,-0.0747914282555454,-3.819999147187408,0,-0.0571986623108387,0,587.7919854885599,0,0,0,0,0,3.84765625,,
20.077724999999976,,,,,-0.462890625,-0.849609375,-0.46875,-0.07539819182028258,-3.846026347163484,0,-0.0577799491584301,0,588.5250237744,0,0,0,0,0,3.884765625,,
20.09941499999998,,,,,0.0625,-0.46875,-1.154296875,-0.07576155627021852,-3.8494168393364303,0,-0.05126953125,0,589.04862255,0,0,0,0,0,3.873046875,,
20.119954999999987,,,,,-0.375,-1.181640625,-0.4453125,-0.0753126051760055,-3.8702651233557854,0,-0.0599888376891613,0,589.2580620602399,0,0,0,0,0,3.83984375,,
20.145484999999987,,,,,0.59375,-1.279296875,-1.001953125,-0.07482479695285944,-3.8770819423698497,0,-0.0504557304084301,0,589.36278181536,0,0,0,0,0,3.875,,
20.168699999999983,,,,,0.611328125,-0.66796875,-1.65234375,-0.07478320935419089,-3.8989194177918765,0,-0.0509982630610466,0,589.78166083584,0,0,0,0,0,3.888671875,,
20.195744999999967,,,,,0.3125,-0.7109375,-1.1015625,-0.0756903884980073,-3.9016504462296875,0,-0.0571986623108387,0,590.20053985632,0,0,0,0,0,3.853515625,,
20.22033999999997,,,,,0.48828125,-0.7734375,-1.328125,-0.07603043584579226,-3.9062308325072768,0,-0.0651041641831398,0,590.82885838704,0,0,0,0,0,3.857421875,,
20.24553999999998,,,,,-0.40625,-0.9140625,-1.099609375,-0.07582058082850275,-3.9009838172409306,0,-0.04638671875,0,591.1430176524,0,0,0,0,0,3.896484375,,
20.269964999999967,,,,,0,-0.66796875,-1.248046875,-0.07571265889013096,-3.90222030649427,0,-0.0542534738779068,0,591.5618966728799,0,0,0,0,0,3.880859375,,
20.299024999999993,,,,,-0.3359375,-0.8515625,-0.97265625,-0.07564885717189986,-3.9019837607240664,0,-0.0655691996216774,0,591.77133618312,0,0,0,0,0,3.853515625,,
20.321669999999983,,,,,0.3125,-0.818359375,-1.1640625,-0.07633219485973267,-3.888532908063823,0,-0.057705964893102646,0,592.50437446896,0,0,0,0,0,3.900390625,,
20.347755000000003,,,,,0.5,-0.978515625,-1.64453125,-0.07617582630946694,-3.901155850528352,0,-0.0569661445915699,0,593.0279732445599,0,0,0,0,0,3.892578125,,
20.371024999999996,,,,,0.486328125,-0.78515625,-1.171875,-0.07596149288131784,-3.907592768299403,0,-0.0607638880610466,0,593.13269299968,0,0,0,0,0,3.83984375,,
20.39897999999998,,,,,0.015625,-0.759765625,-0.66796875,-0.07602658893271162,-3.9184774521555723,0,-0.054931640625,0,593.5515720201599,0,0,0,0,0,3.865234375,,
20.422954999999988,,,,,0.125,-0.52734375,-0.849609375,-0.07647970136410237,-3.900284932010782,0,-0.0654296875,0,593.97045104064,0,0,0,0,0,3.90234375,,
20.44628999999998,,,,,0.236328125,-0.619140625,-1.109375,-0.07698810593730726,-3.912026203877278,0,-0.0516183041036129,0,594.4940498162399,0,0,0,0,0,3.87890625,,
20.46938499999998,,,,,-0.5625,0.201171875,-0.904296875,-0.07698878279139056,-3.928595159872031,0,-0.0474330373108387,0,595.0176485918399,0,0,0,0,0,3.859375,,
20.496339999999996,,,,,-0.09375,-0.294921875,-0.794921875,-0.0772254941952476,-3.9291220118147585,0,-0.0516183041036129,0,595.3318078571999,0,0,0,0,0,3.900390625,,
20.519225000000006,,,,,0.40625,-0.517578125,-0.74609375,-0.07713401361223823,-3.92342698759571,0,-0.0517578125,0,595.8554066327999,0,0,0,0,0,3.919921875,,
20.546139999999983,,,,,0.375,-0.8203125,-1.697265625,-0.07795911861483433,-3.9540345822494394,0,-0.05859375,0,596.4837251635199,0,0,0,0,0,3.8984375,,
20.56943999999997,,,,,-0.486328125,0.24609375,-0.638671875,-0.07791921887670311,-3.9588192580558403,0,-0.0607638880610466,0,596.902604184,0,0,0,0,0,3.875,,
20.596649999999965,,,,,0.7734375,-0.84375,-1.525390625,-0.07732846298786772,-3.965205993851352,0,-0.0544084832072258,0,597.3214832044799,0,0,0,0,0,3.904296875,,
20.61942499999999,,,,,-0.1875,-0.2265625,-0.8671875,-0.07743642172571581,-3.972850723061131,0,-0.0634765625,0,597.6356424698399,0,0,0,0,0,3.9375,,
20.649845000000003,,,,,-0.265625,-0.359375,-1.044921875,-0.07808339170898508,-3.936702228541754,0,-0.0516183041036129,0,598.05452149032,0,0,0,0,0,3.908203125,,
20.672264999999957,,,,,-0.447265625,-0.0859375,-0.8125,-0.07837836147816833,-3.9774741176605755,0,-0.05326704680919647,0,598.7875597761599,0,0,0,0,0,3.876953125,,
20.696849999999976,,,,,0.611328125,-1.01171875,-1.595703125,-0.0782298171583206,-3.952529290984503,0,-0.048828125,0,599.520598062,0,0,0,0,0,3.91796875,,
20.72020999999999,,,,,-0.57421875,-0.546875,-0.4140625,-0.07832227543604879,-3.989709985228407,0,-0.064697265625,0,599.73003757224,0,0,0,0,0,3.953125,,
20.75787499999997,,,,,0.21875,0.126953125,-1.3515625,-0.07781746795853071,-4.002849027555199,0,-0.0537109375,0,599.83475732736,0,0,0,0,0,3.94140625,,
20.77917499999996,,,,,0.3515625,-0.923828125,-1.453125,-0.07782687122492853,-4.013242694136813,0,-0.05126953125,0,600.35835610296,0,0,0,0,0,3.888671875,,
20.801524999999994,,,,,-0.515625,-0.220703125,-1,-0.07943225679385829,-4.0345999211648715,0,-0.059814453125,0,601.19611414392,0,0,0,0,0,3.923828125,,
20.824399999999994,,,,,-0.7109375,0.419921875,-0.62890625,-0.07940600835881992,-4.046190663904874,0,-0.0544084832072258,0,601.82443267464,0,0,0,0,0,3.962890625,,
20.846454999999988,,,,,0.546875,0.263671875,-0.931640625,-0.07911068705847042,-4.05149143957354,0,-0.052490234375,0,602.13859194,0,0,0,0,0,3.9765625,,
20.869684999999997,,,,,0.048828125,-0.65234375,-1.7109375,-0.07889165129021597,-4.055534221827937,0,-0.0520833320915699,0,602.5574709604799,0,0,0,0,0,3.9453125,,
20.89596499999997,,,,,-0.5,-0.162109375,-1.416015625,-0.07897223401320227,-4.055534221827937,0,-0.06591796875,0,602.76691047072,0,0,0,0,0,3.90234375,,
20.921024999999965,,,,,0.662109375,-0.509765625,-1.765625,-0.0791172763008762,-4.061426361922113,0,-0.0531684011220932,0,603.3952290014399,0,0,0,0,0,3.916015625,,
20.948244999999964,,,,,-0.349609375,0.150390625,-0.4296875,-0.07943812903502524,-4.0705548782359005,0,-0.05126953125,0,604.0235475321599,0,0,0,0,0,3.962890625,,
20.969274999999964,,,,,0.01953125,-0.6484375,-1.19921875,-0.08005432277040817,-4.071977748084029,0,-0.0618489570915699,0,604.65186606288,0,0,0,0,0,3.986328125,,
20.99486499999999,,,,,-0.375,0.1875,-1.63671875,-0.07949086786632195,-4.083231581102748,0,-0.0472005195915699,0,604.96602532824,0,0,0,0,0,3.953125,,
21.022979999999983,,,,,-0.236328125,-0.14453125,-1.345703125,-0.07954112822447318,-4.092327841175143,0,-0.0531684011220932,0,605.59434385896,0,0,0,0,0,3.90625,,
21.048424999999988,,,,,0,0.009765625,-1.16015625,-0.08119211547136405,-4.109455905354015,0,-0.0531684011220932,0,606.74626116528,0,0,0,0,0,3.91015625,,
21.075769999999988,,,,,0.787109375,-0.48828125,-1.431640625,-0.08170604169278874,-4.128548005030861,0,-0.0553385429084301,0,607.79345871648,0,0,0,0,0,3.958984375,,
21.09637499999997,,,,,-0.8359375,0.833984375,-0.609375,-0.08154602287425369,-4.129841849913426,0,-0.0509982630610466,0,608.6312167574399,0,0,0,0,0,4,,
21.11985499999998,,,,,0.599609375,-0.798828125,-1.69921875,-0.0815491993508721,-4.1287128814647245,0,-0.0651041641831398,0,609.4689747983999,0,0,0,0,0,3.998046875,,
21.145859999999985,,,,,-0.40625,0.09375,-1.0625,-0.08223370645942751,-4.141507857216674,0,-0.052490234375,0,610.3067328393599,0,0,0,0,0,3.951171875,,
21.17164499999996,,,,,-0.11328125,0.142578125,-1.216796875,-0.08267217627959988,-4.165710790340744,0,-0.057373046875,0,611.0397711252,0,0,0,0,0,3.86328125,,
21.200994999999995,,,,,-0.75,-0.189453125,-1.158203125,-0.08204251978205902,-4.194741407593067,0,-0.0531684011220932,0,611.5633699008,0,0,0,0,0,3.841796875,,
21.221419999999984,,,,,0.30078125,-0.369140625,-1.18359375,-0.08125702316707732,-4.200386249836575,0,-0.048828125,0,611.87752916616,0,0,0,0,0,3.88671875,,
21.246219999999973,,,,,-0.28125,-0.005859375,-0.951171875,-0.0813018373324986,-4.19494569712188,0,-0.0651041641831398,0,612.4011279417599,0,0,0,0,0,3.9453125,,
21.280179999999994,,,,,0.353515625,-0.2578125,-1.50390625,-0.08268817759548996,-4.199956166618022,0,-0.048828125,0,613.2388859827199,0,0,0,0,0,3.982421875,,
21.30348999999996,,,,,-0.228515625,-0.431640625,-0.888671875,-0.08324467658629325,-4.2311730514314085,0,-0.0496419258415699,0,614.1813637788,0,0,0,0,0,4,,
21.325714999999995,,,,,0.662109375,-0.779296875,-1.8125,-0.08308026270608729,-4.254727264500742,0,-0.0571986623108387,0,614.91440206464,0,0,0,0,0,3.970703125,,
21.347554999999993,,,,,-0.75,0.474609375,-0.89453125,-0.08245027229639196,-4.264780459734417,0,-0.057373046875,0,615.33328108512,0,0,0,0,0,3.927734375,,
21.369875,,,,,0.548828125,-0.447265625,-0.904296875,-0.08262174325830836,-4.269102796080874,0,-0.0599888376891613,0,615.8568798607199,0,0,0,0,0,3.849609375,,
21.394544999999983,,,,,0.546875,-0.03515625,-1.23828125,-0.08333377078724506,-4.274898167450876,0,-0.0613839291036129,0,616.48519839144,0,0,0,0,0,3.783203125,,
21.421829999999986,,,,,-1.298828125,0.611328125,-0.76953125,-0.08335308630999887,-4.261533331434342,0,-0.0537109375,0,617.11351692216,0,0,0,0,0,3.765625,,
21.448444999999978,,,,,1.162109375,-0.37109375,-1.60546875,-0.08329224517317593,-4.262479514515159,0,-0.0564236119389534,0,617.63711569776,0,0,0,0,0,3.791015625,,
21.472744999999996,,,,,0.4375,-0.203125,-1.5078125,-0.08298190007909231,-4.279765264674083,0,-0.0575086809694767,0,618.05599471824,0,0,0,0,0,3.837890625,,
21.496565000000004,,,,,-1.38671875,0.59375,-0.67578125,-0.08294825614150925,-4.301090235460751,0,-0.05615234375,0,618.57959349384,0,0,0,0,0,3.90234375,,
21.51997,,,,,0.69921875,-0.400390625,-1.404296875,-0.08384613554167232,-4.311304711901384,0,-0.0516183041036129,0,619.20791202456,0,0,0,0,0,3.94921875,,
21.544549999999987,,,,,0.671875,-0.076171875,-1.330078125,-0.0842327523768594,-4.310906884924222,0,-0.0634765625,0,619.8362305552799,0,0,0,0,0,3.982421875,,
21.569524999999995,,,,,-0.849609375,0.5234375,-0.677734375,-0.08392212776409275,-4.310756355797729,0,-0.052490234375,0,620.35982933088,0,0,0,0,0,4.00390625,,
21.596974999999976,,,,,-0.32421875,-0.1953125,-1.578125,-0.08346119018898596,-4.315293733753463,0,-0.05126953125,0,620.67398859624,0,0,0,0,0,4.01953125,,
21.619574999999983,,,,,0,0.056640625,-0.916015625,-0.08374673842186382,-4.3130357968560595,0,-0.0553385429084301,0,621.19758737184,0,0,0,0,0,4.025390625,,
21.65308499999999,,,,,0.46875,-0.177734375,-1.732421875,-0.08426607334346783,-4.315014179661404,0,-0.062255859375,0,621.72118614744,0,0,0,0,0,3.994140625,,
21.677524999999996,,,,,0.150390625,-0.18359375,-1.08984375,-0.08439421208825616,-4.336543406376633,0,-0.06569602340459824,0,622.4542244332799,0,0,0,0,0,3.94140625,,
21.700625,,,,,-0.5234375,0.22265625,-1.404296875,-0.083974781109458,-4.337400011187085,0,-0.0537109375,0,622.7683836986399,0,0,0,0,0,3.869140625,,
21.72136499999999,,,,,-0.34375,0.037109375,-1.298828125,-0.0838422171613598,-4.345163013281966,0,-0.052490234375,0,623.39670222936,0,0,0,0,0,3.7734375,,
21.749949999999984,,,,,-0.423828125,-0.212890625,-0.927734375,-0.08466068158541858,-4.348700447754564,0,-0.0472005195915699,0,623.81558124984,0,0,0,0,0,3.68359375,,
21.771819999999977,,,,,0.125,0.244140625,-0.896484375,-0.0848279529645483,-4.355811134567806,0,-0.0625,0,624.44389978056,0,0,0,0,0,3.576171875,,
21.794350000000005,,,,,0.578125,0.0078125,-1.369140625,-0.08467435095791712,-4.350141226536716,0,-0.0446428582072258,0,624.96749855616,0,0,0,0,0,3.484375,,
21.82587499999997,,,,,0.703125,-0.06640625,-1.65234375,-0.08501057445351012,-4.350141226536716,0,-0.048828125,0,625.59581708688,0,0,0,0,0,3.4375,,
21.85023999999996,,,,,0.142578125,-0.279296875,-1.423828125,-0.08511310198056364,-4.375028731183815,0,-0.0546875,0,626.2241356175999,0,0,0,0,0,3.390625,,
21.87128999999998,,,,,0.28125,-0.35546875,-1.3828125,-0.08503191887718155,-4.3665381492440485,0,-0.05615234375,0,626.95717390344,0,0,0,0,0,3.345703125,,
21.89391499999998,,,,,-0.0625,-0.02734375,-1.244140625,-0.08501188945070136,-4.363301773024437,0,-0.0571986623108387,0,627.48077267904,0,0,0,0,0,3.30859375,,
21.91987499999997,,,,,0.375,-0.37109375,-1.2734375,-0.08560865889126663,-4.35372166933117,0,-0.0432477667927742,0,628.31853072,0,0,0,0,0,3.26953125,,
21.944344999999974,,,,,-0.44921875,-0.16015625,-0.96484375,-0.08571348842399709,-4.3615706880697624,0,-0.0444878488779068,0,628.8421294955999,0,0,0,0,0,3.232421875,,
21.968959999999964,,,,,0.44921875,-0.015625,-1.62109375,-0.08574784295391731,-4.4066971697764314,0,-0.050048828125,0,629.47044802632,0,0,0,0,0,3.1953125,,
21.99486499999999,,,,,-0.0625,-0.18359375,-1.2578125,-0.08568966031177816,-4.422481223897325,0,-0.042724609375,0,629.9940468019199,0,0,0,0,0,3.15234375,,
22.020304999999993,,,,,0.8125,0.041015625,-1.66015625,-0.08526864857815221,-4.43138394652137,0,-0.0575086809694767,0,630.4129258224,0,0,0,0,0,3.12109375,,
22.045915000000008,,,,,0.19921875,0.048828125,-1.232421875,-0.08524876948196519,-4.43509341428139,0,-0.0390625,0,630.936524598,0,0,0,0,0,3.08984375,,
22.070799999999988,,,,,0.3359375,0.54296875,-0.978515625,-0.08605721931038099,-4.426577766554042,0,-0.0531684011220932,0,631.35540361848,0,0,0,0,0,3.03515625,,
22.094984999999987,,,,,0,0.103515625,-0.98046875,-0.08520691922061661,-4.417814820976026,0,-0.057373046875,0,631.77428263896,0,0,0,0,0,2.958984375,,
22.120839999999966,,,,,-0.69921875,-0.326171875,-0.666015625,-0.08605004062885088,-4.413847303284874,0,-0.037841796875,0,632.2978814145599,0,0,0,0,0,2.888671875,,
22.147095,,,,,-0.537109375,0.07421875,-1.228515625,-0.08626508580654678,-4.414363403147137,0,-0.0553385429084301,0,632.92619994528,0,0,0,0,0,2.822265625,,
22.169794999999983,,,,,-0.03125,-0.134765625,-1.072265625,-0.08614248942896867,-4.450232343574454,0,-0.054931640625,0,633.24035921064,0,0,0,0,0,2.779296875,,
22.194504999999975,,,,,0.171875,-0.1328125,-1.26171875,-0.08563044766048862,-4.488918329083294,0,-0.059814453125,0,633.34507896576,0,0,0,0,0,2.751953125,,
22.21932999999999,,,,,0.298828125,0.40625,-0.91015625,-0.0855207936962189,-4.470188204915312,0,-0.05615234375,0,633.7639579862399,0,0,0,0,0,2.734375,,
22.246179999999963,,,,,0.5859375,-0.091796875,-1.298828125,-0.08633135672802628,-4.466930324534773,0,-0.0634765625,0,634.18283700672,0,0,0,0,0,2.740234375,,
22.269234999999988,,,,,-0.974609375,0.208984375,-0.44921875,-0.08662929615823825,-4.477101792653551,0,-0.0520833320915699,0,634.70643578232,0,0,0,0,0,2.76953125,,
22.29499999999997,,,,,0.4375,-0.384765625,-1.375,-0.08696242393680068,-4.485832481990176,0,-0.05859375,0,635.2300345579199,0,0,0,0,0,2.796875,,
22.31933499999999,,,,,-0.6875,-0.134765625,-0.77734375,-0.08724753897567057,-4.4879183856001585,0,-0.05859375,0,635.85835308864,0,0,0,0,0,2.8359375,,
22.345910000000003,,,,,0.986328125,0.224609375,-1.81640625,-0.08788671868567262,-4.509906390148678,0,-0.048828125,0,636.6961111296,0,0,0,0,0,2.900390625,,
22.370024999999995,,,,,-1.07421875,0.015625,-0.40625,-0.08768011754449338,-4.528550497672949,0,-0.05859375,0,637.2197099051999,0,0,0,0,0,2.9765625,,
22.39498999999999,,,,,0.75,-0.43359375,-1.767578125,-0.08717165954853918,-4.555269417625551,0,-0.0558035708963871,0,637.5338691705599,0,0,0,0,0,3.03125,,
22.420434999999998,,,,,-0.625,0.44921875,-0.578125,-0.08715765982420917,-4.547893490427369,0,-0.0509982630610466,0,637.7433086807999,0,0,0,0,0,3.095703125,,
22.44406999999998,,,,,0.349609375,-0.47265625,-1.3359375,-0.08735922064991418,-4.539410098941412,0,-0.05859375,0,638.2669074564,0,0,0,0,0,3.150390625,,
22.47174999999997,,,,,-0.423828125,-0.1171875,-0.8046875,-0.08807260664330625,-4.542958285494473,0,-0.048828125,0,638.8952259871199,0,0,0,0,0,3.15625,,
22.494209999999963,,,,,0.134765625,-0.07421875,-1.291015625,-0.088176774057511,-4.544194774747813,0,-0.0542534738779068,0,639.41882476272,0,0,0,0,0,3.12890625,,
22.52150999999998,,,,,-0.28125,-0.458984375,-0.84375,-0.08809805659951857,-4.565881721043347,0,-0.0571986623108387,0,640.04714329344,0,0,0,0,0,3.068359375,,
22.54619999999998,,,,,-0.041015625,-0.00390625,-1.056640625,-0.08812750808500501,-4.584859143061996,0,-0.068359375,0,640.25658280368,0,0,0,0,0,3.009765625,,
22.56936499999999,,,,,0.03125,0.193359375,-1.005859375,-0.08759438481318664,-4.601653892746489,0,-0.0596788190305233,0,640.57074206904,0,0,0,0,0,2.99609375,,
22.60328999999998,,,,,-0.298828125,-0.283203125,-0.55859375,-0.08812357188545365,-4.61745945102831,0,-0.0530133917927742,0,640.78018157928,0,0,0,0,0,3.013671875,,
22.62434999999998,,,,,0.4453125,-0.171875,-1.658203125,-0.08865611591877955,-4.635824004460521,0,-0.048828125,0,641.30378035488,0,0,0,0,0,3.068359375,,
22.64722,,,,,0.25,-0.724609375,-1.078125,-0.08849335429560048,-4.6235236244099065,0,-0.0627790167927742,0,641.61793962024,0,0,0,0,0,3.12109375,,
22.682429999999965,,,,,-0.76171875,0.38671875,-0.76171875,-0.08838026713177861,-4.573806004345184,0,-0.052490234375,0,642.03681864072,0,0,0,0,0,3.162109375,,
22.704389999999986,,,,,0.48046875,0.060546875,-1.322265625,-0.08902609664388095,-4.556896543402243,0,-0.0626627579331398,0,642.6651371714399,0,0,0,0,0,3.201171875,,
22.728139999999986,,,,,-0.359375,0.5625,-0.85546875,-0.0889161692946483,-4.580913129531772,0,-0.0460379458963871,0,643.18873594704,0,0,0,0,0,3.171875,,
22.750264999999985,,,,,0.173828125,-0.80078125,-0.97265625,-0.08898539701196927,-4.620545298121427,0,-0.0530133917927742,0,643.6076149675199,0,0,0,0,0,3.1171875,,
22.772879999999976,,,,,-0.140625,0.537109375,-1.197265625,-0.08810399300192341,-4.637651858139371,0,-0.0634765625,0,643.71233472264,0,0,0,0,0,3.068359375,,
22.796429999999965,,,,,-0.2109375,0.2890625,-0.404296875,-0.08853935450501733,-4.639770017990745,0,-0.048828125,0,643.92177423288,0,0,0,0,0,3.052734375,,
22.819389999999984,,,,,0.349609375,-0.1640625,-1.580078125,-0.08985338701368896,-4.616943351166046,0,-0.057373046875,0,644.4453730084799,0,0,0,0,0,3.0703125,,
22.846319999999977,,,,,-0.140625,0.21875,-1.09765625,-0.09015119412312307,-4.63368434044822,0,-0.05859375,0,644.86425202896,0,0,0,0,0,3.125,,
22.871129999999976,,,,,0.01953125,-0.244140625,-0.943359375,-0.08938741621627491,-4.645511628958427,0,-0.05126953125,0,644.9689717840799,0,0,0,0,0,3.15234375,,
22.895264999999984,,,,,-0.548828125,-0.35546875,-0.427734375,-0.08931259554876207,-4.693659445275431,0,-0.054931640625,0,645.38785080456,0,0,0,0,0,3.19140625,,
22.921484999999986,,,,,0,0.169921875,-1.4375,-0.08940885398091211,-4.696454986196026,0,-0.0542534738779068,0,645.70201006992,0,0,0,0,0,3.16796875,,
22.945039999999977,,,,,0.34375,-0.67578125,-1.23046875,-0.0901521761588873,-4.688165132158417,0,-0.059814453125,0,646.22560884552,0,0,0,0,0,3.1015625,,
22.96948999999999,,,,,-0.09375,-0.2890625,-1.07421875,-0.09081546852500849,-4.684713714329529,0,-0.057373046875,0,646.85392737624,0,0,0,0,0,3.0625,,
22.994554999999995,,,,,-0.7109375,0.001953125,-0.53515625,-0.09015771687973786,-4.691788583274725,0,-0.0537109375,0,646.95864713136,0,0,0,0,0,3.06640625,,
23.019214999999996,,,,,0.673828125,-0.525390625,-1.662109375,-0.09042753477364485,-4.736689271291655,0,-0.052490234375,0,647.27280639672,0,0,0,0,0,3.107421875,,
23.04445499999999,,,,,-0.5625,0.072265625,-1.001953125,-0.0907045384647994,-4.743979181846127,0,-0.057373046875,0,647.6916854172,0,0,0,0,0,3.150390625,,
23.071179999999995,,,,,0.173828125,-0.052734375,-1.40234375,-0.09178876785498327,-4.742022303201711,0,-0.0537109375,0,648.42472370304,0,0,0,0,0,3.189453125,,
23.098369999999967,,,,,-0.09375,-0.54296875,-0.564453125,-0.09198946597526378,-4.726205992839427,0,-0.0640190988779068,0,648.94832247864,0,0,0,0,0,3.140625,,
23.120379999999976,,,,,0.01171875,-0.94921875,-1.26953125,-0.09115358170524547,-4.74724781430713,0,-0.05859375,0,649.3672014991199,0,0,0,0,0,3.107421875,,
23.1445,,,,,0.171875,-0.478515625,-1.265625,-0.0905518869286197,-4.771956095212999,0,-0.054931640625,0,649.6813607644799,0,0,0,0,0,3.10546875,,
23.169359999999987,,,,,-0.7109375,0.779296875,-0.6484375,-0.09075168554433431,-4.75163466313637,0,-0.05859375,0,650.3096792952,0,0,0,0,0,3.150390625,,
23.194329999999987,,,,,0.412109375,-0.84375,-1.576171875,-0.09221366867521828,-4.727313457127201,0,-0.05859375,0,651.46159660152,0,0,0,0,0,3.208984375,,
23.22038499999998,,,,,-1.037109375,-0.73046875,-0.7734375,-0.09646439839938205,-4.776966564709139,0,-0.0575086809694767,0,652.08991513224,0,0,0,0,0,3.234375,,
23.244554999999995,,,,,-0.037109375,-0.568359375,-0.541015625,-0.09181491464037853,-4.795105324451611,0,-0.05615234375,0,652.8229534180799,0,0,0,0,0,3.19921875,,
23.270324999999982,,,,,0.25,-0.859375,-1.509765625,-0.09259189468892469,-4.7881057200696615,0,-0.05126953125,0,653.1371126834399,0,0,0,0,0,3.19921875,,
23.305350000000004,,,,,-0.611328125,-0.3671875,-0.451171875,-0.09485677978171128,-4.831028025281247,0,-0.0520833320915699,0,653.6607114590399,0,0,0,0,0,3.228515625,,
23.327714999999966,,,,,0.3203125,-0.267578125,-1.3671875,-0.0943499712054805,-4.939097186023142,0,-0.04261363670229912,0,654.4984694999999,0,0,0,0,0,3.28125,,
23.34967500000002,,,,,-0.51171875,0.0234375,-0.755859375,-0.09397792999794308,-4.751666919377762,0,-0.057373046875,0,655.0220682756,0,0,0,0,0,3.28125,,
23.370564999999946,,,,,0.5,-0.5546875,-1.33203125,-0.09259319543222211,-4.943752836863979,0,-0.0627790167927742,0,655.33622754096,0,0,0,0,0,3.244140625,,
23.39420999999999,,,,,0.40625,0.1484375,-0.802734375,-0.0976189726865282,-4.925850622891712,0,-0.05859375,0,655.65038680632,0,0,0,0,0,3.2578125,,
23.421994999999995,,,,,-0.32421875,-0.138671875,-0.76171875,-0.09405647120499132,-4.964160285584317,0,-0.0599888376891613,0,656.0692658268,0,0,0,0,0,3.2890625,,
23.444274999999966,,,,,-0.05078125,-0.443359375,-1.251953125,-0.09263220550104379,-4.984825784235786,0,-0.0542534738779068,0,656.69758435752,0,0,0,0,0,3.3203125,,
23.471529999999998,,,,,0.21875,0.759765625,-1.232421875,-0.0964478037813822,-4.882358457415544,0,-0.05126953125,0,657.1164633779999,0,0,0,0,0,3.27734375,,
23.499744999999965,,,,,-0.07421875,-0.287109375,-0.5390625,-0.09235905817565714,-4.850274249311492,0,-0.0542534738779068,0,657.4306226433599,0,0,0,0,0,3.25390625,,
23.521304999999995,,,,,0.259765625,0.216796875,-1.177734375,-0.09529406568458672,-4.863348779155502,0,-0.0509982630610466,0,657.95422141896,0,0,0,0,0,3.298828125,,
23.548044999999956,,,,,0.287109375,-0.439453125,-1.423828125,-0.09144251581444038,-4.907400052815789,0,-0.0544084832072258,0,658.6872597048,0,0,0,0,0,3.33984375,,
23.57262499999997,,,,,-0.0625,0.0546875,-1.041015625,-0.09615087644376001,-4.916249015037517,0,-0.0564236119389534,0,659.2108584803999,0,0,0,0,0,3.30859375,,
23.598774999999993,,,,,-0.287109375,-0.369140625,-0.466796875,-0.09603650061389607,-4.945967765439526,0,-0.050048828125,0,659.7344572559999,0,0,0,0,0,3.287109375,,
23.621655,,,,,0.63671875,-1.25390625,-1.310546875,-0.09607390689192437,-5.025017061009561,0,-0.0542534738779068,0,660.15333627648,0,0,0,0,0,3.326171875,,
23.649314999999973,,,,,-0.51171875,-0.03125,-0.73828125,-0.0955744123530678,-5.069638194934431,0,-0.068359375,0,660.46749554184,0,0,0,0,0,3.37109375,,
23.671614999999992,,,,,0.5,-0.8359375,-1.06640625,-0.09455346070691681,-5.056993748308973,0,-0.060546875,0,660.99109431744,0,0,0,0,0,3.349609375,,
23.69532999999996,,,,,0.13671875,-0.818359375,-1.412109375,-0.09929504368905107,-5.042467687602347,0,-0.0569661445915699,0,661.61941284816,0,0,0,0,0,3.33203125,,
23.723199999999984,,,,,-0.34375,-0.34765625,-1.072265625,-0.09572003175993017,-5.048370579776986,0,-0.05859375,0,662.0382918686399,0,0,0,0,0,3.3671875,,
23.744674999999987,,,,,-0.20703125,-0.427734375,-0.84765625,-0.0946307448880986,-5.013555343235125,0,-0.0542534738779068,0,662.14301162376,0,0,0,0,0,3.384765625,,
23.770899999999994,,,,,0.015625,-0.609375,-0.46875,-0.09575390032485546,-4.9778369319343,0,-0.0520833320915699,0,662.45717088912,0,0,0,0,0,3.341796875,,
23.79426999999999,,,,,-0.45703125,-0.416015625,-1.181640625,-0.09785500482883625,-5.005319249599835,0,-0.0596788190305233,0,662.8760499095999,0,0,0,0,0,3.353515625,,
23.823130000000006,,,,,0.28125,-0.9921875,-1.095703125,-0.0961678533628207,-5.054671298928787,0,-0.062255859375,0,663.3996486852,0,0,0,0,0,3.380859375,,
23.845399999999994,,,,,-0.01953125,-0.72265625,-1.322265625,-0.09670607006280547,-5.071251007004005,0,-0.05078125,0,663.8185277056799,0,0,0,0,0,3.37109375,,
23.877159999999975,,,,,0.25,-0.634765625,-1.404296875,-0.09264407952674238,-5.047123338443182,0,-0.0599888376891613,0,663.9232474608,0,0,0,0,0,3.3359375,,
23.89883499999999,,,,,-0.267578125,-0.078125,-0.630859375,-0.09794707431055542,-5.047822223673331,0,-0.0615234375,0,664.55156599152,0,0,0,0,0,3.37890625,,
23.926294999999985,,,,,0.03125,-0.732421875,-1.41015625,-0.09710251634776375,-5.084411553491726,0,-0.0571986623108387,0,665.38932403248,0,0,0,0,0,3.404296875,,
23.95104999999996,,,,,0.26953125,-0.673828125,-1.244140625,-0.09794853017037998,-5.089142468895807,0,-0.0498046875,0,665.8082030529599,0,0,0,0,0,3.361328125,,
23.971839999999997,,,,,0.234375,-0.818359375,-1.037109375,-0.09713333413397836,-5.0951421297946204,0,-0.05126953125,0,666.22708207344,0,0,0,0,0,3.37890625,,
23.993939999999974,,,,,0.015625,-0.787109375,-0.9921875,-0.09868114397903824,-5.120409518884608,0,-0.0569661445915699,0,666.6459610939199,0,0,0,0,0,3.41015625,,
24.023054999999964,,,,,-0.1484375,-0.47265625,-0.9453125,-0.09605233181635107,-5.214673008310952,0,-0.05859375,0,667.2742796246399,0,0,0,0,0,3.3984375,,
24.04447,,,,,0.46875,-0.525390625,-1.142578125,-0.0979400065826561,-5.12776757074902,0,-0.0546875,0,667.7978784002399,0,0,0,0,0,3.373046875,,
24.076254999999975,,,,,0.3125,-0.3984375,-1.396484375,-0.09925779938059222,-5.151450775183668,0,-0.0553385429084301,0,668.32147717584,0,0,0,0,0,3.392578125,,
24.09697999999998,,,,,-0.55078125,-0.515625,-0.427734375,-0.09763987709949926,-5.168360168926107,0,-0.0455729179084301,0,668.7403561963199,0,0,0,0,0,3.3828125,,
24.122350000000004,,,,,0.51171875,-1.02734375,-1.54296875,-0.09729470543979107,-5.188405675737831,0,-0.0569661445915699,0,669.1592352168,0,0,0,0,0,3.37109375,,
24.147274999999993,,,,,-0.8359375,-0.20703125,-0.630859375,-0.09825449327578684,-5.1895238921060685,0,-0.0629340261220932,0,669.78755374752,0,0,0,0,0,3.412109375,,
24.170915000000008,,,,,0.3359375,-1.314453125,-0.728515625,-0.09876841821331302,-5.105560895764066,0,-0.0613839291036129,0,670.31115252312,0,0,0,0,0,3.396484375,,
24.193349999999977,,,,,0.423828125,-0.353515625,-1.53125,-0.09861410814537994,-5.2113291112867035,0,-0.052490234375,0,670.62531178848,0,0,0,0,0,3.384765625,,
24.221994999999996,,,,,0.15625,-0.875,-1.119140625,-0.09772786066745598,-5.20780242889457,0,-0.0460379458963871,0,670.93947105384,0,0,0,0,0,3.412109375,,
24.24372999999998,,,,,-0.353515625,-0.423828125,-0.666015625,-0.09858351323321043,-5.2010967595123,0,-0.0576171875,0,671.35835007432,0,0,0,0,0,3.390625,,
24.271235000000015,,,,,-0.09375,-0.693359375,-0.736328125,-0.09817085315368397,-5.1865670699785165,0,-0.0502232126891613,0,671.8819488499199,0,0,0,0,0,3.365234375,,
24.296299999999988,,,,,0.599609375,-0.33984375,-1.724609375,-0.0991012281128249,-5.200426501696387,0,-0.0477430559694767,0,672.51026738064,0,0,0,0,0,3.396484375,,
24.320484999999987,,,,,-0.28125,-0.287109375,-0.525390625,-0.09869966159816251,-5.21438270213843,0,-0.052490234375,0,672.824426646,0,0,0,0,0,3.37890625,,
24.34404999999999,,,,,-0.3125,-0.517578125,-0.970703125,-0.09886391157976954,-5.228768985799027,0,-0.05859375,0,673.13858591136,0,0,0,0,0,3.373046875,,
24.372139999999956,,,,,0.349609375,-0.58203125,-1.576171875,-0.09867893749836017,-5.1872874593695935,0,-0.048828125,0,673.76690444208,0,0,0,0,0,3.4140625,,
24.393904999999968,,,,,-0.26953125,-0.546875,-0.453125,-0.09905213128426503,-5.1328855610498,0,-0.0542534738779068,0,674.29050321768,0,0,0,0,0,3.384765625,,
24.42189499999996,,,,,0.296875,-0.349609375,-1.26171875,-0.10014393906219647,-5.211662425781083,0,-0.0655691996216774,0,674.8141019932799,0,0,0,0,0,3.380859375,,
24.443834999999993,,,,,0.134765625,-0.33203125,-1.498046875,-0.09962107128356426,-5.178943844929665,0,-0.0466579869389534,0,675.3377007688799,0,0,0,0,0,3.38671875,,
24.46878999999998,,,,,0.09375,-0.73046875,-1.060546875,-0.09937707645189621,-5.231887089133536,0,-0.0571986623108387,0,675.6518600342399,0,0,0,0,0,3.3515625,,
24.49367499999996,,,,,-0.1875,-0.072265625,-0.7421875,-0.09953559362134533,-5.2371878648022,0,-0.05615234375,0,676.07073905472,0,0,0,0,0,3.36328125,,
24.523919999999983,,,,,0.048828125,-0.4609375,-0.9375,-0.09996129558787611,-5.234553605088563,0,-0.05126953125,0,676.69905758544,0,0,0,0,0,3.345703125,,
24.544934999999967,,,,,-0.01953125,-0.64453125,-0.84375,-0.10025678526679033,-5.245696389276242,0,-0.05415482819080353,0,677.22265636104,0,0,0,0,0,3.322265625,,
24.57037499999997,,,,,0.09375,-0.232421875,-1.439453125,-0.10010008091893369,-5.238929701837341,0,-0.0571986623108387,0,677.5368156264,0,0,0,0,0,3.33984375,,
24.598659999999946,,,,,-0.01171875,-0.4375,-0.57421875,-0.10027880179441781,-5.2997112126993375,0,-0.052490234375,0,678.16513415712,0,0,0,0,0,3.302734375,,
24.620954999999988,,,,,0.103515625,-0.654296875,-1.244140625,-0.10128589789783927,-5.351597124190596,0,-0.0595703125,0,678.68873293272,0,0,0,0,0,3.302734375,,
24.64675999999998,,,,,0.234375,-0.501953125,-1.318359375,-0.1011752652366755,-5.336988675667416,0,-0.0502232126891613,0,679.1076119531999,0,0,0,0,0,3.28125,,
24.671844999999973,,,,,0.46875,-0.505859375,-1.095703125,-0.10088645553400348,-5.384158052662212,0,-0.05859375,0,679.4217712185599,0,0,0,0,0,3.271484375,,
24.69478999999998,,,,,-0.287109375,-0.14453125,-1.09375,-0.10078361472385686,-5.367320294655863,0,-0.06103515625,0,679.73593048392,0,0,0,0,0,3.28515625,,
24.72375999999998,,,,,0.09375,-0.115234375,-1.0390625,-0.10103944478789897,-5.330257873297062,0,-0.059814453125,0,680.05008974928,0,0,0,0,0,3.259765625,,
24.7455,,,,,0.20703125,-0.681640625,-0.734375,-0.10164771076861148,-5.344515131992092,0,-0.0517578125,0,680.46896876976,0,0,0,0,0,3.271484375,,
24.772349999999978,,,,,-0.359375,-0.244140625,-0.423828125,-0.10178293986051137,-5.392383394217037,0,-0.0553385429084301,0,681.0972873004799,0,0,0,0,0,3.236328125,,
24.794160000000005,,,,,-0.041015625,-0.158203125,-1.0078125,-0.10152154868421585,-5.451487580526678,0,-0.0575086809694767,0,681.30672681072,0,0,0,0,0,3.2421875,,
24.821934999999968,,,,,0.234375,-0.5546875,-1.458984375,-0.10096502950479452,-5.451369307641576,0,-0.048828125,0,681.51616632096,0,0,0,0,0,3.248046875,,
24.848744999999965,,,,,0.447265625,-0.650390625,-0.94921875,-0.10174501040011902,-5.434008326519656,0,-0.0553385429084301,0,682.14448485168,0,0,0,0,0,3.23046875,,
24.871554999999965,,,,,-0.375,-0.443359375,-0.83203125,-0.10239118520344313,-5.4215322843544635,0,-0.0576171875,0,682.7728033824,0,0,0,0,0,3.23046875,,
24.893919999999984,,,,,0.3125,-0.7578125,-1.193359375,-0.1018784164907455,-5.4082749691425684,0,-0.0474330373108387,0,683.08696264776,0,0,0,0,0,3.1953125,,
24.920179999999963,,,,,-0.2109375,-0.60546875,-0.65625,-0.10176778831949801,-5.424381585677377,0,-0.0613839291036129,0,683.4011219131199,0,0,0,0,0,3.19921875,,
24.94507000000001,,,,,0.0859375,-0.67578125,-0.66796875,-0.10229759975638963,-5.43976781282111,0,-0.0564236119389534,0,683.92472068872,0,0,0,0,0,3.169921875,,
24.971100000000007,,,,,0.5234375,-0.638671875,-1.38671875,-0.10217604834241639,-5.439047423430033,0,-0.0544084832072258,0,684.3435997091999,0,0,0,0,0,3.16796875,,
24.99422999999998,,,,,-0.322265625,-0.740234375,-0.6484375,-0.10213506468948866,-5.431015619323557,0,-0.05859375,0,684.76247872968,0,0,0,0,0,3.14453125,,
25.021074999999954,,,,,-0.015625,-0.306640625,-1.060546875,-0.10235623932413261,-5.414844490305965,0,-0.059814453125,0,685.28607750528,0,0,0,0,0,3.13671875,,
25.04637499999997,,,,,0.173828125,-0.474609375,-1.05859375,-0.10226901680209835,-5.418209891491142,0,-0.0531684011220932,0,685.7049565257599,0,0,0,0,0,3.134765625,,
25.080809999999996,,,,,-0.0625,-0.72265625,-1.017578125,-0.10260172942469696,-5.43687550317634,0,-0.05615234375,0,686.3332750564799,0,0,0,0,0,3.10546875,,
25.102175000000017,,,,,0.375,-0.857421875,-1.201171875,-0.10313767769190722,-5.435879188520362,0,-0.0594075508415699,0,687.1710330974399,0,0,0,0,0,3.095703125,,
25.123379999999948,,,,,-0.07421875,-0.46484375,-0.888671875,-0.10347662995345006,-5.43943449832673,0,-0.0474330373108387,0,687.7993516281599,0,0,0,0,0,3.072265625,,
25.147089999999995,,,,,0.28125,-1.052734375,-1.171875,-0.10321444054849528,-5.492893842392864,0,-0.0634765625,0,688.42767015888,0,0,0,0,0,3.068359375,,
25.176739999999963,,,,,0.53125,-0.515625,-0.8828125,-0.10313193842716105,-5.488141422827853,0,-0.0439453125,0,688.74182942424,0,0,0,0,0,3.048828125,,
25.198380000000004,,,,,-0.0078125,-0.36328125,-0.921875,-0.10304729554291084,-5.483109449170784,0,-0.0556640625,0,689.2654281998399,0,0,0,0,0,3.048828125,,
25.221329999999988,,,,,0.234375,-0.591796875,-0.837890625,-0.10318459533038506,-5.4762926301567205,0,-0.0558035708963871,0,689.7890269754399,0,0,0,0,0,3.03125,,
25.250475000000005,,,,,-0.32421875,-0.3046875,-0.892578125,-0.10325088169670213,-5.462648240048127,0,-0.0599888376891613,0,690.20790599592,0,0,0,0,0,3.033203125,,
25.271334999999993,,,,,0.46875,-0.60546875,-1.02734375,-0.10351972517847391,-5.444588373696059,0,-0.0556640625,0,690.73150477152,0,0,0,0,0,3.009765625,,
25.29432999999996,,,,,-0.728515625,0.34765625,-0.8359375,-0.10331550989372701,-5.472249847902322,0,-0.048828125,0,691.04566403688,0,0,0,0,0,3.021484375,,
25.32106,,,,,-0.125,0,-0.619140625,-0.10348484959033243,-5.482829895078725,0,-0.0613839291036129,0,691.46454305736,0,0,0,0,0,3.001953125,,
25.34696999999997,,,,,0.166015625,-0.748046875,-1.390625,-0.10391588304280513,-5.540213748514153,0,-0.0672743022441864,0,691.88342207784,0,0,0,0,0,3.005859375,,
25.372145000000017,,,,,-0.037109375,-0.607421875,-0.859375,-0.10410292047266606,-5.5551268841174775,0,-0.054931640625,0,692.1975813432,0,0,0,0,0,2.9765625,,
25.394774999999996,,,,,-0.046875,-0.587890625,-1.46484375,-0.10403168096059727,-5.528429468325802,0,-0.048828125,0,692.51174060856,0,0,0,0,0,2.986328125,,
25.420195000000007,,,,,0.26171875,-0.33203125,-0.69921875,-0.10399002995867754,-5.508516615306801,0,-0.0571986623108387,0,693.03533938416,0,0,0,0,0,2.958984375,,
25.44631999999998,,,,,0.5,-0.5625,-1.46484375,-0.10521779960947586,-5.477582879812379,0,-0.0575086809694767,0,693.97781718024,0,0,0,0,0,2.970703125,,
25.474479999999982,,,,,-0.21875,-0.5234375,-0.744140625,-0.10615911073897595,-5.493635735944868,0,-0.045166015625,0,694.8155752212,0,0,0,0,0,2.95703125,,
25.499174999999987,,,,,0.375,-0.427734375,-0.6953125,-0.10554470864461954,-5.536138710018364,0,-0.05859375,0,695.5486135070399,0,0,0,0,0,2.953125,,
25.521199999999983,,,,,0.5,-0.62890625,-1.53125,-0.10561040436334009,-5.6220155766829265,0,-0.0634765625,0,696.28165179288,0,0,0,0,0,2.935546875,,
25.55469,,,,,-0.40625,0.2578125,-0.67578125,-0.10608964172849461,-5.630283926559608,0,-0.0502232126891613,0,697.0146900787199,0,0,0,0,0,2.921875,,
25.576714999999997,,,,,0.330078125,-0.7890625,-1.087890625,-0.10598828313926686,-5.634305204653078,0,-0.057705964893102646,0,697.53828885432,0,0,0,0,0,2.916015625,,
25.598375,,,,,-0.099609375,-0.45703125,-0.90625,-0.10585395628308183,-5.632993450836492,0,-0.05859375,0,698.1666073850399,0,0,0,0,0,2.904296875,,
25.621369999999967,,,,,0.140625,-0.861328125,-0.728515625,-0.10584135657897231,-5.627294848190664,0,-0.0641741082072258,0,698.27132714016,0,0,0,0,0,2.91015625,,
25.64626000000001,,,,,-0.625,-0.015625,-0.587890625,-0.10563680097449207,-5.642068206747959,0,-0.042724609375,0,698.69020616064,0,0,0,0,0,2.896484375,,
25.671049999999987,,,,,0.384765625,-0.75390625,-1.28515625,-0.10616807513922312,-5.649003298647126,0,-0.05126953125,0,699.3185246913599,0,0,0,0,0,2.912109375,,
25.695809999999998,,,,,-0.099609375,-0.4296875,-0.515625,-0.10680464290178954,-5.658271592006941,0,-0.06103515625,0,699.84212346696,0,0,0,0,0,2.900390625,,
25.719649999999966,,,,,0.3125,-0.2265625,-0.6875,-0.1066230594934451,-5.657852260868853,0,-0.0537109375,0,700.36572224256,0,0,0,0,0,2.892578125,,
25.74623999999996,,,,,0.015625,0.267578125,-1.22265625,-0.10632645526903703,-5.632767657146751,0,-0.059814453125,0,700.67988150792,0,0,0,0,0,2.896484375,,
25.76945999999999,,,,,0.634765625,-1.091796875,-1.291015625,-0.10632611802928764,-5.65092792105015,0,-0.0564236119389534,0,701.20348028352,0,0,0,0,0,2.900390625,,
25.795419999999982,,,,,0.15625,-0.5,-0.87890625,-0.10645413444365882,-5.681926169027355,0,-0.06103515625,0,701.6223593039999,0,0,0,0,0,2.904296875,,
25.82017499999996,,,,,-0.103515625,-0.66015625,-0.765625,-0.10660249927973332,-5.737062837645844,0,-0.06103515625,0,702.04123832448,0,0,0,0,0,2.892578125,,
25.851489999999963,,,,,0.046875,-0.431640625,-1.478515625,-0.10674783582278931,-5.757395021802935,0,-0.0509982630610466,0,702.35539758984,0,0,0,0,0,2.90234375,,
25.87864499999996,,,,,0.478515625,-0.7109375,-1.19921875,-0.10699428727263048,-5.728450421194322,0,-0.05078125,0,702.7742766103199,0,0,0,0,0,2.88671875,,
25.89989499999996,,,,,-0.51953125,-0.52734375,-0.72265625,-0.10669255343130483,-5.720450873329236,0,-0.0564236119389534,0,703.0884358756799,0,0,0,0,0,2.884765625,,
25.922645000000017,,,,,0.203125,-0.939453125,-1.16015625,-0.10702537746181062,-5.7115158944637985,0,-0.05859375,0,703.7167544064,0,0,0,0,0,2.888671875,,
25.955830000000017,,,,,0.486328125,-0.765625,-0.759765625,-0.10781713011755674,-5.712322300498585,0,-0.0502232126891613,0,704.2403531819999,0,0,0,0,0,2.873046875,,
25.976584999999965,,,,,0.142578125,-0.408203125,-1.046875,-0.10746067105050937,-5.728815991930092,0,-0.061257101595401764,0,704.7639519575999,0,0,0,0,0,2.876953125,,
25.999859999999956,,,,,1,-1.314453125,-1.755859375,-0.10725293661500408,-5.773340357130786,0,-0.0599888376891613,0,705.2875507332,0,0,0,0,0,2.873046875,,
26.021399999999993,,,,,0,-0.951171875,-1.126953125,-0.10731226681787143,-5.796543346771719,0,-0.05859375,0,705.60170999856,0,0,0,0,0,2.86328125,,
26.045359999999985,,,,,-0.32421875,-0.45703125,-1.0703125,-0.10749817211686914,-5.816101381135415,0,-0.0599888376891613,0,706.2300285292799,0,0,0,0,0,2.875,,
26.072100000000006,,,,,0.796875,-0.943359375,-0.953125,-0.10789158837507802,-5.77961957212166,0,-0.0596788190305233,0,706.75362730488,0,0,0,0,0,2.861328125,,
26.096069999999948,,,,,0.25,-0.779296875,-0.693359375,-0.10745437607361942,-5.712913664924096,0,-0.05615234375,0,707.1725063253599,0,0,0,0,0,2.8671875,,
26.119909999999976,,,,,0.26171875,-0.94921875,-1.5,-0.10734537425618461,-5.66751838120583,0,-0.057373046875,0,707.6961051009599,0,0,0,0,0,2.880859375,,
26.14457000000001,,,,,-0.5,-0.57421875,-0.650390625,-0.10766179916501159,-5.701387434666876,0,-0.062255859375,0,708.3244236316799,0,0,0,0,0,2.875,,
26.176254999999976,,,,,0.82421875,-1.126953125,-1.28125,-0.10852053642574196,-5.742600159084714,0,-0.057373046875,0,709.05746191752,0,0,0,0,0,2.875,,
26.200284999999976,,,,,0.28515625,-0.91015625,-1.05078125,-0.10863754009590036,-5.791575885597433,0,-0.0498046875,0,709.6857804482399,0,0,0,0,0,2.880859375,,
26.223934999999997,,,,,-0.578125,-0.279296875,-0.873046875,-0.10808958110828899,-5.816531464353968,0,-0.0520833320915699,0,709.9999397135999,0,0,0,0,0,2.892578125,,
26.246985000000016,,,,,0.8125,-0.857421875,-0.95703125,-0.1079759175507644,-5.820982825665991,0,-0.0446428582072258,0,710.3140989789599,0,0,0,0,0,2.91015625,,
26.268979999999953,,,,,0.5625,-1.27734375,-1.705078125,-0.10854352097924512,-5.811252192846231,0,-0.057373046875,0,710.94241750968,0,0,0,0,0,2.919921875,,
26.30154000000001,,,,,-0.4375,-0.9453125,-0.474609375,-0.10929003697150545,-5.8250148558399255,0,-0.0558035708963871,0,711.1518570199199,0,0,0,0,0,2.927734375,,
26.32867999999999,,,,,0.025390625,-0.59375,-1.05859375,-0.10872124464921736,-5.830960756336419,0,-0.05415482819080353,0,711.4660162852799,0,0,0,0,0,2.94921875,,
26.34986499999999,,,,,0.26171875,-1.30859375,-1.37109375,-0.10896817039852934,-5.833896074303044,0,-0.0661892369389534,0,711.67545579552,0,0,0,0,0,2.9609375,,
26.37111499999999,,,,,0.203125,-0.05859375,-0.33203125,-0.10872179089379483,-5.886592020656245,0,-0.0520833320915699,0,712.094334816,0,0,0,0,0,2.94921875,,
26.39639499999999,,,,,0.7109375,-1.1015625,-0.892578125,-0.10977451294832725,-5.867474821591566,0,-0.0474330373108387,0,712.72265334672,0,0,0,0,0,2.955078125,,
26.419859999999986,,,,,0.798828125,-1.318359375,-1.62109375,-0.11057421092649111,-5.848239349641785,0,-0.0455729179084301,0,713.35097187744,0,0,0,0,0,2.95703125,,
26.444375,,,,,-0.234375,-1.12890625,-1.056640625,-0.11012084841247355,-5.852432661022677,0,-0.0558035708963871,0,713.87457065304,0,0,0,0,0,2.955078125,,
26.46938500000001,,,,,0.63671875,-1.68359375,-0.58203125,-0.10988742436153857,-5.8683457401091355,0,-0.0596788190305233,0,713.97929040816,0,0,0,0,0,2.966796875,,
26.49663499999998,,,,,0.32421875,-0.5859375,-1.0234375,-0.10966079405153223,-5.884893191942962,0,-0.06103515625,0,714.29344967352,0,0,0,0,0,2.958984375,,
26.519854999999954,,,,,-0.412109375,-0.296875,-1.380859375,-0.11032198102807571,-5.8851834981154845,0,-0.0575086809694767,0,714.9217682042399,0,0,0,0,0,2.97265625,,
26.55208499999999,,,,,-0.298828125,-0.626953125,-1.318359375,-0.11079430900473655,-5.862625633302382,0,-0.0516183041036129,0,715.44536697984,0,0,0,0,0,2.986328125,,
26.57932500000001,,,,,-0.0625,-0.859375,-1.17578125,-0.1105478893578666,-5.859733323657613,0,-0.055930398404598236,0,715.86424600032,0,0,0,0,0,2.99609375,,
26.600794999999955,,,,,0.1875,-0.685546875,-0.56640625,-0.11066747338513315,-5.874392038156961,0,-0.0564236119389534,0,716.2831250208,0,0,0,0,0,2.990234375,,
26.622784999999975,,,,,0.734375,-0.97265625,-1.15625,-0.11050609182372871,-5.9246758896591105,0,-0.0599888376891613,0,716.7020040412799,0,0,0,0,0,2.9765625,,
26.64754999999999,,,,,0.375,-0.568359375,-0.32421875,-0.11140409971418522,-5.935492482605717,0,-0.0655691996216774,0,717.2256028168799,0,0,0,0,0,2.9765625,,
26.676410000000004,,,,,0.486328125,-0.337890625,-0.1875,-0.11197674676583211,-5.936696715617665,0,-0.059814453125,0,717.74920159248,0,0,0,0,0,2.962890625,,
26.69705999999997,,,,,0.625,-0.861328125,-0.60546875,-0.1116600473198546,-5.940406183377684,0,-0.0576171875,0,718.16808061296,0,0,0,0,0,2.94921875,,
26.71917499999996,,,,,0.798828125,-0.501953125,-0.72265625,-0.1115894687341347,-5.993435444225264,0,-0.0504557304084301,0,718.48223987832,0,0,0,0,0,2.943359375,,
26.746414999999978,,,,,0.765625,-1.0390625,-0.720703125,-0.11164856381887382,-6.007552925874266,0,-0.052490234375,0,719.11055840904,0,0,0,0,0,2.931640625,,
26.76883999999997,,,,,0.611328125,-0.611328125,-0.5390625,-0.11291627999773204,-6.007198107218961,0,-0.048828125,0,719.73887693976,0,0,0,0,0,2.921875,,
26.796239999999962,,,,,0.548828125,-0.66015625,-0.927734375,-0.11297720236453127,-6.029110847204233,0,-0.0627790167927742,0,720.1577559602399,0,0,0,0,0,2.927734375,,
26.819609999999958,,,,,0.39453125,-1.185546875,-1.0234375,-0.11284828225457304,-6.0276485642611535,0,-0.0629340261220932,0,720.3671954704799,0,0,0,0,0,2.931640625,,
26.848139999999955,,,,,0.4375,-1.240234375,-1.21484375,-0.11199933373376819,-6.032583769194049,0,-0.05126953125,0,720.57663498072,0,0,0,0,0,2.94140625,,
26.870579999999986,,,,,-0.4375,-0.82421875,-0.875,-0.11292698118025758,-6.037024378425608,0,-0.0531684011220932,0,721.20495351144,0,0,0,0,0,2.947265625,,
26.89713500000001,,,,,0.390625,-1.095703125,-1.822265625,-0.11307142499647889,-6.082591695431294,0,-0.06103515625,0,721.6238325319199,0,0,0,0,0,2.95703125,,
26.91903999999995,,,,,0.30078125,-0.603515625,-0.59375,-0.11312741982045076,-6.1024185318065856,0,-0.050048828125,0,721.93799179728,0,0,0,0,0,2.982421875,,
26.94735499999998,,,,,-0.390625,-1.294921875,-1.076171875,-0.11260892328726152,-6.098558534920073,0,-0.048828125,0,722.4615905728799,0,0,0,0,0,3.017578125,,
26.96979999999999,,,,,0.70703125,-1.921875,-1.349609375,-0.11272129681267963,-6.080591808465023,0,-0.0520833320915699,0,722.67103008312,0,0,0,0,0,3.05078125,,
26.995734999999986,,,,,0.234375,-1.3203125,-0.646484375,-0.11289542339436165,-6.073817997772814,0,-0.0418526791036129,0,723.0899091036,0,0,0,0,0,3.05859375,,
27.019324999999984,,,,,1.236328125,-0.75,-1.50390625,-0.11326369320922063,-6.0713450192661345,0,-0.05615234375,0,723.50878812408,0,0,0,0,0,3.064453125,,
27.046759999999953,,,,,0.599609375,-0.978515625,-1.15234375,-0.11351935819622837,-6.08404322629391,0,-0.05859375,0,723.82294738944,0,0,0,0,0,3.060546875,,
27.06964499999999,,,,,-0.48828125,-0.83203125,-0.759765625,-0.11333978065785802,-6.098182212103839,0,-0.0564236119389534,0,724.1371066547999,0,0,0,0,0,3.07421875,,
27.096764999999955,,,,,0.546875,-1.001953125,-1.5,-0.1132414166271839,-6.093623329987178,0,-0.05859375,0,724.34654616504,0,0,0,0,0,3.099609375,,
27.120440000000002,,,,,-0.041015625,-1.98828125,-0.5234375,-0.11339259335324674,-6.093623329987178,0,-0.05615234375,0,724.7654251855199,0,0,0,0,0,3.1171875,,
27.14665499999997,,,,,1,-1.806640625,-1.359375,-0.11419936317237053,-6.1079666053259185,0,-0.054931640625,0,725.184304206,0,0,0,0,0,3.130859375,,
27.16920000000001,,,,,0.265625,-0.787109375,-0.599609375,-0.11380412010249005,-6.1339758879679085,0,-0.0575086809694767,0,725.49846347136,0,0,0,0,0,3.119140625,,
27.19624999999997,,,,,0.236328125,-0.734375,-0.50390625,-0.11364223933413937,-6.145641895271158,0,-0.0571986623108387,0,725.7079029816,0,0,0,0,0,3.12890625,,
27.219475000000006,,,,,0.322265625,-1.328125,-1.658203125,-0.11383555392667341,-6.163490348841106,0,-0.0531684011220932,0,725.9173424918399,0,0,0,0,0,3.140625,,
27.246670000000012,,,,,0.25,-1.314453125,-0.478515625,-0.11446685432710438,-6.168887893233945,0,-0.06103515625,0,726.4409412674399,0,0,0,0,0,3.158203125,,
27.269440000000003,,,,,0.51953125,-1.431640625,-1.0859375,-0.1147925913068236,-6.16546873164645,0,-0.062255859375,0,726.7551005327999,0,0,0,0,0,3.166015625,,
27.297559999999997,,,,,0.890625,-1.576171875,-1.12109375,-0.11431104529454374,-6.15773798579296,0,-0.0537109375,0,726.96454004304,0,0,0,0,0,3.171875,,
27.31940499999997,,,,,-0.26953125,-1.1875,-0.5234375,-0.11408982938442994,-6.190284533356956,0,-0.048828125,0,727.17397955328,0,0,0,0,0,3.19140625,,
27.347059999999967,,,,,0.125,-1.70703125,-1.09765625,-0.1142040467449738,-6.194499348898774,0,-0.048828125,0,727.48813881864,0,0,0,0,0,3.228515625,,
27.369625,,,,,0.95703125,-2.09765625,-1.34765625,-0.11485012369116802,-6.213960614538296,0,-0.06103515625,0,727.802298084,0,0,0,0,0,3.234375,,
27.39579999999996,,,,,-0.015625,-1.357421875,-0.93359375,-0.11507489899944182,-6.22499224909418,0,-0.05615234375,0,728.01173759424,0,0,0,0,0,3.236328125,,
27.418834999999962,,,,,0.037109375,-1.287109375,-0.9453125,-0.11477582600474238,-6.235411015063626,0,-0.0575086809694767,0,728.2211771044799,0,0,0,0,0,3.24609375,,
27.446559999999998,,,,,0.048828125,-1.470703125,-0.634765625,-0.11483116918988251,-6.2251857865425295,0,-0.0530133917927742,0,728.43061661472,0,0,0,0,0,3.259765625,,
27.470544999999984,,,,,0.90625,-2.0546875,-1.58984375,-0.11516535169999947,-6.201531209522116,0,-0.0575086809694767,0,728.8494956351999,0,0,0,0,0,3.287109375,,
27.49629000000001,,,,,0.099609375,-0.8515625,-1.02734375,-0.11489468186936667,-6.185790163723077,0,-0.0537109375,0,728.95421539032,0,0,0,0,0,3.29296875,,
27.52005999999997,,,,,0.4375,-0.875,-1.45703125,-0.11499285023590214,-6.184177351653504,0,-0.0444878488779068,0,729.16365490056,0,0,0,0,0,3.298828125,,
27.54664499999996,,,,,0.162109375,-1.765625,-0.71875,-0.11484544275828866,-6.199929149533006,0,-0.0530133917927742,0,729.3730944107999,0,0,0,0,0,3.33203125,,
27.569119999999966,,,,,0.353515625,-1.8515625,-0.37890625,-0.114539459699458,-6.219035596517221,0,-0.0531684011220932,0,729.47781416592,0,0,0,0,0,3.33984375,,
27.596505000000004,,,,,0.078125,-2.431640625,-1.05078125,-0.11516061441932962,-6.253098187426616,0,-0.052490234375,0,730.0014129415199,0,0,0,0,0,3.369140625,,
27.61925999999995,,,,,0.1875,-1.48828125,-0.95703125,-0.11563104008135347,-6.275935606331778,0,-0.0575086809694767,0,730.31557220688,0,0,0,0,0,3.392578125,,
27.64639499999999,,,,,0.4609375,-1.890625,-1.130859375,-0.11579649012565567,-6.264344863591775,0,-0.0627790167927742,0,730.62973147224,0,0,0,0,0,3.412109375,,
27.674559999999996,,,,,0,-1.55859375,-0.697265625,-0.11570164216338333,-6.247184543171512,0,-0.0542534738779068,0,730.8391709824799,0,0,0,0,0,3.443359375,,
27.696369999999966,,,,,0.353515625,-1.388671875,-1.615234375,-0.1157891256905543,-6.233916475879154,0,-0.056640625,0,731.25805000296,0,0,0,0,0,3.470703125,,
27.72157999999999,,,,,0.4375,-1.54296875,-0.85546875,-0.11675228188922677,-6.2750969440556,0,-0.0618489570915699,0,731.9910882887999,0,0,0,0,0,3.47265625,,
27.74981999999995,,,,,0.359375,-1.0703125,-0.3828125,-0.11753188844133843,-6.317427884841675,0,-0.05859375,0,732.72412657464,0,0,0,0,0,3.478515625,,
27.773170000000015,,,,,0.01953125,-1.5625,-1.140625,-0.11731014238685472,-6.331953945548301,0,-0.0556640625,0,733.24772535024,0,0,0,0,0,3.49609375,,
27.796614999999992,,,,,-0.375,-0.896484375,-0.69140625,-0.11701894421322448,-6.326749938603811,0,-0.0599888376891613,0,733.5618846156,0,0,0,0,0,3.5,,
27.820389999999986,,,,,-0.4375,-0.4609375,-1.19140625,-0.11693213015425787,-6.329351942076056,0,-0.0537109375,0,733.77132412584,0,0,0,0,0,3.51953125,,
27.845774999999964,,,,,1.0625,-1.853515625,-1.6640625,-0.11665609991209432,-6.333029153594684,0,-0.0502232126891613,0,734.0854833912,0,0,0,0,0,3.525390625,,
27.87231,,,,,-0.2109375,-1.103515625,-1.169921875,-0.11697101556327053,-6.346813320749306,0,-0.0672743022441864,0,734.39964265656,0,0,0,0,0,3.541015625,,
27.90675,,,,,0.572265625,-2.01171875,-0.8828125,-0.1170945920651138,-6.351436715348751,0,-0.057373046875,0,734.50436241168,0,0,0,0,0,3.556640625,,
27.928044999999955,,,,,0,-0.56640625,-1.02734375,-0.11709518108652857,-6.350995880049734,0,-0.05615234375,0,734.6090821667999,0,0,0,0,0,3.57421875,,
27.95051999999999,,,,,0.75,-1.1875,-1.111328125,-0.11741862884957047,-6.356511697327676,0,-0.0558035708963871,0,735.1326809423999,0,0,0,0,0,3.583984375,,
27.97148000000001,,,,,-0.4609375,-1.3359375,-0.9375,-0.11801837598520004,-6.369328177240554,0,-0.048828125,0,735.55155996288,0,0,0,0,0,3.587890625,,
27.996540000000007,,,,,0.70703125,-1.77734375,-0.5625,-0.11849276873645043,-6.39175701708809,0,-0.0516183041036129,0,735.9704389833599,0,0,0,0,0,3.5859375,,
28.01896000000002,,,,,0.4375,-1.4765625,-1.701171875,-0.11809128767028808,-6.374930011162205,0,-0.05859375,0,736.0751587384799,0,0,0,0,0,3.60546875,,
28.045309999999997,,,,,0.09375,-1.89453125,-0.310546875,-0.11799912313765581,-6.3639736411695695,0,-0.0627790167927742,0,736.1798784936,0,0,0,0,0,3.634765625,,
28.069059999999997,,,,,0.298828125,-1.46484375,-1.14453125,-0.11774739671711439,-6.337276225377895,0,-0.05859375,0,736.49403775896,0,0,0,0,0,3.646484375,,
28.09411499999999,,,,,-0.0859375,-1.703125,-1.87890625,-0.1180887346124953,-6.359135204960849,0,-0.0537109375,0,736.7034772692,0,0,0,0,0,3.66015625,,
28.120084999999964,,,,,0.19921875,-1.455078125,-1.15625,-0.11809364217423467,-6.385209000085622,0,-0.057373046875,0,736.9129167794399,0,0,0,0,0,3.6640625,,
28.14675999999998,,,,,0.38671875,-1.58984375,-1.1484375,-0.11772592666291183,-6.402197287218463,0,-0.0575086809694767,0,736.9129167794399,0,0,0,0,0,3.66796875,,
28.169254999999975,,,,,-0.5625,-1.142578125,-0.57421875,-0.11772129296789074,-6.380463838174925,0,-0.0618489570915699,0,736.9129167794399,0,0,0,0,0,3.689453125,,
28.20822,,,,,0.921875,-1.478515625,-1.3828125,-0.1179420367601942,-6.385252008407477,0,-0.0558035708963871,0,737.1223562896799,0,0,0,0,0,3.697265625,,
28.230955000000016,,,,,-0.234375,-0.943359375,-0.69921875,-0.11853181820685761,-6.355160429615384,0,-0.049579326063394547,0,737.7506748203999,0,0,0,0,0,3.693359375,,
28.25305999999997,,,,,0.640625,-1.06640625,-2.109375,-0.11863895071607877,-6.358758882144615,0,-0.0753348246216774,0,738.274273596,0,0,0,0,0,3.71875,,
28.278109999999987,,,,,1.107421875,-1.4765625,-1.470703125,-0.1184810598401902,-6.381144713670297,0,-0.05615234375,0,738.69315261648,0,0,0,0,0,3.716796875,,
28.30019,,,,,-0.224609375,-0.591796875,-1.314453125,-0.11893915606934934,-6.39793946335479,0,-0.048828125,0,739.11203163696,0,0,0,0,0,3.7109375,,
28.322044999999953,,,,,0.484375,-2.197265625,-1.462890625,-0.1190961000775629,-6.419411368041047,0,-0.0537109375,0,739.42619090232,0,0,0,0,0,3.7265625,,
28.346214999999997,,,,,-0.236328125,-0.91796875,-1.00390625,-0.1193229602715339,-6.4227552650652955,0,-0.05859375,0,739.5309106574399,0,0,0,0,0,3.748046875,,
28.370354999999982,,,,,0.25,-1.296875,-0.767578125,-0.11887066433094874,-6.421884346547726,0,-0.042724609375,0,739.63563041256,0,0,0,0,0,3.73828125,,
28.39757999999996,,,,,-1.046875,-0.884765625,-0.44140625,-0.1186679856282744,-6.421389750846389,0,-0.072021484375,0,739.7403501676799,0,0,0,0,0,3.75390625,,
28.423050000000018,,,,,0.322265625,-1.13671875,-1.494140625,-0.11868071976507112,-6.44810141314468,0,-0.0564236119389534,0,740.0545094330399,0,0,0,0,0,3.759765625,,
28.447514999999957,,,,,0.1875,-1.205078125,-1.3046875,-0.11989297898264432,-6.448183935362239,0,-0.0575086809694767,0,740.78754771888,0,0,0,0,0,3.759765625,,
28.47175,,,,,-0.375,-1.5859375,-1.21484375,-0.1205057606553564,-6.433034253988711,0,-0.0599888376891613,0,741.31114649448,0,0,0,0,0,3.765625,,
28.495534999999975,,,,,0.0625,-1.94140625,-0.421875,-0.120246978103832,-6.4410230497733325,0,-0.064697265625,0,742.0441847803199,0,0,0,0,0,3.77734375,,
28.51936500000002,,,,,0.8125,-2.017578125,-1.54296875,-0.12034632631696368,-6.446700148258232,0,-0.05859375,0,742.56778355592,0,0,0,0,0,3.78515625,,
28.54472499999998,,,,,0.19921875,-1.884765625,-0.791015625,-0.12105458009881533,-6.457376964158809,0,-0.05126953125,0,744.0338601276,0,0,0,0,0,3.779296875,,
28.56926999999999,,,,,0.1875,-1.658203125,-1.4375,-0.12287556605469722,-6.500051971519726,0,-0.057373046875,0,745.70937620952,0,0,0,0,0,3.76953125,,
28.594504999999977,,,,,0.236328125,-2.1328125,-0.841796875,-0.1235561058412961,-6.495267295713325,0,-0.054931640625,0,746.9660132709599,0,0,0,0,0,3.775390625,,
28.62448999999999,,,,,0.13671875,-1.6953125,-0.830078125,-0.12318895463144806,-6.490600892792026,0,-0.059814453125,0,748.32737008752,0,0,0,0,0,3.78125,,
28.646609999999956,,,,,-0.36328125,-1.4765625,-0.576171875,-0.12357810457100411,-6.52553789664514,0,-0.05504261329770088,0,749.2698478835999,0,0,0,0,0,3.787109375,,
28.66981,,,,,0.703125,-2.435546875,-1.744140625,-0.12377210195234568,-6.5478879775032794,0,-0.0530133917927742,0,750.7359244552799,0,0,0,0,0,3.775390625,,
28.694389999999956,,,,,0.287109375,-2.966796875,-0.93359375,-0.12445191120445882,-6.629055432924687,0,-0.0571986623108387,0,751.8878417615999,0,0,0,0,0,3.7890625,,
28.72531999999998,,,,,0.0625,-2.57421875,-1.064453125,-0.12479356948367774,-6.671526150756792,0,-0.048828125,0,753.0397590679199,0,0,0,0,0,3.80078125,,
28.749009999999952,,,,,0.2578125,-2.177734375,-0.89453125,-0.1245583037291545,-6.632062521028407,0,-0.05681818351149559,0,753.9822368639999,0,0,0,0,0,3.802734375,,
28.771609999999956,,,,,-0.609375,-1.05859375,-0.529296875,-0.12385121030565845,-6.58455257188492,0,-0.0418526791036129,0,755.0294344152,0,0,0,0,0,3.7890625,,
28.796774999999993,,,,,1.15625,-2.21875,-2.19140625,-0.12471595520083124,-6.581466724791802,0,-0.048828125,0,755.9719122112799,0,0,0,0,0,3.77734375,,
28.819669999999984,,,,,0.423828125,-2.185546875,-0.8984375,-0.12497118986098801,-6.596777687372287,0,-0.064697265625,0,756.70495049712,0,0,0,0,0,3.775390625,,
28.846114999999962,,,,,0.162109375,-1.75,-1,-0.12454235797257326,-6.672364813032972,0,-0.0571986623108387,0,757.4379887829599,0,0,0,0,0,3.771484375,,
28.87582499999998,,,,,0.412109375,-1.34375,-0.92578125,-0.12387416948376194,-6.7353935087119075,0,-0.05859375,0,757.75214804832,0,0,0,0,0,3.765625,,
28.897244999999966,,,,,-0.6328125,-1.32421875,-1.193359375,-0.12354650620271267,-6.748443039968839,0,-0.064453125,0,758.48518633416,0,0,0,0,0,3.7734375,,
28.919869999999968,,,,,0.76953125,-0.892578125,-1.13671875,-0.1261129285017808,-6.727060646352443,0,-0.0544084832072258,0,760.0559826609599,0,0,0,0,0,3.76953125,,
28.947014999999986,,,,,0.224609375,-2.052734375,-0.994140625,-0.12661924785905346,-6.725695132133538,0,-0.0544084832072258,0,760.8937407019199,0,0,0,0,0,3.771484375,,
28.96930499999999,,,,,-0.28125,-1.232421875,-0.763671875,-0.12488277347981956,-6.701255653239266,0,-0.0553385429084301,0,760.8937407019199,0,0,0,0,0,3.76953125,,
28.99441499999995,,,,,0.375,-2.064453125,-1.71875,-0.1235992573687346,-6.74524241441677,0,-0.0641741082072258,0,761.1031802121599,0,0,0,0,0,3.748046875,,
29.01961499999999,,,,,0.26171875,-1.853515625,-0.8984375,-0.12527132964185528,-6.786261601386259,0,-0.0607638880610466,0,761.62677898776,0,0,0,0,0,3.734375,,
29.04570499999996,,,,,0.0859375,-2.41015625,-1.03125,-0.12570410677949684,-6.794379422136446,0,-0.052490234375,0,762.67397653896,0,0,0,0,0,3.73046875,,
29.069619999999997,,,,,-0.287109375,-1.439453125,-1.171875,-0.1276257167742883,-6.7891324068701,0,-0.052490234375,0,763.82589384528,0,0,0,0,0,3.724609375,,
29.094264999999957,,,,,0.375,-1.7890625,-1.158203125,-0.12790890055029022,-6.7891216547896365,0,-0.057373046875,0,764.6636518862399,0,0,0,0,0,3.703125,,
29.11974999999997,,,,,0.0859375,-0.263671875,-1.142578125,-0.12734133916293566,-6.83392557408239,0,-0.04638671875,0,765.29197041696,0,0,0,0,0,3.68359375,,
29.144440000000003,,,,,0.98828125,-1.140625,-0.95703125,-0.12794195195872285,-6.872116963889894,0,-0.0520833320915699,0,766.86276674376,0,0,0,0,0,3.68359375,,
29.169214999999966,,,,,-1.21875,-1.12890625,-0.150390625,-0.13212981666969353,-6.929834131819701,0,-0.05615234375,0,769.1666013564,0,0,0,0,0,3.673828125,,
29.194249999999972,,,,,-0.32421875,-1.07421875,-0.736328125,-0.1318332775473003,-6.985056817081902,0,-0.04638671875,0,770.31851866272,0,0,0,0,0,3.677734375,,
29.229470000000003,,,,,0.173828125,-1.40625,-1.60546875,-0.1298828836586949,-6.982648351058005,0,-0.06103515625,0,771.2609964587999,0,0,0,0,0,3.666015625,,
29.25116499999995,,,,,0.54296875,-1.15625,-1.3359375,-0.1301426432545005,-6.997289190223583,0,-0.05108173191547394,0,772.20347425488,0,0,0,0,0,3.646484375,,
29.273594999999943,,,,,-0.125,-1.84375,-1.3125,-0.1309204674404131,-7.035957165997646,0,-0.0569661445915699,0,773.3553915612,0,0,0,0,0,3.63671875,,
29.298454999999986,,,,,-0.359375,-0.71875,-0.857421875,-0.13108175685558454,-7.057181772833234,0,-0.0599888376891613,0,773.8789903367999,0,0,0,0,0,3.619140625,,
29.321724999999947,,,,,0.26171875,-1.51953125,-1.4609375,-0.13098910190054205,-7.043494374402786,0,-0.0651041641831398,0,774.4025891123999,0,0,0,0,0,3.611328125,,
29.343670000000014,,,,,0.849609375,-2.23046875,-0.9140625,-0.13098019259679314,-7.053773363326202,0,-0.0627790167927742,0,774.926187888,0,0,0,0,0,3.623046875,,
29.370294999999956,,,,,1.65625,-2.142578125,-2.0859375,-0.13106532258078907,-7.070009004826575,0,-0.05615234375,0,775.5545064187199,0,0,0,0,0,3.626953125,,
29.394804999999963,,,,,0.63671875,-1.978515625,-0.955078125,-0.13349723182737672,-7.086771498269677,0,-0.04638671875,0,778.1725002967199,0,0,0,0,0,3.623046875,,
29.44057499999998,,,,,-0.4375,-1.234375,-0.47265625,-0.13759283300890401,-7.118576152281668,0,-0.05126953125,0,779.84801637864,0,0,0,0,0,3.625,,
29.462810000000026,,,,,0.23046875,-1.123046875,-0.921875,-0.13707068832903238,-7.266395754498322,0,-0.0537109375,0,782.5707300117599,0,0,0,0,0,3.611328125,,
29.485364999999963,,,,,0.640625,-1.236328125,-1.642578125,-0.13629915224450853,-7.3442838253782625,0,-0.0432477667927742,0,784.3509658488,0,0,0,0,0,3.6015625,,
29.507464999999996,,,,,-0.9375,-1.5546875,-0.578125,-0.13652236052138633,-7.331112526810079,0,-0.0537109375,0,785.3981633999999,0,0,0,0,0,3.587890625,,
29.530720000000002,,,,,0.6484375,-1.796875,-0.892578125,-0.13652378236663398,-7.343058088205387,0,-0.0697544664144516,0,786.13120168584,0,0,0,0,0,3.578125,,
29.55136500000002,,,,,0.38671875,-1.41015625,-1.21484375,-0.13650111845462196,-7.336832633616833,0,-0.0627790167927742,0,786.8642399716799,0,0,0,0,0,3.58984375,,
29.572435000000027,,,,,-0.70703125,-1.83203125,-0.8359375,-0.13622332863452236,-7.347961036896891,0,-0.0474330373108387,0,787.1783992370399,0,0,0,0,0,3.591796875,,
29.595805000000023,,,,,0.037109375,-1.0859375,-1.490234375,-0.13635294054306785,-7.341025944997725,0,-0.0699869766831398,0,787.7019980126399,0,0,0,0,0,3.599609375,,
29.62228,,,,,-0.40625,-1.775390625,-1.283203125,-0.13618496879355027,-7.360820525131625,0,-0.06591796875,0,787.80671776776,0,0,0,0,0,3.6015625,,
29.64403999999995,,,,,0.51953125,-1.830078125,-1.08203125,-0.13622550169827893,-7.358508827831902,0,-0.0542534738779068,0,788.22559678824,0,0,0,0,0,3.619140625,,
29.671360000000014,,,,,-1.34375,-0.603515625,-0.478515625,-0.13643289604668926,-7.384561118795748,0,-0.0558035708963871,0,788.3303165433599,0,0,0,0,0,3.630859375,,
29.69518499999997,,,,,0.95703125,-2,-0.587890625,-0.13638112974606545,-7.444901794358729,0,-0.0531684011220932,0,788.43503629848,0,0,0,0,0,3.62109375,,
29.721369999999965,,,,,-0.01171875,-0.439453125,-0.75390625,-0.13606582769820458,-7.467685452861573,0,-0.0537109375,0,788.43503629848,0,0,0,0,0,3.611328125,,
29.74629999999996,,,,,1.03125,-2.19140625,-1.501953125,-0.13532413186276682,-7.473910907450126,0,-0.0575086809694767,0,788.22559678824,0,0,0,0,0,3.61328125,,
29.777934999999967,,,,,0.07421875,-1.814453125,-0.638671875,-0.13485178726529717,-7.441095557874535,0,-0.05126953125,0,787.91143752288,0,0,0,0,0,3.615234375,,
29.798600000000008,,,,,0.017578125,-0.859375,-1.349609375,-0.13522644057767727,-7.411000484656292,0,-0.0517578125,0,787.7019980126399,0,0,0,0,0,3.603515625,,
29.82154000000001,,,,,0.5,-0.078125,-1.99609375,-0.1354011348639333,-7.381582792507269,0,-0.0474330373108387,0,787.59727825752,0,0,0,0,0,3.59765625,,
29.84411500000002,,,,,-0.515625,-1.26953125,-0.0625,-0.13563062506725934,-7.400560214525918,0,-0.05859375,0,787.7019980126399,0,0,0,0,0,3.611328125,,
29.869974999999947,,,,,0.7109375,-0.34375,-0.94921875,-0.13573277521735846,-7.419602149027351,0,-0.068359375,0,787.80671776776,0,0,0,0,0,3.61328125,,
29.894095,,,,,0.5234375,-1.4453125,-1.251953125,-0.13583886631581144,-7.45297660678706,0,-0.0537109375,0,788.0161572779999,0,0,0,0,0,3.60546875,,
29.92558499999999,,,,,0.173828125,-1.62890625,-1.25390625,-0.13580115721799513,-7.458255878294798,0,-0.05126953125,0,788.0161572779999,0,0,0,0,0,3.58984375,,
29.947694999999978,,,,,-0.05078125,-1.29296875,-1.140625,-0.13601282412527765,-7.466337948377443,0,-0.05326704680919647,0,787.91143752288,0,0,0,0,0,3.59375,,
29.972699999999982,,,,,0.75,-0.28515625,-1.517578125,-0.13546478694996764,-7.454911981270549,0,-0.05859375,0,787.80671776776,0,0,0,0,0,3.57421875,,
29.99681000000003,,,,,0.2109375,-1.166015625,-1.369140625,-0.13563271357837514,-7.454911981270549,0,-0.05859375,0,787.91143752288,0,0,0,0,0,3.56640625,,
30.021199999999983,,,,,-0.1484375,-0.1015625,-1.228515625,-0.13567349441401527,-7.460900890088899,0,-0.057373046875,0,787.91143752288,0,0,0,0,0,3.552734375,,
30.044149999999934,,,,,0.3359375,-1.09765625,-0.576171875,-0.1356619306438298,-7.478125722991946,0,-0.059814453125,0,787.7019980126399,0,0,0,0,0,3.5390625,,
30.07078,,,,,-0.078125,0.154296875,-0.90625,-0.1353633281355536,-7.492694792020426,0,-0.052490234375,0,787.38783874728,0,0,0,0,0,3.5234375,,
30.09532499999998,,,,,0.82421875,-0.94140625,-1.892578125,-0.13508261525407744,-7.489071340904117,0,-0.0618489570915699,0,787.1783992370399,0,0,0,0,0,3.521484375,,
30.121459999999992,,,,,0.26171875,-1.32421875,-1.052734375,-0.1350774609523704,-7.433805647320062,0,-0.05859375,0,786.8642399716799,0,0,0,0,0,3.521484375,,
30.146854999999952,,,,,0.36328125,-0.966796875,-0.90625,-0.13480737064801157,-7.429719856743809,0,-0.054931640625,0,786.75952021656,0,0,0,0,0,3.521484375,,
30.171189999999974,,,,,0.625,-0.423828125,-1.69140625,-0.13487521876646014,-7.420236521774716,0,-0.0537109375,0,786.75952021656,0,0,0,0,0,3.51171875,,
30.194405,,,,,0.673828125,-0.990234375,-0.966796875,-0.1350587263294413,-7.405495419458814,0,-0.05859375,0,786.75952021656,0,0,0,0,0,3.48828125,,
30.221410000000002,,,,,-0.828125,-1.6640625,-0.486328125,-0.1359074031528633,-7.410559649357275,0,-0.052490234375,0,786.9689597268,0,0,0,0,0,3.50390625,,
30.245600000000007,,,,,0.15625,-1.86328125,-1.640625,-0.13603577653790505,-7.424322312350969,0,-0.0607638880610466,0,787.1783992370399,0,0,0,0,0,3.533203125,,
30.269889999999986,,,,,0.15625,-1.07421875,-0.94921875,-0.13603648687628644,-7.428300582122584,0,-0.050048828125,0,787.38783874728,0,0,0,0,0,3.525390625,,
30.29706499999997,,,,,0.76171875,-0.2421875,-1.302734375,-0.135774311254837,-7.435386203148245,0,-0.057373046875,0,787.4925585023999,0,0,0,0,0,3.4921875,,
30.33084999999995,,,,,-0.15625,-1.6953125,-0.599609375,-0.13542224035396472,-7.435655005159839,0,-0.05859375,0,787.59727825752,0,0,0,0,0,3.490234375,,
30.350845,,,,,0.6328125,-1.25390625,-1.25,-0.13549841782962274,-7.41549485429017,0,-0.06303267180919647,0,787.59727825752,0,0,0,0,0,3.482421875,,
30.376149999999996,,,,,0.541015625,-1.6953125,-1.53515625,-0.1354759044481309,-7.381969867403966,0,-0.0504557304084301,0,787.7019980126399,0,0,0,0,0,3.458984375,,
30.403350000000007,,,,,0.25,-1.125,-0.837890625,-0.1355518769647365,-7.366673151330095,0,-0.06103515625,0,787.59727825752,0,0,0,0,0,3.4609375,,
30.425309999999968,,,,,0.625,-0.853515625,-1.697265625,-0.13481353429484044,-7.376486306367416,0,-0.060546875,0,787.4925585023999,0,0,0,0,0,3.453125,,
30.44888499999998,,,,,-0.171875,-0.8203125,-0.669921875,-0.1346420289003627,-7.391732756465119,0,-0.0472005195915699,0,787.38783874728,0,0,0,0,0,3.4296875,,
30.485285000000005,,,,,0.125,-1.673828125,-0.763671875,-0.1341972633926956,-7.4087532998393515,0,-0.050048828125,0,787.07367948192,0,0,0,0,0,3.41796875,,
30.507064999999972,,,,,0.53515625,-1.384765625,-1.224609375,-0.13437311356131365,-7.326861960600717,0,-0.05333533510565758,0,786.75952021656,0,0,0,0,0,3.416015625,,
30.52903,,,,,0.4609375,-1.4453125,-0.5625,-0.1345859191117664,-7.291351333254857,0,-0.0502232126891613,0,786.9689597268,0,0,0,0,0,3.3984375,,
30.55055999999997,,,,,-0.59375,-1.630859375,-0.654296875,-0.13441615454269518,-7.298221912671241,0,-0.0502232126891613,0,787.1783992370399,0,0,0,0,0,3.392578125,,
30.571939999999973,,,,,0.375,0.013671875,-1.095703125,-0.13463472530885676,-7.306361237582356,0,-0.0520833320915699,0,787.28311899216,0,0,0,0,0,3.404296875,,
30.593870000000024,,,,,0.5,-1.140625,-1.078125,-0.13490515855760868,-7.344778421079599,0,-0.05859375,0,787.59727825752,0,0,0,0,0,3.37890625,,
30.622129999999977,,,,,-0.21875,-1.25390625,-1.193359375,-0.13470703402641235,-7.345531066712066,0,-0.067138671875,0,787.7019980126399,0,0,0,0,0,3.369140625,,
30.651379999999975,,,,,0.603515625,-1.228515625,-0.828125,-0.1345957135637303,-7.355584261945743,0,-0.0509982630610466,0,787.91143752288,0,0,0,0,0,3.375,,
30.674234999999957,,,,,0.853515625,-0.90234375,-1.455078125,-0.13454847816096047,-7.381604296668196,0,-0.0542534738779068,0,788.0161572779999,0,0,0,0,0,3.353515625,,
30.696064999999972,,,,,-0.19921875,-2.376953125,-0.76953125,-0.13454885410429054,-7.408871572724454,0,-0.06591796875,0,788.12087703312,0,0,0,0,0,3.345703125,,
30.722114999999963,,,,,0.28125,-0.640625,-0.921875,-0.13422845071210554,-7.370088818491441,0,-0.0502232126891613,0,788.3303165433599,0,0,0,0,0,3.361328125,,
30.745279999999998,,,,,0.25,-2.05078125,-1.03125,-0.13417779920846715,-7.307113883214823,0,-0.0509982630610466,0,788.22559678824,0,0,0,0,0,3.36328125,,
30.77135500000001,,,,,-0.1875,-1.884765625,-0.595703125,-0.13390933952136244,-7.29324369941649,0,-0.05615234375,0,788.0161572779999,0,0,0,0,0,3.353515625,,
30.794619999999966,,,,,0.853515625,-0.572265625,-1.03125,-0.1333589984853443,-7.319435767426366,0,-0.05615234375,0,787.7019980126399,0,0,0,0,0,3.345703125,,
30.82203999999995,,,,,-0.46875,-0.333984375,-0.9140625,-0.13348014948639755,-7.348165326425703,0,-0.052490234375,0,787.4925585023999,0,0,0,0,0,3.3046875,,
30.846304999999965,,,,,0.697265625,-1.220703125,-1.275390625,-0.1331257354607376,-7.320607744196923,0,-0.0542534738779068,0,772.93651254072,0,0,0,0,0,3.30078125,,
30.87406999999998,,,,,-0.1875,-0.216796875,-0.34375,-0.07746942025911471,-7.124489796536772,0,-0.047607421875,0,691.150383792,0,0,0,0,0,3.271484375,,
30.89827999999994,,,,,0.59375,-1.119140625,-0.7578125,0.18377750192756817,-5.144042591744093,0,-0.0520833320915699,0,587.37310646808,0,0,0,0,0,3.23046875,,
30.92212500000003,,,,,-0.375,-0.294921875,-1.0859375,0.19092766521063914,-3.170089643551563,0,-0.0530133917927742,0,493.85836514591995,0,0,0,0,0,3.19140625,,
30.944294999999954,,,,,-0.1875,0.20703125,-0.888671875,0.17840036888845828,-1.950266114930725,0,-0.050048828125,0,413.74775247912,0,0,0,0,0,3.134765625,,
30.970920000000014,,,,,-0.0625,-0.396484375,-1.12890625,0.16669262959546638,-0.9753964834367261,0,-0.050048828125,0,360.13123785768,0,0,0,0,0,3.06640625,,
30.993604999999953,,,,,-0.13671875,0.478515625,-0.68359375,0.14685015385513975,-0.449877798686862,0,-0.0564236119389534,0,303.89672935824,0,0,0,0,0,3.001953125,,
31.021804999999965,,,,,-0.07421875,-0.166015625,-0.951171875,0.1257474083689698,-0.13884161502935993,0,-0.0613839291036129,0,251.32741228799998,0,0,0,0,0,2.91796875,,
31.04479000000001,,,,,0.009765625,-0.01953125,-0.984375,0.10492381053226804,0.006870579416383567,0,-0.0575086809694767,0,224.6238747324,0,0,0,0,0,2.8203125,,
31.075405,,,,,-0.0859375,0.056640625,-1.03515625,0.08731570853102842,0.14018562508733795,0,-0.048828125,0,181.06045660248,0,0,0,0,0,2.73046875,,
31.098814999999973,,,,,-0.11328125,0.01953125,-1.009765625,0.06223701944361105,0.17929094173426602,0,-0.0576171875,0,172.57815643776,0,0,0,0,0,2.6328125,,
31.121839999999995,,,,,-0.078125,0.0390625,-0.966796875,0.048643662015404404,0.31397150162412607,0,-0.050048828125,0,155.71827586344,0,0,0,0,0,2.54296875,,
31.144170000000013,,,,,-0.07421875,0.068359375,-1,0.04002351272899787,0.3931390700792625,0,-0.0613839291036129,0,114.24925283591999,0,0,0,0,0,2.46484375,,
31.17087499999997,,,,,-0.078125,0.021484375,-1.0078125,0.03396496963884555,0.4212127521703071,0,-0.054931640625,0,106.91886997751999,0,0,0,0,0,2.390625,,
31.193904999999997,,,,,-0.041015625,0.03125,-1.009765625,0.027231831260889294,0.3826987999488894,0,-0.054931640625,0,105.66223291608,0,0,0,0,0,2.306640625,,
31.220920000000014,,,,,-0.0625,0.0234375,-1,0.02168276560707337,0.32399244061641,0,-0.057373046875,0,105.45279340584,0,0,0,0,0,2.2265625,,
31.246764999999986,,,,,-0.0625,0,-0.98046875,0.017106553909085293,0.30073569057315863,0,-0.0542534738779068,0,105.45279340584,0,0,0,0,0,2.15625,,
31.271859999999958,,,,,-0.103515625,0.01953125,-0.96484375,0.013486708934746756,0.3026818171371108,0,-0.05615234375,0,105.45279340584,0,0,0,0,0,2.07421875,,
31.294889999999985,,,,,-0.048828125,0.0546875,-1.015625,0.010687732030284667,0.343733260347991,0,-0.0531684011220932,0,105.45279340584,0,0,0,0,0,1.998046875,,
31.324264999999986,,,,,-0.125,0.080078125,-1,0.008805708020142852,0.4004612368751267,0,-0.0571986623108387,0,105.45279340584,0,0,0,0,0,1.9375,,
31.349669999999954,,,,,-0.0625,0.029296875,-0.990234375,0.0066871998809186544,0.4182666821232193,0,-0.0595703125,0,105.45279340584,0,0,0,0,0,1.87109375,,
31.37181000000003,,,,,-0.0859375,0.01171875,-0.97265625,0.0036502564428540795,0.39048330620469796,0,-0.0607638880610466,0,105.45279340584,0,0,0,0,0,1.80078125,,
31.396350000000005,,,,,-0.0625,0,-0.98828125,-0.00003013306591338354,0.35319509115615616,0,-0.0537109375,0,105.45279340584,0,0,0,0,0,1.73828125,,
31.424974999999947,,,,,-0.078125,0.01171875,-0.98046875,0.0019281294736594736,0.2990798701817297,0,-0.0509982630610466,0,94.56193887335999,0,0,0,0,0,1.68359375,,
31.44654000000001,,,,,-0.0625,0.01171875,-0.982421875,0.0014173764339035452,0.2967251645601523,0,-0.0576171875,0,0,0,0,0,0,0,1.625,,
31.471644999999988,,,,,-0.09375,0.04296875,-0.98828125,-0.000009196658704705667,0.3385077492425725,0,-0.0669642835855484,0,0,0,0,0,0,0,1.56640625,,
31.495784999999945,,,,,-0.0859375,0.037109375,-0.97265625,0.0011361126692050181,0.4097510343958707,0,-0.05615234375,0,0,0,0,0,0,0,1.517578125,,
31.524610000000017,,,,,-0.09375,0.056640625,-1.005859375,0.0016960992530318734,0.4125358232360011,0,-0.0537109375,0,0,0,0,0,0,0,1.4609375,,
31.548014999999985,,,,,-0.0625,0.015625,-0.990234375,0.0038635380218530143,0.3945260884590958,0,-0.056640625,0,0,0,0,0,0,0,1.400390625,,
31.571829999999988,,,,,-0.0625,0.021484375,-1.0390625,0.0002625086352804539,0.33545415839084647,0,-0.062255859375,0,0,0,0,0,0,0,1.3515625,,
31.594824999999982,,,,,-0.0625,0.015625,-0.994140625,-0.003922357246208888,0.29582198980119107,0,-0.059814453125,0,0,0,0,0,0,0,1.30859375,,
31.62181999999998,,,,,-0.0625,0.013671875,-0.98046875,0.0032781308779744256,0.2996067221244571,0,-0.0558035708963871,0,0,0,0,0,0,0,1.267578125,,
31.643844999999942,,,,,-0.0625,0.013671875,-0.970703125,0.009125666611361388,0.3402388341972482,0,-0.0520833320915699,0,0,0,0,0,0,0,1.22265625,,
31.670910000000003,,,,,-0.0625,0.009765625,-0.986328125,-0.0017159494789701156,0.38490297644397325,0,-0.054931640625,0,0,0,0,0,0,0,1.181640625,,
31.69762499999997,,,,,-0.0625,0.013671875,-0.990234375,-0.008746147380573202,0.4092384289597578,0,-0.0553385429084301,0,0,0,0,0,0,0,1.140625,,
31.721464999999995,,,,,-0.0625,0.017578125,-1.015625,0.0031818628693316264,0.38153757525879634,0,-0.0509982630610466,0,0,0,0,0,0,0,1.095703125,,
31.75123499999996,,,,,-0.0625,0.01953125,-1.01171875,0.007094377202037669,0.3327231299530352,0,-0.05859375,0,0,0,0,0,0,0,1.05859375,,
31.77425000000003,,,,,-0.0625,0.013671875,-0.998046875,-0.005527471972803057,0.29957446588306563,0,-0.05415482819080353,0,0,0,0,0,0,0,1.017578125,,
31.79789499999999,,,,,-0.0625,0.01171875,-0.99609375,0.003395713163300116,0.29698321449128406,0,-0.0599888376891613,0,0,0,0,0,0,0,0.982421875,,
31.820749999999972,,,,,-0.0625,0.009765625,-0.98046875,0.00595805181492815,0.3341639087351876,0,-0.062255859375,0,0,0,0,0,0,0,0.953125,,
31.843744999999966,,,,,-0.0625,0.01171875,-0.986328125,-0.0035711897831789065,0.3840750662482589,0,-0.0571986623108387,0,0,0,0,0,0,0,0.919921875,,
31.87139499999999,,,,,-0.0625,0.013671875,-0.986328125,-0.0028665642417845406,0.3923219119640119,0,-0.05859375,0,0,0,0,0,0,0,0.890625,,
31.893979999999953,,,,,-0.0625,0.017578125,-1.01171875,0.00447524613300963,0.37991401110875894,0,-0.05859375,0,0,0,0,0,0,0,0.861328125,,
31.92469499999998,,,,,-0.0625,0.017578125,-1.009765625,-0.0021547230921168583,0.3479588279702739,0,-0.062255859375,0,0,0,0,0,0,0,0.828125,,
31.946170000000013,,,,,-0.0625,0.017578125,-1.00390625,-0.0003627980567803735,0.3011585161373986,0,-0.048828125,0,0,0,0,0,0,0,0.80078125,,
31.97170999999999,,,,,-0.0625,0.013671875,-0.990234375,0.003260821315030174,0.29605853557139516,0,-0.0553385429084301,0,0,0,0,0,0,0,0.7734375,,
31.994569999999978,,,,,-0.0625,0.01171875,-0.970703125,-0.0018025866487864006,0.3396259656108102,0,-0.0596788190305233,0,0,0,0,0,0,0,0.748046875,,
32.02262499999997,,,,,-0.0625,0.009765625,-0.974609375,-0.0008720983491051186,0.3770324535444541,0,-0.054931640625,0,0,0,0,0,0,0,0.724609375,,
32.04401999999999,,,,,-0.0625,0.015625,-0.990234375,0.0026383636677363934,0.39420003161903033,0,-0.048828125,0,0,0,0,0,0,0,0.701171875,,
32.07374999999997,,,,,-0.0625,0.015625,-0.994140625,-0.0014610991286950138,0.3740111189341196,0,-0.064697265625,0,0,0,0,0,0,0,0.67578125,,
32.095979999999955,,,,,-0.0625,0.01953125,-1.00390625,0.0008346950538170234,0.32171299955807936,0,-0.0517578125,0,0,0,0,0,0,0,0.654296875,,
32.12664999999999,,,,,-0.0625,0.015625,-0.994140625,0.0006717186432892896,0.29920889514729565,0,-0.0516183041036129,0,0,0,0,0,0,0,0.6328125,,
32.15029999999996,,,,,-0.0625,0.013671875,-0.966796875,-0.0006600603906340278,0.3052193081265732,0,-0.05859375,0,0,0,0,0,0,0,0.609375,,
32.17612999999997,,,,,-0.0625,0.01171875,-0.958984375,0.0015343272517229858,0.3450880224864329,0,-0.059814453125,0,0,0,0,0,0,0,0.5859375,,
32.19806499999997,,,,,-0.0625,0.01171875,-0.962890625,-0.00014601052989066847,0.38568787831783247,0,-0.0531684011220932,0,0,0,0,0,0,0,0.56640625,,
32.225670000000015,,,,,-0.0625,0.01171875,-0.97265625,0.0003596353184220579,0.3984075895065363,0,-0.05126953125,0,0,0,0,0,0,0,0.548828125,,
32.24676499999998,,,,,-0.0625,0.01953125,-0.994140625,0.0009238359441784806,0.37274237343938826,0,-0.0509982630610466,0,0,0,0,0,0,0,0.533203125,,
32.27579999999996,,,,,-0.0625,0.017578125,-0.984375,-0.00025376715603388515,0.3240999614210483,0,-0.0602213554084301,0,0,0,0,0,0,0,0.515625,,
32.29787499999997,,,,,-0.0625,0.017578125,-0.9765625,0.0006859702212368852,0.29849925783668324,0,-0.059481535106897354,0,0,0,0,0,0,0,0.49609375,,
32.32266500000001,,,,,-0.0625,0.013671875,-0.96484375,0.000307541768409613,0.3076922866332528,0,-0.0446428582072258,0,0,0,0,0,0,0,0.48046875,,
32.346619999999966,,,,,-0.0625,0.01171875,-0.9609375,-0.00012126306830069437,0.34889425897062654,0,-0.047607421875,0,0,0,0,0,0,0,0.466796875,,
32.37252499999994,,,,,-0.0625,0.009765625,-0.9609375,0.0007656595948880078,0.38463417443237774,0,-0.057373046875,0,0,0,0,0,0,0,0.451171875,,
32.39374499999997,,,,,-0.0625,0.015625,-0.984375,0.00009671373508612571,0.38888124621558817,0,-0.0672743022441864,0,0,0,0,0,0,0,0.4375,,
32.41923000000001,,,,,-0.0625,0.01953125,-0.98046875,0.00024068113262421906,0.36787168098927603,0,-0.0641741082072258,0,0,0,0,0,0,0,0.423828125,,
32.447324999999985,,,,,-0.0625,0.017578125,-0.98046875,0.0004089900068967456,0.34126028184131146,0,-0.048828125,0,0,0,0,0,0,0,0.412109375,,
32.47489499999999,,,,,-0.0625,0.015625,-0.974609375,0.00018546501912580313,0.3063912848971301,0,-0.06640625,0,0,0,0,0,0,0,0.3984375,,
32.499889999999986,,,,,-0.0625,0.013671875,-0.96484375,0.0006095189289836103,0.3177562339473921,0,-0.0618489570915699,0,0,0,0,0,0,0,0.3828125,,
32.52180000000002,,,,,-0.0625,0.01171875,-0.9609375,0.00025080521586430353,0.3617107388835048,0,-0.0499131940305233,0,0,0,0,0,0,0,0.37109375,,
32.545105000000014,,,,,-0.0625,0.01171875,-0.96484375,0.0005700192339029215,0.38685985508838927,0,-0.0418526791036129,0,0,0,0,0,0,0,0.361328125,,
32.570954999999984,,,,,-0.0625,0.015625,-0.970703125,0.00041849124929947874,0.3911821914348465,0,-0.0530133917927742,0,0,0,0,0,0,0,0.349609375,,
32.59516000000001,,,,,-0.0625,0.017578125,-0.98046875,0.0004503359422216155,0.3788065468209851,0,-0.0542534738779068,0,0,0,0,0,0,0,0.33984375,,
32.620860000000015,,,,,-0.0625,0.017578125,-0.98046875,0.0004364668473920366,0.341840894186358,0,-0.057373046875,0,0,0,0,0,0,0,0.328125,,
32.644114999999964,,,,,-0.0625,0.015625,-0.9765625,0.00006943437257930702,0.3046709520229182,0,-0.0607638880610466,0,0,0,0,0,0,0,0.318359375,,
32.67062499999997,,,,,-0.0625,0.013671875,-0.966796875,0.00027407666142107963,0.30982119856508994,0,-0.05859375,0,0,0,0,0,0,0,0.310546875,,
32.69418499999997,,,,,-0.0625,0.01171875,-0.9609375,0.0002801550500264229,0.3425290273360427,0,-0.0618489570915699,0,0,0,0,0,0,0,0.30078125,,
32.72122,,,,,-0.0625,0.013671875,-0.9609375,0.00042814224400711986,0.37545189771627197,0,-0.048828125,0,0,0,0,0,0,0,0.29296875,,
32.74541500000001,,,,,-0.0625,0.013671875,-0.970703125,0.0003382899464873841,0.38288158531677435,0,-0.05078125,0,0,0,0,0,0,0,0.283203125,,
32.769459999999995,,,,,-0.0625,0.015625,-0.978515625,0.0002707966369518662,0.3791076050739721,0,-0.050048828125,0,0,0,0,0,0,0,0.275390625,,
32.79439999999994,,,,,-0.0625,0.017578125,-0.98046875,0.0004001948194393107,0.34171186922079205,0,-0.04638671875,0,0,0,0,0,0,0,0.267578125,,
32.82070499999999,,,,,-0.0625,0.017578125,-0.9765625,0.00025975537728186956,0.3118103334508974,0,-0.05615234375,0,0,0,0,0,0,0,0.259765625,,
32.84754999999996,,,,,-0.0625,0.013671875,-0.966796875,0.0004255091696407119,0.3127672686121778,0,-0.05859375,0,0,0,0,0,0,0,0.251953125,,
32.876535000000004,,,,,-0.0625,0.01171875,-0.962890625,0.00039504478117372395,0.335303629264353,0,-0.0596788190305233,0,0,0,0,0,0,0,0.244140625,,
32.898089999999996,,,,,-0.0625,0.013671875,-0.96484375,0.00037276296497341986,0.3700723630582092,0,-0.0576171875,0,0,0,0,0,0,0,0.236328125,,
32.92164499999999,,,,,-0.0625,0.013671875,-0.974609375,0.00025966606086600096,0.380032283993861,0,-0.0641741082072258,0,0,0,0,0,0,0,0.23046875,,
32.94478999999995,,,,,-0.0625,0.017578125,-0.98046875,0.00026229415872194986,0.3560874008009248,0,-0.052490234375,0,0,0,0,0,0,0,0.224609375,,
32.969869999999965,,,,,-0.0625,0.017578125,-0.98046875,0.00023770440079574554,0.33276613827489043,0,-0.052490234375,0,0,0,0,0,0,0,0.21875,,
32.99650499999998,,,,,-0.0625,0.013671875,-0.974609375,0.0003338661693155324,0.309638413197205,0,-0.048828125,0,0,0,0,0,0,0,0.212890625,,
33.01924999999997,,,,,-0.0625,0.013671875,-0.966796875,0.00026033556403757933,0.3111114482207488,0,-0.0542534738779068,0,0,0,0,0,0,0,0.20703125,,
33.05189499999999,,,,,-0.0625,0.01171875,-0.96484375,0.00037210012958970484,0.33700245797763717,0,-0.062255859375,0,0,0,0,0,0,0,0.201171875,,
33.07488500000004,,,,,-0.0625,0.013671875,-0.96484375,0.00042359556806652316,0.3770182070378395,0,-0.0537109375,0,0,0,0,0,0,0,0.1953125,,
33.10086499999996,,,,,-0.0625,0.015625,-0.974609375,0.0004401513005201096,0.3868383509274616,0,-0.04638671875,0,0,0,0,0,0,0,0.189453125,,
33.12401999999999,,,,,-0.0625,0.015625,-0.978515625,0.00045493677562838636,0.3470879094527041,0,-0.0509982630610466,0,0,0,0,0,0,0,0.18359375,,
33.149559999999965,,,,,-0.0625,0.015625,-0.98046875,0.00026670891616355024,0.32121840385674344,0,-0.050048828125,0,0,0,0,0,0,0,0.1796875,,
33.1756,,,,,-0.0625,0.015625,-0.970703125,0.00035667094396091194,0.3127780206926416,0,-0.057373046875,0,0,0,0,0,0,0,0.17578125,,
33.19742499999996,,,,,-0.0625,0.013671875,-0.96484375,0.00040162190633683204,0.3207990727186543,0,-0.0596788190305233,0,0,0,0,0,0,0,0.171875,,
33.22191,,,,,-0.0625,0.013671875,-0.9609375,0.00033826619498855096,0.35643146737576725,0,-0.0544084832072258,0,0,0,0,0,0,0,0.16796875,,
33.24451999999999,,,,,-0.0625,0.013671875,-0.96484375,0.00032518533087956135,0.3768926764984244,0,-0.054931640625,0,0,0,0,0,0,0,0.1640625,,
33.269359999999956,,,,,-0.0625,0.015625,-0.97265625,0.00041691500807996125,0.3834621976618209,0,-0.0537109375,0,0,0,0,0,0,0,0.16015625,,
33.295535,,,,,-0.0625,0.017578125,-0.978515625,0.00043926688034670456,0.36818349132272693,0,-0.0520833320915699,0,0,0,0,0,0,0,0.15625,,
33.32028499999995,,,,,-0.0625,0.017578125,-0.978515625,0.00024017670648699018,0.33958295728895493,0,-0.050048828125,0,0,0,0,0,0,0,0.15234375,,
33.345439999999975,,,,,-0.0625,0.013671875,-0.97265625,0.00018714766047215906,0.31520799087746576,0,-0.0575086809694767,0,0,0,0,0,0,0,0.1484375,,
33.37093499999997,,,,,-0.0625,0.013671875,-0.966796875,0.00021793360874834005,0.327476114686689,0,-0.052490234375,0,0,0,0,0,0,0,0.146484375,,
33.39513000000004,,,,,-0.0625,0.01171875,-0.962890625,0.0004309166364227552,0.352657487132965,0,-0.0531684011220932,0,0,0,0,0,0,0,0.142578125,,
33.41973499999996,,,,,-0.0625,0.013671875,-0.96484375,0.0004951061774765153,0.3831933956502253,0,-0.050048828125,0,0,0,0,0,0,0,0.140625,,
33.44498000000001,,,,,-0.0625,0.013671875,-0.974609375,0.0004921776542284248,0.3852470430188157,0,-0.06103515625,0,0,0,0,0,0,0,0.13671875,,
33.47041499999995,,,,,-0.0625,0.017578125,-0.98046875,0.0003767179395131483,0.36669970421871917,0,-0.0672743022441864,0,0,0,0,0,0,0,0.1328125,,
33.49565,,,,,-0.0625,0.017578125,-0.978515625,0.00026685854087402403,0.3262073691919578,0,-0.067138671875,0,0,0,0,0,0,0,0.130859375,,
33.521329999999985,,,,,-0.0625,0.015625,-0.97265625,0.00012680882555201576,0.31845511917754066,0,-0.05859375,0,0,0,0,0,0,0,0.12890625,,
33.544444999999975,,,,,-0.0625,0.01171875,-0.96484375,0.0003320343886197576,0.32412146558197596,0,-0.0575086809694767,0,0,0,0,0,0,0,0.125,,
33.569800000000015,,,,,-0.0625,0.013671875,-0.962890625,0.00041433512629068396,0.3525714704892544,0,-0.0537109375,0,0,0,0,0,0,0,0.123046875,,
33.59529999999996,,,,,-0.0625,0.01171875,-0.966796875,0.0003567609435006307,0.37463473960102134,0,-0.05859375,0,0,0,0,0,0,0,0.12109375,,
33.61901499999998,,,,,-0.0625,0.013671875,-0.974609375,0.00039985970383273013,0.3756131789232293,0,-0.0564236119389534,0,0,0,0,0,0,0,0.119140625,,
33.646824999999986,,,,,-0.0625,0.015625,-0.978515625,0.00041678652527282756,0.35149626244287197,0,-0.054931640625,0,0,0,0,0,0,0,0.1171875,,
33.67073000000001,,,,,-0.0625,0.015625,-0.978515625,0.0003869208708419734,0.32668046073236606,0,-0.0596788190305233,0,0,0,0,0,0,0,0.11328125,,
33.69624999999997,,,,,-0.0625,0.015625,-0.97265625,0.0003542504196813649,0.31983138547691015,0,-0.059814453125,0,0,0,0,0,0,0,0.111328125,,
33.71913500000004,,,,,-0.0625,0.01171875,-0.966796875,0.0004174382166918531,0.329798564066875,0,-0.04638671875,0,0,0,0,0,0,0,0.109375,,
33.746475000000004,,,,,-0.0625,0.01171875,-0.96484375,0.00041305789181158653,0.3539907451104792,0,-0.0509982630610466,0,0,0,0,0,0,0,0.107421875,,
33.76998000000001,,,,,-0.0625,0.013671875,-0.96875,0.00029655178233139263,0.3760862704636376,0,-0.05126953125,0,0,0,0,0,0,0,0.10546875,,
33.79617499999996,,,,,-0.0625,0.015625,-0.9765625,0.00038145591809619076,0.37715072642955616,0,-0.050048828125,0,0,0,0,0,0,0,0.10546875,,
33.820234999999954,,,,,-0.0625,0.017578125,-0.978515625,0.0004041379070001894,0.3579690148820941,0,-0.0531684011220932,0,0,0,0,0,0,0,0.103515625,,
33.84731000000003,,,,,-0.0625,0.015625,-0.978515625,0.00037720480406464073,0.32831477696286737,0,-0.050048828125,0,0,0,0,0,0,0,0.1015625,,
33.880694999999974,,,,,-0.0625,0.013671875,-0.97265625,0.0003201310191646013,0.3152294950383934,0,-0.0564236119389534,0,0,0,0,0,0,0,0.099609375,,
33.90182999999999,,,,,-0.0625,0.013671875,-0.96484375,0.0002682431091761339,0.3337948435732669,0,-0.0480143241584301,0,0,0,0,0,0,0,0.09765625,,
33.922850000000004,,,,,-0.0625,0.013671875,-0.96484375,0.00034298992716406664,0.35509820939825304,0,-0.0520833320915699,0,0,0,0,0,0,0,0.095703125,,
33.950074999999984,,,,,-0.0625,0.013671875,-0.970703125,0.00031364009300194725,0.37273162135892446,0,-0.0627790167927742,0,0,0,0,0,0,0,0.095703125,,
33.97251999999999,,,,,-0.0625,0.015625,-0.974609375,0.00041902430539121323,0.3720542402897036,0,-0.0640190988779068,0,0,0,0,0,0,0,0.09375,,
33.996574999999986,,,,,-0.0625,0.017578125,-0.9765625,0.0005176691811783979,0.35414127423697267,0,-0.04638671875,0,0,0,0,0,0,0,0.091796875,,
34.023175000000016,,,,,-0.0625,0.015625,-0.9765625,0.0004376348369545634,0.3352821251034253,0,-0.062255859375,0,0,0,0,0,0,0,0.091796875,,
34.05884,,,,,-0.0625,0.015625,-0.96875,0.00032676918066389723,0.3237021344438868,0,-0.0661892369389534,0,0,0,0,0,0,0,0.08984375,,
34.08097,,,,,-0.0625,0.01171875,-0.966796875,0.0002820869262553534,0.33782311051903857,0,-0.0496419258415699,0,0,0,0,0,0,0,0.087890625,,
34.10325500000003,,,,,-0.0625,0.013671875,-0.966796875,0.0004371505819985641,0.3708500072777553,0,-0.059814453125,0,0,0,0,0,0,0,0.087890625,,
34.12924499999997,,,,,-0.0625,0.015625,-0.96875,0.0004193172502184779,0.38139779821276665,0,-0.05859375,0,0,0,0,0,0,0,0.0859375,,
34.15137000000002,,,,,-0.0625,0.015625,-0.9765625,0.000368356764359882,0.36145268895237304,0,-0.048828125,0,0,0,0,0,0,0,0.0859375,,
34.17638000000004,,,,,-0.0625,0.015625,-0.978515625,0.0003594614793105621,0.3407764382204394,0,-0.0599888376891613,0,0,0,0,0,0,0,0.083984375,,
34.19681499999997,,,,,-0.0625,0.015625,-0.9765625,0.000312195201838162,0.32719656059462965,0,-0.057373046875,0,0,0,0,0,0,0,0.083984375,,
34.22133999999994,,,,,-0.0625,0.015625,-0.970703125,0.0003642702420016265,0.32043350198288434,0,-0.0641741082072258,0,0,0,0,0,0,0,0.08203125,,
34.24488499999998,,,,,-0.0625,0.01171875,-0.966796875,0.0003723744440543362,0.32992758903244096,0,-0.048828125,0,0,0,0,0,0,0,0.08203125,,
34.27077999999994,,,,,-0.0625,0.01171875,-0.96484375,0.0004196606724863046,0.35562506134098043,0,-0.062255859375,0,0,0,0,0,0,0,0.080078125,,
34.29755999999997,,,,,-0.0625,0.013671875,-0.96875,0.0004755861761028581,0.3722585298185162,0,-0.0466579869389534,0,0,0,0,0,0,0,0.080078125,,
34.31914999999999,,,,,-0.0625,0.015625,-0.974609375,0.00044128414445229725,0.3682695079664375,0,-0.054931640625,0,0,0,0,0,0,0,0.080078125,,
34.34473499999996,,,,,-0.0625,0.015625,-0.978515625,0.0004759027519153033,0.3489157631315542,0,-0.05615234375,0,0,0,0,0,0,0,0.078125,,
34.36936499999996,,,,,-0.0625,0.015625,-0.9765625,0.0004579084012932373,0.3324220717000481,0,-0.0520833320915699,0,0,0,0,0,0,0,0.078125,,
34.39597,,,,,-0.0625,0.013671875,-0.97265625,0.00029767037985605377,0.3182400775682642,0,-0.062255859375,0,0,0,0,0,0,0,0.076171875,,
34.42345499999999,,,,,-0.0625,0.013671875,-0.966796875,0.0002715321604563801,0.3359487540921824,0,-0.0553385429084301,0,0,0,0,0,0,0,0.076171875,,
34.45026999999999,,,,,-0.0625,0.01171875,-0.96484375,0.0003656479218887045,0.3602161996990333,0,-0.0542534738779068,0,0,0,0,0,0,0,0.076171875,,
34.47529000000001,,,,,-0.0625,0.013671875,-0.96875,0.00039083639179768374,0.3699360804383302,0,-0.0466579869389534,0,0,0,0,0,0,0,0.07421875,,
34.50069999999998,,,,,-0.0625,0.015625,-0.974609375,0.0003177672453209223,0.37406487933643867,0,-0.050048828125,0,0,0,0,0,0,0,0.07421875,,
