Time (s),ESC signal (µs),Servo 1 (µs),Servo 2 (µs),Servo 3 (µs),AccX (g),AccY (g),AccZ (g),Torque (N·m),Thrust (N),Voltage (V),Current (A),Motor Electrical Speed (rad/s),Motor Optical Speed (rad/s),Electrical Power (W),Mechanical Power (W),Motor Efficiency (%),Propeller Mech. Efficiency (N/W),Overall Efficiency (N/W),Vibration (g),App message,
0,,,,,-0.0625,0.013671875,-0.970703125,0.00028387322264682456,0.4199870149974312,0,-0.02387152798473835,0,0,0,0,0,0,0,0.05859375,,
0,,,,,-0.0625,0.013671875,-0.970703125,0.00025811024099452954,0.42302985376869334,0,-0.0282118059694767,0,0,0,0,0,0,0,0.05859375,,
0.024324999999953432,,,,,-0.0625,0.013671875,-0.97265625,0.0003085104835706952,0.41694417622616897,0,-0.02511160634458065,0,0,0,0,0,0,0,0.05859375,,
0.05043500000005588,,,,,-0.0625,0.013671875,-0.97265625,0.0002148670901155203,0.41546038912216127,0,-0.0303819440305233,0,0,0,0,0,0,0,0.05859375,,
0.07436999999999534,,,,,-0.0625,0.015625,-0.970703125,0.00017636381434604155,0.4149442892598977,0,-0.0244140625,0,0,0,0,0,0,0,0.05859375,,
0.09959999999997672,,,,,-0.0625,0.015625,-0.970703125,0.00022638548902404146,0.4211159834461327,0,-0.0244140625,0,0,0,0,0,0,0,0.05859375,,
0.12558499999996275,,,,,-0.0625,0.015625,-0.970703125,0.000261886142259198,0.41589047234071425,0,-0.020751953125,0,0,0,0,0,0,0,0.05859375,,
0.16220499999995808,,,,,-0.0625,0.013671875,-0.97265625,0.0002110603141482553,0.4170086887089519,0,-0.0303819440305233,0,0,0,0,0,0,0,0.05859375,,
0.18435999999998604,,,,,-0.0625,0.013671875,-0.970703125,0.0001964920378158324,0.4167148881102779,0,-0.024038461968302727,0,0,0,0,0,0,0,0.05859375,,
0.20898499999998604,,,,,-0.0625,0.015625,-0.97265625,0.00033642039559319956,0.4169656803870966,0,-0.02092633955180645,0,0,0,0,0,0,0,0.05859375,,
0.23390499999991152,,,,,-0.0625,0.013671875,-0.970703125,0.00021931200170442324,0.41950317137655907,0,-0.02387152798473835,0,0,0,0,0,0,0,0.05859375,,
0.25785499999998135,,,,,-0.0625,0.013671875,-0.97265625,0.0001084358920592066,0.41953542761795054,0,-0.0341796875,0,0,0,0,0,0,0,0.05859375,,
0.2795249999999069,,,,,-0.0625,0.015625,-0.97265625,0.0001298040672294695,0.4167076304559649,0,-0.020751953125,0,0,0,0,0,0,0,0.05859375,,
0.30173499999998604,,,,,-0.0625,0.013671875,-0.970703125,0.00026575751242138813,0.4138368249721238,0,-0.02511160634458065,0,0,0,0,0,0,0,0.05859375,,
0.3260500000000466,,,,,-0.0625,0.013671875,-0.970703125,0.00020205316710058253,0.4179548717897684,0,-0.01953125,0,0,0,0,0,0,0,0.05859375,,
0.35010999999998604,,,,,-0.0625,0.015625,-0.97265625,0.00005199692760259534,0.4205998835838691,0,-0.0244140625,0,0,0,0,0,0,0,0.05859375,,
0.3785349999999162,,,,,-0.0625,0.015625,-0.970703125,0.00013252383344367524,0.4202020566067076,0,-0.035400390625,0,0,0,0,0,0,0,0.05859375,,
0.40044499999994876,,,,,-0.0625,0.015625,-0.970703125,0.0000908965809640631,0.4184997334672727,0,-0.025390625,0,0,0,0,0,0,0,0.05859375,,
0.4291899999999441,,,,,-0.0625,0.015625,-0.970703125,0.00001557243014966364,0.4176968218586366,0,-0.0223214291036129,0,0,0,0,0,0,0,0.05859375,,
0.45057499999995343,,,,,-0.0625,0.015625,-0.970703125,0.00011659720980069392,0.41624179656986965,0,-0.0263671875,0,0,0,0,0,0,0,0.05859375,,
0.4747349999998696,,,,,-0.0625,0.015625,-0.97265625,0.00013429077726399716,0.41287988981084345,0,-0.02511160634458065,0,0,0,0,0,0,0,0.05859375,,
0.49995999999996277,,,,,-0.0625,0.015625,-0.97265625,0.00016361448552602902,0.4123422857876523,0,-0.0244140625,0,0,0,0,0,0,0,0.05859375,,
0.5254299999999348,,,,,-0.0625,0.015625,-0.970703125,0.0001105928053954888,0.41057894459158517,0,-0.01953125,0,0,0,0,0,0,0,0.05859375,,
0.5536949999999488,,,,,-0.0625,0.015625,-0.97265625,0.00014219786658114435,0.4132669647075411,0,-0.0314670130610466,0,0,0,0,0,0,0,0.05859375,,
0.575875,,,,,-0.0625,0.013671875,-0.970703125,0.0002022450606451587,0.4173385087771797,0,-0.033203125,0,0,0,0,0,0,0,0.05859375,,
0.6007599999998929,,,,,-0.0625,0.017578125,-0.97265625,0.0002524422432531924,0.4143206685929959,0,-0.02511160634458065,0,0,0,0,0,0,0,0.05859375,,
0.6242449999999954,,,,,-0.0625,0.015625,-0.96875,0.00020854241695840995,0.4138475770525876,0,-0.02197265625,0,0,0,0,0,0,0,0.05859375,,
0.6511949999999488,,,,,-0.0625,0.015625,-0.970703125,0.00010176923025856853,0.4150088017426807,0,-0.02685546875,0,0,0,0,0,0,0,0.05859375,,
0.6743950000000186,,,,,-0.0625,0.013671875,-0.97265625,0.0001432848688479149,0.41918060896264436,0,-0.0271267369389534,0,0,0,0,0,0,0,0.05859375,,
0.6996049999998649,,,,,-0.0625,0.013671875,-0.970703125,0.0001654149211307295,0.4174172677665772,0,-0.0146484375,0,0,0,0,0,0,0,0.05859375,,
0.7297999999999302,,,,,-0.0625,0.015625,-0.970703125,0.00018754235633176207,0.41466473516783825,0,-0.029296875,0,0,0,0,0,0,0,0.05859375,,
0.7524000000000233,,,,,-0.0625,0.013671875,-0.970703125,0.00019061003636870562,0.41823442588182785,0,-0.02130681835114956,0,0,0,0,0,0,0,0.05859375,,
0.7776949999999487,,,,,-0.0625,0.013671875,-0.970703125,0.00010208367435028684,0.4180838967553343,0,-0.0265066958963871,0,0,0,0,0,0,0,0.05859375,,
0.8028499999999767,,,,,-0.0625,0.015625,-0.97265625,0.00018491687555759518,0.41453571020227237,0,-0.0271267369389534,0,0,0,0,0,0,0,0.05859375,,
0.8263699999999954,,,,,-0.0625,0.015625,-0.970703125,0.00016507862206666606,0.4198472379514015,0,-0.035400390625,0,0,0,0,0,0,0,0.05859375,,
0.8499449999999488,,,,,-0.0625,0.015625,-0.97265625,0.0003232523692479346,0.414987297581753,0,-0.0223214291036129,0,0,0,0,0,0,0,0.05859375,,
0.8819649999999674,,,,,-0.0625,0.013671875,-0.970703125,0.00022631756467832913,0.41675063877782015,0,-0.028076171875,0,0,0,0,0,0,0,0.05859375,,
0.902844999999972,,,,,-0.0625,0.013671875,-0.970703125,0.00021318671557061408,0.4189943291686086,0,-0.0244140625,0,0,0,0,0,0,0,0.05859375,,
0.9268049999999348,,,,,-0.0625,0.013671875,-0.970703125,0.00029049832119607655,0.4190623360775423,0,-0.02115885354578495,0,0,0,0,0,0,0,0.05859375,,
0.9494949999999953,,,,,-0.0625,0.015625,-0.970703125,0.0002382995470279872,0.41675063877782015,0,-0.023193359375,0,0,0,0,0,0,0,0.05859375,,
0.9802949999999255,,,,,-0.0625,0.013671875,-0.970703125,0.00010815351361385646,0.4165678534099351,0,-0.029296875,0,0,0,0,0,0,0,0.05859375,,
1.0018449999999721,,,,,-0.0625,0.015625,-0.970703125,0.00008521729126346558,0.41508057187977665,0,-0.02278645895421505,0,0,0,0,0,0,0,0.05859375,,
1.0244449999999488,,,,,-0.0625,0.013671875,-0.970703125,0.00015500679811304564,0.41287988981084345,0,-0.01627604104578495,0,0,0,0,0,0,0,0.05859375,,
1.050939999999944,,,,,-0.0625,0.015625,-0.970703125,0.00021507156873537387,0.41301966685687314,0,-0.03173828125,0,0,0,0,0,0,0,0.05859375,,
1.0741399999998975,,,,,-0.0625,0.015625,-0.970703125,0.00021273902736091232,0.4119982192128099,0,-0.02604166604578495,0,0,0,0,0,0,0,0.05859375,,
1.1009549999999582,,,,,-0.0625,0.013671875,-0.97265625,0.0001678169205887185,0.4232663995388975,0,-0.03069196455180645,0,0,0,0,0,0,0,0.05859375,,
1.1241500000000233,,,,,-0.0625,0.013671875,-0.97265625,0.00021315191273431848,0.422320216458081,0,-0.02604166604578495,0,0,0,0,0,0,0,0.05859375,,
1.1492899999999209,,,,,-0.0625,0.015625,-0.97265625,0.0003067074383705015,0.4202128086871715,0,-0.023193359375,0,0,0,0,0,0,0,0.05859375,,
1.1740999999999766,,,,,-0.0625,0.015625,-0.97265625,0.00012762328771376787,0.4118476900863164,0,-0.029296875,0,0,0,0,0,0,0,0.05859375,,
1.2003300000000745,,,,,-0.0625,0.015625,-0.97265625,0.000007457296867636817,0.41771832601956427,0,-0.02278645895421505,0,0,0,0,0,0,0,0.05859375,,
1.225899999999907,,,,,-0.0625,0.015625,-0.970703125,0.00014254247938723537,0.41871826950269997,0,-0.0217013880610466,0,0,0,0,0,0,0,0.05859375,,
1.250234999999986,,,,,-0.0625,0.013671875,-0.97265625,0.0002574526248018008,0.4165678534099351,0,-0.028076171875,0,0,0,0,0,0,0,0.05859375,,
1.274164999999921,,,,,-0.0625,0.01171875,-0.97265625,0.0001847442124172934,0.41339598967310703,0,-0.01708984375,0,0,0,0,0,0,0,0.05859375,,
1.301515000000014,,,,,-0.0625,0.013671875,-0.970703125,0.00015121451329256426,0.4139873540986173,0,-0.0341796875,0,0,0,0,0,0,0,0.05859375,,
1.3253399999999673,,,,,-0.0625,0.015625,-0.970703125,0.00009775180821721945,0.41528835583474005,0,-0.0184461809694767,0,0,0,0,0,0,0,0.05859375,,
1.3512449999999954,,,,,-0.0625,0.013671875,-0.970703125,0.00011667190706983746,0.41520233919102945,0,-0.025634765625,0,0,0,0,0,0,0,0.05859375,,
1.3739449999999487,,,,,-0.0625,0.015625,-0.970703125,0.00007061066131679118,0.41716996991590927,0,-0.0206163190305233,0,0,0,0,0,0,0,0.05859375,,
1.4014649999999673,,,,,-0.0625,0.013671875,-0.970703125,0.00016502851695979518,0.41675063877782015,0,-0.02685546875,0,0,0,0,0,0,0,0.05859375,,
1.426155000000028,,,,,-0.0625,0.013671875,-0.970703125,0.00033357190595006183,0.41473999973108505,0,-0.0271267369389534,0,0,0,0,0,0,0,0.05859375,,
1.4561500000000234,,,,,-0.0625,0.015625,-0.96875,0.0002433816534615729,0.4107939862008616,0,-0.032958984375,0,0,0,0,0,0,0,0.05859375,,
1.477189999999944,,,,,-0.0625,0.013671875,-0.970703125,0.0001721354810912145,0.4159622424778102,0,-0.02734375,0,0,0,0,0,0,0,0.05859375,,
1.5002399999999907,,,,,-0.0625,0.015625,-0.970703125,0.0000318527868480105,0.4142131477883576,0,-0.02790178544819355,0,0,0,0,0,0,0,0.05859375,,
1.529545000000042,,,,,-0.0625,0.013671875,-0.970703125,0.0001978419475018805,0.4180086321920875,0,-0.030517578125,0,0,0,0,0,0,0,0.05859375,,
1.550765000000014,,,,,-0.0625,0.013671875,-0.970703125,0.00014163405795368812,0.41629905139833956,0,-0.0224609375,0,0,0,0,0,0,0,0.05859375,,
1.576844999999972,,,,,-0.0625,0.015625,-0.970703125,0.0001429041692290222,0.42118049592891565,0,-0.02092633955180645,0,0,0,0,0,0,0,0.05859375,,
1.602289999999921,,,,,-0.0625,0.015625,-0.970703125,0.0003658179604609355,0.4131091779267345,0,-0.0271267369389534,0,0,0,0,0,0,0,0.05859375,,
1.6253199999999488,,,,,-0.0625,0.015625,-0.970703125,0.00036320577783105127,0.4105144321088022,0,-0.023193359375,0,0,0,0,0,0,0,0.05859375,,
1.6500749999999533,,,,,-0.0625,0.015625,-0.97265625,0.0003205280894254587,0.41204122753466516,0,-0.02685546875,0,0,0,0,0,0,0,0.05859375,,
1.6743199999999487,,,,,-0.0625,0.01171875,-0.970703125,0.0003064098577680918,0.4188472944682658,0,-0.028076171875,0,0,0,0,0,0,0,0.05859375,,
1.6994799999999814,,,,,-0.0625,0.013671875,-0.97265625,0.0002690166226952117,0.41784735098513015,0,-0.025634765625,0,0,0,0,0,0,0,0.05859375,,
1.7330999999999768,,,,,-0.0625,0.015625,-0.970703125,0.00022196017062808593,0.4112025652584869,0,-0.028076171875,0,0,0,0,0,0,0,0.05859375,,
1.7554199999999256,,,,,-0.0625,0.015625,-0.96875,0.00004072480575955246,0.4151378267082465,0,-0.02034505270421505,0,0,0,0,0,0,0,0.05859375,,
1.7776199999999953,,,,,-0.0625,0.015625,-0.970703125,0.00011749862105784178,0.4161700264327736,0,-0.018310546875,0,0,0,0,0,0,0,0.05859375,,
1.8019099999999162,,,,,-0.0625,0.015625,-0.970703125,0.0000514856059695532,0.41739576360564956,0,-0.0334821417927742,0,0,0,0,0,0,0,0.05859375,,
1.831609999999986,,,,,-0.0625,0.013671875,-0.97265625,0.0002486525734557637,0.42087943767592856,0,-0.0244140625,0,0,0,0,0,0,0,0.05859375,,
1.8525899999999673,,,,,-0.0625,0.013671875,-0.970703125,0.00015158192019473361,0.41897981385998245,0,-0.0224609375,0,0,0,0,0,0,0,0.05859375,,
1.8745699999999488,,,,,-0.0625,0.013671875,-0.97265625,0.00013607292324137855,0.4161915305937013,0,-0.0362723208963871,0,0,0,0,0,0,0,0.05859375,,
1.9019199999999254,,,,,-0.0625,0.015625,-0.96875,0.00010755384628705597,0.4160732577085992,0,-0.023193359375,0,0,0,0,0,0,0,0.05859375,,
1.9246149999998743,,,,,-0.0625,0.015625,-0.970703125,0.00013189828289731476,0.4164065722029777,0,-0.02278645895421505,0,0,0,0,0,0,0,0.05859375,,
1.9505999999999768,,,,,-0.0625,0.013671875,-0.970703125,0.0002550544258830768,0.4169979366284881,0,-0.02092633955180645,0,0,0,0,0,0,0,0.05859375,,
1.9747950000000418,,,,,-0.0625,0.013671875,-0.97265625,0.00019603902446856157,0.4139766020181535,0,-0.029296875,0,0,0,0,0,0,0,0.05859375,,
2.003030000000028,,,,,-0.0625,0.013671875,-0.970703125,0.00017675709904021162,0.4123960461899714,0,-0.025634765625,0,0,0,0,0,0,0,0.05859375,,
2.025469999999972,,,,,-0.0625,0.013671875,-0.97265625,0.0002065429646053699,0.4175140364907517,0,-0.0234375,0,0,0,0,0,0,0,0.05859375,,
2.0521749999999304,,,,,-0.0625,0.013671875,-0.97265625,0.0002818704476292861,0.42806182742576304,0,-0.01813616044819355,0,0,0,0,0,0,0,0.05859375,,
2.0746149999999908,,,,,-0.0625,0.015625,-0.970703125,0.00019963477454176253,0.41953542761795054,0,-0.0206163190305233,0,0,0,0,0,0,0,0.05859375,,
2.101515000000014,,,,,-0.0625,0.015625,-0.96875,0.00016417924241672922,0.4181161529967258,0,-0.03173828125,0,0,0,0,0,0,0,0.05859375,,
2.124429999999935,,,,,-0.0625,0.015625,-0.970703125,0.00027287041629908785,0.4126863523624946,0,-0.029296875,0,0,0,0,0,0,0,0.05859375,,
2.150469999999972,,,,,-0.0625,0.015625,-0.970703125,0.0002448275078611796,0.4152130912714933,0,-0.020751953125,0,0,0,0,0,0,0,0.05859375,,
2.1733999999999067,,,,,-0.0625,0.015625,-0.970703125,0.00016224534000814714,0.4193311380891379,0,-0.0217013880610466,0,0,0,0,0,0,0,0.05859375,,
2.2013999999999068,,,,,-0.0625,0.013671875,-0.970703125,0.00010366086383304826,0.41834194668646607,0,-0.0244140625,0,0,0,0,0,0,0,0.05859375,,
2.2266999999999535,,,,,-0.0625,0.015625,-0.970703125,0.000135395946991212,0.4216643395497877,0,-0.02278645895421505,0,0,0,0,0,0,0,0.05859375,,
2.2510899999999676,,,,,-0.0625,0.015625,-0.96875,0.00014188959742994546,0.42181486867628126,0,-0.01953125,0,0,0,0,0,0,0,0.05859375,,
2.2762249999999766,,,,,-0.0625,0.015625,-0.97265625,0.00021412990527875715,0.4199762629169673,0,-0.028076171875,0,0,0,0,0,0,0,0.05859375,,
2.3016149999999906,,,,,-0.0625,0.015625,-0.970703125,0.00020008481715808914,0.41750328441028783,0,-0.0336371511220932,0,0,0,0,0,0,0,0.05859375,,
2.3241300000000047,,,,,-0.0625,0.013671875,-0.97265625,0.00022109081753101742,0.4189333111119764,0,-0.01953125,0,0,0,0,0,0,0,0.05859375,,
2.359030000000028,,,,,-0.0625,0.015625,-0.97265625,0.00022921497802958434,0.41679364709967537,0,-0.028076171875,0,0,0,0,0,0,0,0.05859375,,
2.3815149999998977,,,,,-0.0625,0.013671875,-0.970703125,0.000248496303416293,0.4196537005030526,0,-0.01708984375,0,0,0,0,0,0,0,0.05859375,,
2.405789999999921,,,,,-0.0625,0.015625,-0.970703125,0.00019647493370472552,0.42068590022757973,0,-0.029296875,0,0,0,0,0,0,0,0.05859375,,
2.428894999999902,,,,,-0.0625,0.013671875,-0.970703125,0.00017799657080718804,0.417381517099035,0,-0.0244140625,0,0,0,0,0,0,0,0.05859375,,
2.453249999999884,,,,,-0.0625,0.015625,-0.97265625,0.00020409465309348613,0.41761080521492605,0,-0.018310546875,0,0,0,0,0,0,0,0.05859375,,
2.475114999999991,,,,,-0.0625,0.015625,-0.970703125,0.00018288631330771993,0.4176860697781728,0,-0.01708984375,0,0,0,0,0,0,0,0.05859375,,
2.4993499999999766,,,,,-0.0625,0.013671875,-0.970703125,0.00012804495968191608,0.4151378267082465,0,-0.029296875,0,0,0,0,0,0,0,0.05859375,,
2.5240599999999396,,,,,-0.0625,0.015625,-0.970703125,0.00017440211721883394,0.4174280198470411,0,-0.01708984375,0,0,0,0,0,0,0,0.05859375,,
2.5516699999999255,,,,,-0.0625,0.015625,-0.97265625,0.00021748258792361427,0.41832044252553846,0,-0.028076171875,0,0,0,0,0,0,0,0.05859375,,
2.5740999999999765,,,,,-0.0625,0.013671875,-0.970703125,0.00020784905509370103,0.4164818367662245,0,-0.0234375,0,0,0,0,0,0,0,0.05859375,,
2.6059649999999674,,,,,-0.0625,0.015625,-0.970703125,0.0001761697815944498,0.410707969557151,0,-0.02092633955180645,0,0,0,0,0,0,0,0.05859375,,
2.6311750000000464,,,,,-0.0625,0.013671875,-0.970703125,0.0001282806778517686,0.41172941720121425,0,-0.024857955053448677,0,0,0,0,0,0,0,0.05859375,,
2.653429999999935,,,,,-0.0625,0.015625,-0.970703125,0.00024379655793384922,0.41675063877782015,0,-0.030517578125,0,0,0,0,0,0,0,0.05859375,,
2.67525,,,,,-0.0625,0.013671875,-0.96875,0.00026278172885615877,0.4146324789264468,0,-0.023193359375,0,0,0,0,0,0,0,0.05859375,,
2.7097449999999954,,,,,-0.0625,0.015625,-0.970703125,0.00033459146717344584,0.41158964015518457,0,-0.01116071455180645,0,0,0,0,0,0,0,0.05859375,,
2.7317700000000187,,,,,-0.0625,0.013671875,-0.970703125,0.0002624659737125235,0.41852822648050186,0,-0.02522786520421505,0,0,0,0,0,0,0,0.05859375,,
2.755969999999972,,,,,-0.0625,0.013671875,-0.970703125,0.00017540885274514218,0.419567683859342,0,-0.0223214291036129,0,0,0,0,0,0,0,0.05859375,,
2.77829999999993,,,,,-0.0625,0.015625,-0.970703125,0.00020550298746149944,0.41622378683509276,0,-0.0244140625,0,0,0,0,0,0,0,0.05859375,,
2.8014849999999862,,,,,-0.0625,0.013671875,-0.97265625,0.0002821770479619471,0.4158474640188589,0,-0.02685546875,0,0,0,0,0,0,0,0.05859375,,
2.823909999999916,,,,,-0.0625,0.015625,-0.97265625,0.00025911555038282745,0.41347125423635384,0,-0.037841796875,0,0,0,0,0,0,0,0.05859375,,
2.849484999999986,,,,,-0.0625,0.013671875,-0.970703125,0.00024441569834545167,0.41580445569700364,0,-0.03069196455180645,0,0,0,0,0,0,0,0.05859375,,
2.8749649999999676,,,,,-0.0625,0.015625,-0.970703125,0.00021398100112357733,0.4170516970308072,0,-0.02387152798473835,0,0,0,0,0,0,0,0.05859375,,
2.8989649999999676,,,,,-0.0625,0.015625,-0.96875,0.00013266443093760881,0.41612701811091835,0,-0.023193359375,0,0,0,0,0,0,0,0.05859375,,
2.9246300000000045,,,,,-0.0625,0.015625,-0.97265625,0.0002293909563480958,0.4198472379514015,0,-0.028076171875,0,0,0,0,0,0,0,0.05859375,,
2.9497149999999674,,,,,-0.0625,0.015625,-0.97265625,0.0001367973933497008,0.4198902462732568,0,-0.0303819440305233,0,0,0,0,0,0,0,0.05859375,,
2.974534999999916,,,,,-0.0625,0.015625,-0.970703125,0.00038002311916033904,0.4190408319166147,0,-0.01953125,0,0,0,0,0,0,0,0.05859375,,
2.9998349999999627,,,,,-0.0625,0.015625,-0.970703125,0.0003744615140595519,0.4216535874693239,0,-0.0271267369389534,0,0,0,0,0,0,0,0.05859375,,
3.025989999999991,,,,,-0.0625,0.015625,-0.970703125,0.00025205774309503497,0.41711620951359013,0,-0.018310546875,0,0,0,0,0,0,0,0.05859375,,
3.051474999999977,,,,,-0.0625,0.013671875,-0.97265625,0.000255944072733757,0.41099827572967423,0,-0.0336371511220932,0,0,0,0,0,0,0,0.05859375,,
3.073935000000056,,,,,-0.0625,0.013671875,-0.970703125,0.0002907460243995653,0.4129766585350179,0,-0.020751953125,0,0,0,0,0,0,0,0.05859375,,
3.099929999999935,,,,,-0.0625,0.013671875,-0.970703125,0.00019413135350114234,0.41305192309826466,0,-0.028076171875,0,0,0,0,0,0,0,0.05859375,,
3.1245299999999117,,,,,-0.0625,0.015625,-0.97265625,0.00013157327242368196,0.41506256214499976,0,-0.02387152798473835,0,0,0,0,0,0,0,0.05859375,,
3.148780000000028,,,,,-0.0625,0.015625,-0.970703125,0.0001512814873163032,0.4199655108365035,0,-0.032958984375,0,0,0,0,0,0,0,0.05859375,,
3.1741949999999486,,,,,-0.0625,0.013671875,-0.970703125,0.00019263254171864386,0.4225137539064298,0,-0.02197265625,0,0,0,0,0,0,0,0.05859375,,
3.2007449999999955,,,,,-0.0625,0.015625,-0.970703125,0.00024290774631904898,0.4227825559180254,0,-0.03662109375,0,0,0,0,0,0,0,0.05859375,,
3.224030000000028,,,,,-0.0625,0.015625,-0.97265625,0.0003639108970214464,0.42169659579117924,0,-0.029296875,0,0,0,0,0,0,0,0.05859375,,
3.249829999999958,,,,,-0.0625,0.015625,-0.970703125,0.00036421679177139085,0.42025581700902676,0,-0.0320870541036129,0,0,0,0,0,0,0,0.05859375,,
3.2755100000000095,,,,,-0.0625,0.013671875,-0.970703125,0.0001534101355454822,0.41662161381225427,0,-0.0282118059694767,0,0,0,0,0,0,0,0.05859375,,
3.299289999999921,,,,,-0.0625,0.013671875,-0.97265625,0.0002656350915274097,0.4162775472374119,0,-0.0271267369389534,0,0,0,0,0,0,0,0.05859375,,
3.3243749999998835,,,,,-0.0625,0.013671875,-0.97265625,0.000025247396577799212,0.41492278509897007,0,-0.0362723208963871,0,0,0,0,0,0,0,0.05859375,,
3.351859999999986,,,,,-0.0625,0.013671875,-0.97265625,0.00008027803415268585,0.41557866200726334,0,-0.0173611119389534,0,0,0,0,0,0,0,0.05859375,,
3.3765599999999396,,,,,-0.0625,0.013671875,-0.970703125,0.0002059046993305684,0.4156754307314377,0,-0.0173611119389534,0,0,0,0,0,0,0,0.05859375,,
3.4014649999999675,,,,,-0.0625,0.015625,-0.970703125,0.0002162965589005848,0.4125788315578564,0,-0.025634765625,0,0,0,0,0,0,0,0.05859375,,
3.424140000000014,,,,,-0.0625,0.013671875,-0.97265625,0.0001487289148845964,0.4163098034788033,0,-0.0303819440305233,0,0,0,0,0,0,0,0.05859375,,
3.4525599999999397,,,,,-0.0625,0.013671875,-0.97265625,0.0002592236043556266,0.4173527552837943,0,-0.01813616044819355,0,0,0,0,0,0,0,0.05859375,,
3.4762949999999253,,,,,-0.0625,0.013671875,-0.970703125,0.00018772855281058536,0.4202235607676353,0,-0.01953125,0,0,0,0,0,0,0,0.05859375,,
3.5045699999999487,,,,,-0.0625,0.013671875,-0.970703125,0.0001668002170689148,0.4235567057114208,0,-0.02685546875,0,0,0,0,0,0,0,0.05859375,,
3.5286450000000187,,,,,-0.0625,0.015625,-0.96875,0.00014443113103253062,0.41796562387023223,0,-0.03125,0,0,0,0,0,0,0,0.05859375,,
3.5564949999999955,,,,,-0.0625,0.015625,-0.970703125,0.00016271937680383455,0.41542813288076974,0,-0.02197265625,0,0,0,0,0,0,0,0.05859375,,
3.577444999999949,,,,,-0.0625,0.013671875,-0.970703125,0.00011694075217666607,0.4153206120761315,0,-0.0217013880610466,0,0,0,0,0,0,0,0.05859375,,
3.6055899999999674,,,,,-0.0625,0.013671875,-0.97265625,0.00012167849556546973,0.4112455735803422,0,-0.02790178544819355,0,0,0,0,0,0,0,0.05859375,,
3.6275449999999254,,,,,-0.0625,0.013671875,-0.97265625,0.00021906690809642775,0.41859999661759784,0,-0.017578125,0,0,0,0,0,0,0,0.05859375,,
3.6508099999999395,,,,,-0.0625,0.015625,-0.970703125,0.00028212764843779263,0.4177720864218834,0,-0.02604166604578495,0,0,0,0,0,0,0,0.05859375,,
3.6769799999999813,,,,,-0.0625,0.013671875,-0.97265625,0.00031230633579493205,0.41032089466045335,0,-0.02197265625,0,0,0,0,0,0,0,0.05859375,,
3.702234999999986,,,,,-0.0625,0.013671875,-0.970703125,0.0002701005449780113,0.4106972174766872,0,-0.0434027761220932,0,0,0,0,0,0,0,0.05859375,,
3.7242550000000048,,,,,-0.0625,0.015625,-0.97265625,0.00024994595835516466,0.41405186658140025,0,-0.0341796875,0,0,0,0,0,0,0,0.05859375,,
3.7527149999999674,,,,,-0.0625,0.013671875,-0.970703125,0.0004095700660580211,0.41391208953537056,0,-0.025634765625,0,0,0,0,0,0,0,0.05859375,,
3.778719999999972,,,,,-0.0625,0.013671875,-0.970703125,0.00036271903379321156,0.4162917937440265,0,-0.02387152798473835,0,0,0,0,0,0,0,0.05859375,,
3.802129999999888,,,,,-0.0625,0.013671875,-0.970703125,0.00032156083576576126,0.4158474640188589,0,-0.021484375,0,0,0,0,0,0,0,0.05859375,,
3.8240999999999765,,,,,-0.0625,0.015625,-0.96875,0.000232401172474659,0.41336373343171556,0,-0.03069196455180645,0,0,0,0,0,0,0,0.05859375,,
3.850564999999944,,,,,-0.0625,0.015625,-0.970703125,0.00015445486149186165,0.4116541526379675,0,-0.0265066958963871,0,0,0,0,0,0,0,0.05859375,,
3.8768249999999536,,,,,-0.0625,0.015625,-0.97265625,0.00018590223398632472,0.41381532081119615,0,-0.0173611119389534,0,0,0,0,0,0,0,0.05859375,,
3.9029250000000464,,,,,-0.0625,0.013671875,-0.970703125,0.00005161289783291544,0.4119874671323461,0,-0.0336371511220932,0,0,0,0,0,0,0,0.05859375,,
3.930099999999977,,,,,-0.0625,0.013671875,-0.970703125,0.00019391940345592264,0.41413788322511086,0,-0.02387152798473835,0,0,0,0,0,0,0,0.05859375,,
3.952649999999907,,,,,-0.0625,0.015625,-0.970703125,0.00019481426241680795,0.419567683859342,0,-0.025390625,0,0,0,0,0,0,0,0.05859375,,
3.9739949999999955,,,,,-0.0625,0.015625,-0.970703125,0.00021099927781206745,0.41680439918013923,0,-0.0244140625,0,0,0,0,0,0,0,0.05859375,,
3.9991699999999253,,,,,-0.0625,0.015625,-0.970703125,0.00022553739793845838,0.4151378267082465,0,-0.02790178544819355,0,0,0,0,0,0,0,0.05859375,,
4.025029999999911,,,,,-0.0625,0.015625,-0.97265625,0.00007981469339207651,0.4148582726161871,0,-0.0184461809694767,0,0,0,0,0,0,0,0.05859375,,
4.049364999999991,,,,,-0.0625,0.013671875,-0.970703125,0.00021063045019944707,0.41478300805294027,0,-0.029296875,0,0,0,0,0,0,0,0.05859375,,
4.074064999999944,,,,,-0.0625,0.01171875,-0.97265625,0.00029102436711141177,0.41327771678800496,0,-0.029296875,0,0,0,0,0,0,0,0.05859375,,
4.099669999999925,,,,,-0.0625,0.015625,-0.970703125,0.00015413330168266876,0.41212724417837576,0,-0.023193359375,0,0,0,0,0,0,0,0.05859375,,
4.124229999999865,,,,,-0.0625,0.013671875,-0.970703125,0.00010346873509423332,0.4166108617317904,0,-0.0184461809694767,0,0,0,0,0,0,0,0.05859375,,
4.1492599999998925,,,,,-0.0625,0.015625,-0.970703125,0.00022774299772988996,0.4213095208944815,0,-0.02685546875,0,0,0,0,0,0,0,0.05859375,,
4.175504999999888,,,,,-0.0625,0.015625,-0.970703125,0.00016193493913622137,0.4165033409271522,0,-0.0244140625,0,0,0,0,0,0,0,0.05859375,,
4.201304999999935,,,,,-0.0625,0.015625,-0.97265625,0.00009499499235989783,0.4129336502131626,0,-0.02387152798473835,0,0,0,0,0,0,0,0.05859375,,
4.22367499999993,,,,,-0.0625,0.013671875,-0.970703125,0.00020769219415209988,0.40971877815447916,0,-0.02387152798473835,0,0,0,0,0,0,0,0.05859375,,
4.252119999999995,,,,,-0.0625,0.015625,-0.970703125,0.00026009022026276754,0.42163208330839624,0,-0.02371651865541935,0,0,0,0,0,0,0,0.05859375,,
4.274675000000046,,,,,-0.0625,0.015625,-0.970703125,0.00030215292615713626,0.419768478962004,0,-0.021484375,0,0,0,0,0,0,0,0.05859375,,
4.300409999999916,,,,,-0.0625,0.015625,-0.96875,0.00021918494503529978,0.418836542387802,0,-0.0320870541036129,0,0,0,0,0,0,0,0.05859375,,
4.3240999999999765,,,,,-0.0625,0.01171875,-0.970703125,0.0002665835133403873,0.4133422292707879,0,-0.0206163190305233,0,0,0,0,0,0,0,0.05859375,,
4.351349999999977,,,,,-0.0625,0.013671875,-0.970703125,0.00028094375113549004,0.41511632254731884,0,-0.025634765625,0,0,0,0,0,0,0,0.05859375,,
4.3751549999999115,,,,,-0.0625,0.015625,-0.970703125,0.00024376093442874376,0.4205676273424777,0,-0.0282118059694767,0,0,0,0,0,0,0,0.05859375,,
4.400249999999883,,,,,-0.0625,0.015625,-0.970703125,0.00021930606944443152,0.419933254595112,0,-0.025634765625,0,0,0,0,0,0,0,0.05859375,,
4.424184999999939,,,,,-0.0625,0.015625,-0.970703125,0.0001597958450387805,0.41946016305470374,0,-0.02197265625,0,0,0,0,0,0,0,0.05859375,,
4.449739999999874,,,,,-0.0625,0.015625,-0.970703125,0.00016666461105801765,0.4192881297672826,0,-0.03662109375,0,0,0,0,0,0,0,0.05859375,,
4.473864999999991,,,,,-0.0625,0.013671875,-0.96875,0.00008100002431867833,0.4152453475128848,0,-0.0314670130610466,0,0,0,0,0,0,0,0.05859375,,
4.501279999999912,,,,,-0.0625,0.015625,-0.97265625,0.00015175600198675702,0.4159119765016418,0,-0.03173828125,0,0,0,0,0,0,0,0.05859375,,
4.525045000000042,,,,,-0.0625,0.015625,-0.96875,0.00019819794735869586,0.4175677968930708,0,-0.01519097201526165,0,0,0,0,0,0,0,0.05859375,,
4.551849999999977,,,,,-0.0625,0.015625,-0.970703125,0.00021763768199189093,0.4166431179731819,0,-0.023193359375,0,0,0,0,0,0,0,0.05859375,,
4.575804999999935,,,,,-0.0625,0.015625,-0.970703125,0.0002462534187875068,0.4194816672156314,0,-0.02604166604578495,0,0,0,0,0,0,0,0.05859375,,
4.600984999999986,,,,,-0.0625,0.015625,-0.970703125,0.0002982220588241326,0.42389002020579925,0,-0.01708984375,0,0,0,0,0,0,0,0.05859375,,
4.623914999999921,,,,,-0.0625,0.013671875,-0.96875,0.00028691112046464937,0.4178796072265217,0,-0.023193359375,0,0,0,0,0,0,0,0.05859375,,
4.651930000000052,,,,,-0.0625,0.013671875,-0.970703125,0.00022288840834598582,0.41507331422546356,0,-0.03173828125,0,0,0,0,0,0,0,0.05859375,,
4.675890000000014,,,,,-0.0625,0.013671875,-0.96875,0.0002931285653398225,0.4161055139499907,0,-0.0401475690305233,0,0,0,0,0,0,0,0.05859375,,
4.7096650000000375,,,,,-0.0625,0.013671875,-0.96875,0.00023604455519868995,0.4169119199847775,0,-0.0282118059694767,0,0,0,0,0,0,0,0.05859375,,
4.731489999999991,,,,,-0.0625,0.015625,-0.970703125,0.00020619467136815937,0.41789761696129857,0,-0.031960226595401764,0,0,0,0,0,0,0,0.05859375,,
4.753125,,,,,-0.0625,0.015625,-0.970703125,0.0001293067568097153,0.4187827819854829,0,-0.020751953125,0,0,0,0,0,0,0,0.05859375,,
4.7741199999999955,,,,,-0.0625,0.015625,-0.970703125,0.00013379062205451085,0.418470971652032,0,-0.01627604104578495,0,0,0,0,0,0,0,0.05859375,,
4.79997499999986,,,,,-0.0625,0.015625,-0.970703125,0.0002923792662217669,0.41580445569700364,0,-0.0265066958963871,0,0,0,0,0,0,0,0.05859375,,
4.82567499999993,,,,,-0.0625,0.015625,-0.970703125,0.00021076962155537022,0.4164065722029777,0,-0.0271267369389534,0,0,0,0,0,0,0,0.05859375,,
4.849994999999879,,,,,-0.0625,0.01171875,-0.970703125,0.00012553513395907807,0.41582595985793125,0,-0.018310546875,0,0,0,0,0,0,0,0.05859375,,
4.874184999999939,,,,,-0.0625,0.015625,-0.970703125,0.00022008100202073821,0.418406459169249,0,-0.029296875,0,0,0,0,0,0,0,0.05859375,,
4.903545000000042,,,,,-0.0625,0.013671875,-0.970703125,0.00016253983314029705,0.41685815958245837,0,-0.032958984375,0,0,0,0,0,0,0,0.05859375,,
4.925509999999893,,,,,-0.0625,0.015625,-0.970703125,0.0000939718857861175,0.4125680794773926,0,-0.0185546875,0,0,0,0,0,0,0,0.05859375,,
4.9512999999999305,,,,,-0.0625,0.015625,-0.970703125,0.00012581276360191935,0.4143959331562426,0,-0.0265066958963871,0,0,0,0,0,0,0,0.05859375,,
4.974434999999939,,,,,-0.0625,0.013671875,-0.96875,0.00021116587361165454,0.41913760064078903,0,-0.0173611119389534,0,0,0,0,0,0,0,0.05859375,,
5.000415000000038,,,,,-0.0625,0.015625,-0.970703125,0.00029775704924498526,0.4138475770525876,0,-0.01953125,0,0,0,0,0,0,0,0.05859375,,
5.024209999999963,,,,,-0.0625,0.013671875,-0.96875,0.00016557879224872996,0.41401961034000884,0,-0.0206163190305233,0,0,0,0,0,0,0,0.05859375,,
5.049679999999935,,,,,-0.0625,0.015625,-0.97265625,0.00010661289589944442,0.41726673864008373,0,-0.01953125,0,0,0,0,0,0,0,0.05859375,,
5.076264999999897,,,,,-0.0625,0.015625,-0.97265625,0.00026350513018758416,0.4212557604921624,0,-0.02495659701526165,0,0,0,0,0,0,0,0.05859375,,
5.101089999999967,,,,,-0.0625,0.015625,-0.970703125,0.00028517930770759626,0.42366422651605895,0,-0.01953125,0,0,0,0,0,0,0,0.05859375,,
5.124274999999907,,,,,-0.0625,0.013671875,-0.970703125,0.0001667786047770972,0.4250512448958923,0,-0.02495659701526165,0,0,0,0,0,0,0,0.05859375,,
5.149569999999949,,,,,-0.0625,0.013671875,-0.970703125,0.00032374208607544784,0.4180838967553343,0,-0.025634765625,0,0,0,0,0,0,0,0.05859375,,
5.1750749999999535,,,,,-0.0625,0.015625,-0.970703125,0.0003136926875961659,0.4190623360775423,0,-0.0341796875,0,0,0,0,0,0,0,0.05859375,,
5.201264999999897,,,,,-0.0625,0.013671875,-0.96875,0.00013084048651460276,0.42184712491767273,0,-0.01953125,0,0,0,0,0,0,0,0.05859375,,
5.224589999999967,,,,,-0.0625,0.013671875,-0.970703125,0.0001570656254700242,0.4169226720652413,0,-0.0244140625,0,0,0,0,0,0,0,0.05859375,,
5.25601000000001,,,,,-0.0625,0.013671875,-0.96875,0.00022565900022235644,0.42186862907860034,0,-0.0244140625,0,0,0,0,0,0,0,0.05859375,,
5.277534999999916,,,,,-0.0625,0.015625,-0.970703125,0.00018125534034569755,0.4151450843625596,0,-0.023082386702299118,0,0,0,0,0,0,0,0.05859375,,
5.300890000000014,,,,,-0.0625,0.015625,-0.970703125,0.00020916963632330835,0.41711620951359013,0,-0.0320870541036129,0,0,0,0,0,0,0,0.05859375,,
5.325479999999981,,,,,-0.0625,0.015625,-0.970703125,0.0003522889502621073,0.4163098034788033,0,-0.02685546875,0,0,0,0,0,0,0,0.05859375,,
5.351339999999968,,,,,-0.0625,0.015625,-0.970703125,0.0003303341707150877,0.4190623360775423,0,-0.028076171875,0,0,0,0,0,0,0,0.05859375,,
5.37425,,,,,-0.0625,0.015625,-0.970703125,0.00019614695627448583,0.4204386023769118,0,-0.0206163190305233,0,0,0,0,0,0,0,0.05859375,,
5.4004599999999625,,,,,-0.0625,0.015625,-0.970703125,0.00020532819260047077,0.4205138669401585,0,-0.03069196455180645,0,0,0,0,0,0,0,0.05859375,,
5.424319999999949,,,,,-0.0625,0.013671875,-0.970703125,0.00021571232143879383,0.4166861262950372,0,-0.0282118059694767,0,0,0,0,0,0,0,0.05859375,,
5.450439999999944,,,,,-0.0625,0.015625,-0.97265625,0.00023359980154554345,0.4150410579840721,0,-0.023193359375,0,0,0,0,0,0,0,0.05859375,,
5.476015000000014,,,,,-0.0625,0.015625,-0.970703125,0.00020059139747491116,0.4180731446748705,0,-0.0173611119389534,0,0,0,0,0,0,0,0.05859375,,
5.500919999999925,,,,,-0.0625,0.013671875,-0.96875,0.00033677402853504935,0.42009453580206935,0,-0.029296875,0,0,0,0,0,0,0,0.05859375,,
5.523964999999968,,,,,-0.0625,0.015625,-0.96875,0.00028356354233019266,0.42234172061900865,0,-0.020751953125,0,0,0,0,0,0,0,0.05859375,,
5.549630000000005,,,,,-0.0625,0.015625,-0.970703125,0.00011163730363391818,0.41667537421457335,0,-0.028076171875,0,0,0,0,0,0,0,0.05859375,,
5.574874999999883,,,,,-0.0625,0.013671875,-0.970703125,0.00013953034468082513,0.41274011276481376,0,-0.0303819440305233,0,0,0,0,0,0,0,0.05859375,,
5.600259999999893,,,,,-0.0625,0.015625,-0.970703125,0.00014350241041781225,0.41560016616819095,0,-0.020751953125,0,0,0,0,0,0,0,0.05859375,,
5.624439999999944,,,,,-0.0625,0.013671875,-0.970703125,0.0003147914542694042,0.41853548413481495,0,-0.0184461809694767,0,0,0,0,0,0,0,0.05859375,,
5.651779999999912,,,,,-0.0625,0.013671875,-0.97265625,0.00031008315944518655,0.4198472379514015,0,-0.02685546875,0,0,0,0,0,0,0,0.05859375,,
5.674289999999921,,,,,-0.0625,0.013671875,-0.97265625,0.0003109310078502421,0.42151381042329417,0,-0.0303819440305233,0,0,0,0,0,0,0,0.05859375,,
5.699795000000042,,,,,-0.0625,0.013671875,-0.970703125,0.00020957883624354314,0.42267503511338717,0,-0.02511160634458065,0,0,0,0,0,0,0,0.05859375,,
5.724515000000014,,,,,-0.0625,0.015625,-0.970703125,0.00012806324930923516,0.4143959331562426,0,-0.02495659701526165,0,0,0,0,0,0,0,0.05859375,,
5.751130000000004,,,,,-0.0625,0.013671875,-0.970703125,0.00018120296637864734,0.4106219529134404,0,-0.0244140625,0,0,0,0,0,0,0,0.05859375,,
5.776079999999958,,,,,-0.0625,0.013671875,-0.970703125,0.0002478567341703559,0.41236378994857986,0,-0.01953125,0,0,0,0,0,0,0,0.05859375,,
5.800944999999949,,,,,-0.0625,0.013671875,-0.96875,0.0003421950361419029,0.4115466318333293,0,-0.01953125,0,0,0,0,0,0,0,0.05859375,,
5.8251149999999905,,,,,-0.0625,0.015625,-0.970703125,0.00035028332296854796,0.41679364709967537,0,-0.035400390625,0,0,0,0,0,0,0,0.05859375,,
5.854204999999958,,,,,-0.0625,0.015625,-0.970703125,0.0002776886765951701,0.4164603326052969,0,-0.030517578125,0,0,0,0,0,0,0,0.05859375,,
5.8761199999998786,,,,,-0.0625,0.013671875,-0.970703125,0.00023743388687037892,0.4099338197637557,0,-0.0302734375,0,0,0,0,0,0,0,0.05859375,,
5.901329999999958,,,,,-0.0625,0.015625,-0.970703125,0.00022623040244205362,0.4158797202602504,0,-0.03069196455180645,0,0,0,0,0,0,0,0.05859375,,
5.924949999999954,,,,,-0.0625,0.015625,-0.97265625,0.00007100822442499253,0.42104071888288597,0,-0.0368923619389534,0,0,0,0,0,0,0,0.05859375,,
5.952479999999982,,,,,-0.0625,0.015625,-0.970703125,0.00011250913124575704,0.41992250251464824,0,-0.028076171875,0,0,0,0,0,0,0,0.05859375,,
5.975775000000024,,,,,-0.0625,0.015625,-0.970703125,0.00009569512006725643,0.4222234477339066,0,-0.02495659701526165,0,0,0,0,0,0,0,0.05859375,,
6.001564999999944,,,,,-0.0625,0.015625,-0.970703125,0.00006865942503042284,0.4235782098723484,0,-0.023193359375,0,0,0,0,0,0,0,0.05859375,,
6.023839999999967,,,,,-0.0625,0.013671875,-0.970703125,0.00011667642067810744,0.4207504127103627,0,-0.028076171875,0,0,0,0,0,0,0,0.05859375,,
6.049260000000009,,,,,-0.0625,0.015625,-0.97265625,0.00014439704875152904,0.41301966685687314,0,-0.025634765625,0,0,0,0,0,0,0,0.05859375,,
6.074064999999944,,,,,-0.0625,0.013671875,-0.970703125,0.00023711659798892858,0.41189069840817166,0,-0.018310546875,0,0,0,0,0,0,0,0.05859375,,
6.099534999999916,,,,,-0.0625,0.015625,-0.970703125,0.00026761874168174896,0.4165463492490075,0,-0.029296875,0,0,0,0,0,0,0,0.05859375,,
6.127409999999916,,,,,-0.0625,0.013671875,-0.97265625,0.0002408466575881799,0.42100846264149444,0,-0.03173828125,0,0,0,0,0,0,0,0.05859375,,
6.150554999999935,,,,,-0.0625,0.015625,-0.97265625,0.00016046854287491587,0.4177720864218834,0,-0.02278645895421505,0,0,0,0,0,0,0,0.05859375,,
6.177559999999939,,,,,-0.0625,0.013671875,-0.97265625,0.0002082073163244069,0.41546038912216127,0,-0.025634765625,0,0,0,0,0,0,0,0.05859375,,
6.202234999999986,,,,,-0.0625,0.015625,-0.970703125,0.0002071068862601901,0.4182989383646108,0,-0.0303819440305233,0,0,0,0,0,0,0,0.05859375,,
6.229729999999865,,,,,-0.0625,0.013671875,-0.97265625,0.00027274929937624496,0.4151808350301018,0,-0.0341796875,0,0,0,0,0,0,0,0.05859375,,
6.252834999999963,,,,,-0.0625,0.015625,-0.970703125,0.00023761140435426487,0.4163958201225139,0,-0.0282118059694767,0,0,0,0,0,0,0,0.05859375,,
6.276339999999967,,,,,-0.0625,0.013671875,-0.970703125,0.00020791496239927251,0.42109447928520505,0,-0.02387152798473835,0,0,0,0,0,0,0,0.05859375,,
6.299940000000061,,,,,-0.0625,0.015625,-0.970703125,0.00022806171274935067,0.41992250251464824,0,-0.02371651865541935,0,0,0,0,0,0,0,0.05859375,,
6.325189999999944,,,,,-0.0625,0.013671875,-0.970703125,0.00020490046785867806,0.41372930416748555,0,-0.028076171875,0,0,0,0,0,0,0,0.05859375,,
6.350599999999977,,,,,-0.0625,0.015625,-0.970703125,0.00010070574429639244,0.4135465187996006,0,-0.0271267369389534,0,0,0,0,0,0,0,0.05859375,,
6.376130000000004,,,,,-0.0625,0.015625,-0.970703125,0.00011184344358602098,0.4173527552837943,0,-0.025634765625,0,0,0,0,0,0,0,0.05859375,,
6.399489999999874,,,,,-0.0625,0.015625,-0.970703125,0.00024378088538831217,0.4175785489735346,0,-0.02278645895421505,0,0,0,0,0,0,0,0.05859375,,
6.425765000000014,,,,,-0.0625,0.013671875,-0.970703125,0.00022753447589024393,0.4150410579840721,0,-0.0146484375,0,0,0,0,0,0,0,0.05859375,,
6.45025,,,,,-0.0625,0.015625,-0.96875,0.0003752203037018439,0.4138905853744429,0,-0.03173828125,0,0,0,0,0,0,0,0.05859375,,
6.4768699999999955,,,,,-0.0625,0.015625,-0.97265625,0.00033896347041988866,0.4212235042507709,0,-0.0282118059694767,0,0,0,0,0,0,0,0.05859375,,
6.4991049999999815,,,,,-0.0625,0.015625,-0.970703125,0.00027069118508827163,0.42267503511338717,0,-0.02387152798473835,0,0,0,0,0,0,0,0.05859375,,
6.524084999999963,,,,,-0.0625,0.015625,-0.970703125,0.00026337616950568396,0.41570768697282917,0,-0.03069196455180645,0,0,0,0,0,0,0,0.05859375,,
6.549395000000018,,,,,-0.0625,0.015625,-0.970703125,0.0003081055545782029,0.41419164362743,0,-0.029296875,0,0,0,0,0,0,0,0.05859375,,
6.574760000000009,,,,,-0.0625,0.013671875,-0.970703125,0.00017577577634498578,0.41793336762884076,0,-0.01953125,0,0,0,0,0,0,0,0.05859375,,
6.599104999999981,,,,,-0.0625,0.015625,-0.97265625,0.00020296893985135049,0.4187505257440914,0,-0.029296875,0,0,0,0,0,0,0,0.05859375,,
6.625464999999967,,,,,-0.0625,0.015625,-0.97265625,0.0003640961377507367,0.41824517796229166,0,-0.03662109375,0,0,0,0,0,0,0,0.05859375,,
6.6497949999999255,,,,,-0.0625,0.015625,-0.970703125,0.00033514339630834106,0.42184712491767273,0,-0.0184461809694767,0,0,0,0,0,0,0,0.05859375,,
6.676074999999954,,,,,-0.0625,0.013671875,-0.97265625,0.000266529365013724,0.4164603326052969,0,-0.0303819440305233,0,0,0,0,0,0,0,0.05859375,,
6.704239999999874,,,,,-0.0625,0.013671875,-0.97265625,0.0001635883671122301,0.4167721429387478,0,-0.025634765625,0,0,0,0,0,0,0,0.05859375,,
6.727714999999967,,,,,-0.0625,0.013671875,-0.97265625,0.00009812432334174078,0.4178365989046664,0,-0.03125,0,0,0,0,0,0,0,0.05859375,,
6.749589999999968,,,,,-0.0625,0.015625,-0.970703125,0.00011927244540139948,0.41721297823776454,0,-0.02511160634458065,0,0,0,0,0,0,0,0.05859375,,
6.775829999999958,,,,,-0.0625,0.015625,-0.97265625,0.00019541903384850156,0.4214815541819027,0,-0.02685546875,0,0,0,0,0,0,0,0.05859375,,
6.80182500000007,,,,,-0.0625,0.015625,-0.970703125,0.0001923406581819872,0.4230836141710125,0,-0.0336371511220932,0,0,0,0,0,0,0,0.05859375,,
6.825239999999991,,,,,-0.0625,0.015625,-0.970703125,0.00014880515337784364,0.4168259033410669,0,-0.030517578125,0,0,0,0,0,0,0,0.05859375,,
6.850454999999958,,,,,-0.0625,0.013671875,-0.97265625,0.0002652179331675315,0.41305192309826466,0,-0.01708984375,0,0,0,0,0,0,0,0.05859375,,
6.874439999999944,,,,,-0.0625,0.015625,-0.970703125,0.000373776581022964,0.4167398866973563,0,-0.0184461809694767,0,0,0,0,0,0,0,0.05859375,,
6.900505000000004,,,,,-0.0625,0.015625,-0.96875,0.0003411016162540855,0.41589047234071425,0,-0.0341796875,0,0,0,0,0,0,0,0.05859375,,
6.924714999999967,,,,,-0.0625,0.015625,-0.970703125,0.0002591017818500671,0.4133529813512517,0,-0.0244140625,0,0,0,0,0,0,0,0.05859375,,
6.950849999999977,,,,,-0.0625,0.015625,-0.96875,0.00019396725467519182,0.4188795507096573,0,-0.02387152798473835,0,0,0,0,0,0,0,0.05859375,,
6.974660000000033,,,,,-0.0625,0.013671875,-0.970703125,0.0002029530246252858,0.4169549283066328,0,-0.029296875,0,0,0,0,0,0,0,0.05859375,,
6.999534999999916,,,,,-0.0625,0.015625,-0.970703125,0.00021633882773468714,0.41625604307648423,0,-0.01953125,0,0,0,0,0,0,0,0.05859375,,
7.025449999999953,,,,,-0.0625,0.013671875,-0.970703125,0.0002924968177995838,0.4234599369872464,0,-0.02495659701526165,0,0,0,0,0,0,0,0.05859375,,
7.049609999999986,,,,,-0.0625,0.013671875,-0.970703125,0.0001571525450257722,0.40915966997036035,0,-0.02685546875,0,0,0,0,0,0,0,0.05859375,,
7.074784999999916,,,,,-0.0625,0.015625,-0.97265625,0.00013096279438121726,0.41313793974197527,0,-0.01953125,0,0,0,0,0,0,0,0.05859375,,
7.102949999999954,,,,,-0.0625,0.013671875,-0.970703125,0.0002370429765774634,0.41340674175357084,0,-0.0184461809694767,0,0,0,0,0,0,0,0.05859375,,
7.126564999999944,,,,,-0.0625,0.013671875,-0.97265625,0.00029220447136073827,0.41360027920191966,0,-0.0217013880610466,0,0,0,0,0,0,0,0.05859375,,
7.152255000000005,,,,,-0.0625,0.013671875,-0.970703125,0.00029877090797505686,0.41963219634212495,0,-0.0244140625,0,0,0,0,0,0,0,0.05859375,,
7.1752600000000095,,,,,-0.0625,0.01953125,-0.984375,-0.0005409994639740361,0.42128801673355387,0,-0.020751953125,0,0,0,0,0,0,0,0.05859375,,
7.203484999999986,,,,,-0.09375,0.044921875,-0.984375,0.0013819984288648097,0.41547114120262507,0,-0.018310546875,0,0,0,0,0,0,0,0.05859375,,
7.2275,,,,,-0.08203125,0.033203125,-0.984375,0.0026582493942798337,0.4136540396042388,0,-0.0244140625,0,0,0,0,0,0,0,0.060546875,,
7.25892499999993,,,,,-0.078125,0.037109375,-1.00390625,-0.002535814696208699,0.42055687526201385,0,-0.029296875,0,0,0,0,0,0,0,0.060546875,,
7.280184999999939,,,,,-0.080078125,0.025390625,-0.9765625,-0.007852559989541794,0.42003002331928646,0,-0.0263671875,0,0,0,0,0,0,0,0.0625,,
7.301165000000037,,,,,-0.09375,0.052734375,-1.00390625,-0.007189637877171249,0.41791186346791315,0,-0.03069196455180645,0,0.31415926536,0,0,0,0,0,0.064453125,,
7.325324999999953,,,,,-0.0625,0.013671875,-0.970703125,-0.006794882157203315,0.4207504127103627,0,-0.029296875,0,0.5235987756,0,0,0,0,0,0.06640625,,
7.357314999999944,,,,,-0.0625,0.04296875,-0.994140625,-0.007386345532144064,0.4163635638811225,0,-0.030517578125,0,0.5235987756,0,0,0,0,0,0.068359375,,
7.378790000000037,,,,,-0.087890625,0,-0.96875,-0.007712061159466566,0.41551414952448035,0,-0.022194601595401764,0,0.5235987756,0,0,0,0,0,0.07421875,,
7.399964999999967,,,,,-0.0625,0.01953125,-0.974609375,-0.008137529446921013,0.40863281802763296,0,-0.0223214291036129,0,0.5235987756,0,0,0,0,0,0.076171875,,
7.425954999999958,,,,,-0.09375,0.0078125,-0.943359375,-0.008340865052719101,0.4143851810757788,0,-0.029296875,0,0.5235987756,0,0,0,0,0,0.080078125,,
7.4494749999999765,,,,,-0.07421875,-0.01171875,-1.01171875,-0.009684805249461435,0.40925643869453476,0,-0.02387152798473835,0,0.5235987756,0,0,0,0,0,0.08203125,,
7.477349999999976,,,,,-0.0859375,0.021484375,-1.015625,-0.009267518598924275,0.40542869804941345,0,-0.018310546875,0,0.5235987756,0,0,0,0,0,0.083984375,,
7.499634999999893,,,,,-0.0625,0.033203125,-0.984375,-0.009715259669934929,0.405084631474571,0,-0.0314670130610466,0,0.5235987756,0,0,0,0,0,0.0859375,,
7.524834999999963,,,,,-0.0625,0.037109375,-1.001953125,-0.010143225648025278,0.3984075895065363,0,-0.02511160634458065,0,0.5235987756,0,0,0,0,0,0.0859375,,
7.5494849999999865,,,,,-0.07421875,0.03515625,-1.001953125,-0.01046614620935855,0.3991459886323894,0,-0.029296875,0,0.5235987756,0,0,0,0,0,0.0859375,,
7.57456500000006,,,,,-0.099609375,0.025390625,-1.00390625,-0.010208127196278956,0.4026869175311383,0,-0.0303819440305233,0,0.5235987756,0,0,0,0,0,0.08984375,,
7.6015299999999115,,,,,-0.0859375,0.05078125,-0.998046875,-0.009459507285496662,0.39577332979289936,0,-0.029296875,0,0.5235987756,0,0,0,0,0,0.09375,,
7.624499999999884,,,,,-0.07421875,0.009765625,-0.990234375,-0.00888465344311456,0.3904152992957643,0,-0.023193359375,0,0.5235987756,0,0,0,0,0,0.095703125,,
7.6499450000000655,,,,,-0.07421875,0.029296875,-0.9765625,-0.009056771302729728,0.38403205792640355,0,-0.028076171875,0,30.99704751552,0,0,0,0,0,0.09375,,
7.676065000000061,,,,,-0.07421875,0.013671875,-0.95703125,-0.00946020735331371,0.3823224771326555,0,-0.0184461809694767,0,36.233035271519995,0,0,0,0,0,0.095703125,,
7.700944999999948,,,,,-0.0859375,0.01171875,-0.974609375,-0.010053295473138912,0.38329016437439967,0,-0.02197265625,0,37.07079331248,0,0,0,0,0,0.095703125,,
7.724265000000014,,,,,-0.0859375,0.060546875,-0.974609375,-0.010389234466052132,0.37400036685365573,0,-0.025634765625,0,45.029494701599994,0,0,0,0,0,0.09765625,,
7.7506049999999815,,,,,-0.07421875,-0.0078125,-0.98046875,-0.008880110385656044,0.3607538037222245,0,-0.023193359375,0,59.271381397919995,0,0,0,0,0,0.09765625,,
7.7762099999999625,,,,,-0.07421875,0.03125,-0.96875,-0.008770994104113675,0.36014093513578654,0,-0.0282118059694767,0,61.784655520799994,0,0,0,0,0,0.099609375,,
7.800864999999991,,,,,-0.0625,-0.005859375,-0.986328125,-0.00821750660026566,0.34158633868137694,0,-0.0341796875,0,65.9734457256,0,0,0,0,0,0.099609375,,
7.824839999999967,,,,,-0.099609375,0.03125,-0.9765625,-0.006790156968944634,0.3468083553606447,0,-0.0244140625,0,74.3510261352,0,0,0,0,0,0.099609375,,
7.8514199999999255,,,,,-0.07421875,0.03515625,-1.005859375,-0.0061839300960348275,0.34445364973906717,0,-0.018310546875,0,75.71238295175999,0,0,0,0,0,0.1015625,,
7.8770700000000655,,,,,-0.05078125,0.01171875,-0.984375,-0.005700503213408906,0.34422785604932693,0,-0.02604166604578495,0,80.1106126668,0,0,0,0,0,0.1015625,,
7.899905000000028,,,,,-0.09375,0.03125,-1.01953125,-0.006158256173145297,0.33276264384873977,0,-0.0325520820915699,0,84.08996336135999,0,0,0,0,0,0.1015625,,
7.92725,,,,,-0.0625,0.013671875,-1,-0.006436130796052473,0.3344219586663194,0,-0.02790178544819355,0,84.71828189208,0,0,0,0,0,0.103515625,,
7.950349999999977,,,,,-0.072265625,0.05078125,-0.958984375,-0.00488659603332585,0.3252719381916051,0,-0.02495659701526165,0,88.4881930764,0,0,0,0,0,0.10546875,,
7.974625,,,,,-0.078125,0.033203125,-0.953125,-0.004128481505802716,0.3293362246069306,0,-0.023193359375,0,90.16370915831999,0,0,0,0,0,0.107421875,,
7.999614999999991,,,,,-0.0859375,0.0234375,-1.001953125,-0.004591045524649251,0.33046519305563216,0,-0.015869140625,0,90.47786842368,0,0,0,0,0,0.107421875,,
8.025344999999856,,,,,-0.0625,0.01171875,-1.01953125,-0.004482606795286601,0.3151112221532914,0,-0.01953125,0,93.93362034264,0,0,0,0,0,0.109375,,
8.052204999999958,,,,,-0.048828125,0.0390625,-1.0078125,-0.004894724367430406,0.31325111223304986,0,-0.02278645895421505,0,94.56193887335999,0,0,0,0,0,0.109375,,
8.081109999999986,,,,,-0.072265625,-0.015625,-1.013671875,-0.004770029958345094,0.31644797455695634,0,-0.018310546875,0,96.13273520016,0,0,0,0,0,0.109375,,
8.102519999999902,,,,,-0.08203125,0.0703125,-0.994140625,-0.004776034133311145,0.31735840697023066,0,-0.02734375,0,97.59881177183999,0,0,0,0,0,0.109375,,
8.126229999999982,,,,,-0.08203125,0.029296875,-1.052734375,-0.004629580418135487,0.31540152832581464,0,-0.02092633955180645,0,98.22713030256,0,0,0,0,0,0.109375,,
8.149124999999884,,,,,-0.0859375,0.041015625,-1.009765625,-0.004322695317655358,0.29846700159529177,0,-0.0244140625,0,100.32152540496,0,0,0,0,0,0.111328125,,
8.174294999999926,,,,,-0.0625,0.01171875,-0.96484375,-0.0052758123687457765,0.2946500130306342,0,-0.01953125,0,100.74040442543999,0,0,0,0,0,0.111328125,,
8.19926000000001,,,,,-0.07421875,0.03515625,-0.974609375,-0.004689125567949815,0.3054451018163136,0,-0.029296875,0,102.31120075224,0,0,0,0,0,0.11328125,,
8.22503999999992,,,,,-0.0859375,0.00390625,-0.97265625,-0.004466528703138205,0.2918114637881847,0,-0.030517578125,0,103.1489587932,0,0,0,0,0,0.11328125,,
8.254885000000009,,,,,-0.0625,0.0390625,-0.9921875,-0.004710670382103574,0.29194048875375056,0,-0.028076171875,0,104.40559585464,0,0,0,0,0,0.111328125,,
8.278939999999944,,,,,-0.072265625,0.015625,-0.962890625,-0.004305378974628912,0.2905212141325258,0,-0.033203125,0,105.66223291608,0,0,0,0,0,0.111328125,,
8.300520000000018,,,,,-0.099609375,0.056640625,-0.984375,-0.003926083344937523,0.2924350844550864,0,-0.0244140625,0,106.18583169168,0,0,0,0,0,0.109375,,
8.32468499999994,,,,,-0.078125,-0.01171875,-0.95703125,-0.004821386171003239,0.29135987640870403,0,-0.0223214291036129,0,108.07078728383999,0,0,0,0,0,0.109375,,
8.35303999999992,,,,,-0.0625,0.046875,-0.9921875,-0.00500546626725758,0.2904782058106705,0,-0.02685546875,0,108.3849465492,0,0,0,0,0,0.109375,,
8.377509999999893,,,,,-0.072265625,0.04296875,-0.99609375,-0.0049002528207490945,0.28887964024771146,0,-0.02387152798473835,0,109.95574287599999,0,0,0,0,0,0.109375,,
8.401679999999935,,,,,-0.0625,0.021484375,-0.998046875,-0.004132724540880971,0.28443553659000137,0,-0.0390625,0,110.37462189648,0,0,0,0,0,0.107421875,,
8.429104999999982,,,,,-0.0625,0.025390625,-0.978515625,-0.004272006096222579,0.28770416905100393,0,-0.02685546875,0,111.73597871304,0,0,0,0,0,0.107421875,,
8.45807500000007,,,,,-0.072265625,0.048828125,-0.994140625,-0.005440448511843202,0.28768266489007627,0,-0.029296875,0,112.36429724375999,0,0,0,0,0,0.107421875,,
8.480089999999967,,,,,-0.072265625,0.025390625,-0.978515625,-0.003965978249530803,0.2882847813960504,0,-0.021484375,0,113.6209343052,0,0,0,0,0,0.10546875,,
8.501859999999986,,,,,-0.078125,0.02734375,-0.982421875,-0.0047554210694107845,0.2863709110734897,0,-0.0334821417927742,0,114.35397259103999,0,0,0,0,0,0.10546875,,
8.526904999999912,,,,,-0.07421875,0.02734375,-0.970703125,-0.004824255561927918,0.2800486877607612,0,-0.0362723208963871,0,115.29645038711999,0,0,0,0,0,0.10546875,,
8.550089999999967,,,,,-0.078125,0.029296875,-1.01171875,-0.004771637832581472,0.27800579247263457,0,-0.020751953125,0,116.44836769343999,0,0,0,0,0,0.103515625,,
8.574574999999953,,,,,-0.07421875,0.0234375,-0.98828125,-0.00446499358472675,0.27507047450601063,0,-0.030517578125,0,116.97196646904,0,0,0,0,0,0.103515625,,
8.600409999999917,,,,,-0.037109375,0.046875,-1.01171875,-0.004699721025986073,0.2693181114578648,0,-0.023193359375,0,118.33332328559999,0,0,0,0,0,0.10546875,,
8.625844999999972,,,,,-0.099609375,0.03515625,-0.978515625,-0.008409239620094879,0.2658451894680496,0,-0.02604166604578495,0,118.75220230608,0,0,0,0,0,0.107421875,,
8.64923999999999,,,,,-0.125,-0.046875,-0.96875,-0.006343245401515936,0.26406034411105483,0,-0.01708984375,0,120.74187765335999,0,0,0,0,0,0.11328125,,
8.675400000000023,,,,,-0.07421875,0.03125,-1.0546875,-0.00767737907931708,0.26322168183487654,0,-0.025634765625,0,121.05603691872,0,0,0,0,0,0.125,,
8.70110499999998,,,,,-0.0625,0.0390625,-0.9375,-0.005043319259981704,0.25944770159207425,0,-0.018310546875,0,123.46459128647999,0,0,0,0,0,0.134765625,,
8.724925000000047,,,,,-0.041015625,0.025390625,-0.9453125,-0.007031558377998575,0.2509965663475086,0,-0.0282118059694767,0,124.40706908256,0,0,0,0,0,0.1484375,,
8.750494999999995,,,,,0,0.15625,-0.994140625,-0.004628939180071012,0.24396470572416765,0,-0.023193359375,0,126.08258516448,0,0,0,0,0,0.16015625,,
8.776204999999958,,,,,-0.037109375,0.064453125,-1.0546875,-0.007142234780285314,0.23742744080216266,0,-0.03173828125,0,126.81562345031999,0,0,0,0,0,0.1640625,,
8.800819999999948,,,,,-0.11328125,-0.0078125,-0.939453125,-0.006126188984601669,0.2438786890804571,0,-0.011935763992369175,0,128.59585928735999,0,0,0,0,0,0.169921875,,
8.82669499999995,,,,,-0.0234375,0.048828125,-1.017578125,-0.0060674817151989,0.2453194678626095,0,-0.023193359375,0,129.8524963488,0,0,0,0,0,0.173828125,,
8.85030999999994,,,,,-0.0625,0.044921875,-1.013671875,-0.00571639853218402,0.2401262129985825,0,-0.01953125,0,131.00441365512,0,0,0,0,0,0.173828125,,
8.875275000000023,,,,,-0.13671875,0.00390625,-0.94140625,-0.006685851596786633,0.23584688497398051,0,-0.01953125,0,132.05161120632,0,0,0,0,0,0.173828125,,
8.903645000000019,,,,,-0.048828125,0.0703125,-0.9921875,-0.005932775122630827,0.23376098136399864,0,-0.02197265625,0,133.09880875752,0,0,0,0,0,0.171875,,
8.930130000000005,,,,,-0.14453125,0.013671875,-0.970703125,-0.00537697910186039,0.2322234338576718,0,-0.02387152798473835,0,134.35544581896,0,0,0,0,0,0.169921875,,
8.951889999999898,,,,,-0.048828125,0.046875,-0.98046875,-0.006828357217212767,0.23710487838824792,0,-0.02604166604578495,0,135.0884841048,0,0,0,0,0,0.16796875,,
8.976834999999962,,,,,-0.03125,0.013671875,-1.015625,-0.004317419913998053,0.24106164399893518,0,-0.03069196455180645,0,136.55456067647998,0,0,0,0,0,0.1640625,,
8.999439999999945,,,,,0.009765625,0.033203125,-0.9921875,-0.006759753108993912,0.21405241787380916,0,-0.02197265625,0,136.97343969695999,0,0,0,0,0,0.162109375,,
9.024559999999939,,,,,-0.015625,0.033203125,-1.017578125,-0.006736419108008185,0.2337502292835348,0,-0.01708984375,0,138.33479651352,0,0,0,0,0,0.158203125,,
9.049459999999963,,,,,-0.099609375,-0.013671875,-0.99609375,-0.0043764410747548855,0.21342879720690738,0,-0.0244140625,0,138.64895577887998,0,0,0,0,0,0.15625,,
9.075709999999964,,,,,-0.162109375,0.017578125,-0.97265625,-0.005308170354690331,0.21841776254212172,0,-0.030517578125,0,139.90559284032,0,0,0,0,0,0.15625,,
9.10061499999999,,,,,-0.0234375,0.033203125,-0.9921875,-0.006994980620321784,0.21377286378174973,0,-0.0336371511220932,0,140.74335088127998,0,0,0,0,0,0.154296875,,
9.124505000000005,,,,,-0.125,0.005859375,-0.990234375,-0.005173266619441539,0.20390245391595926,0,-0.02685546875,0,141.47638916712,0,0,0,0,0,0.154296875,,
9.149699999999953,,,,,-0.078125,-0.025390625,-1.001953125,-0.005377415596165618,0.20176278990365826,0,-0.025634765625,0,142.62830647344,0,0,0,0,0,0.15234375,,
9.174694999999948,,,,,-0.07421875,0.013671875,-1.01171875,-0.006924154664241914,0.20906345253859482,0,-0.028076171875,0,143.04718549391998,0,0,0,0,0,0.154296875,,
9.200039999999921,,,,,-0.0859375,0.0625,-0.98046875,-0.006122050012680443,0.20863336932004187,0,-0.02387152798473835,0,144.19910280023998,0,0,0,0,0,0.154296875,,
9.224459999999963,,,,,-0.0625,0.017578125,-1.013671875,-0.006280970087328634,0.18257032627573236,0,-0.01708984375,0,144.82742133096,0,0,0,0,0,0.15234375,,
9.250264999999898,,,,,-0.099609375,0.052734375,-0.998046875,-0.007604369080541815,0.1928278110382205,0,-0.029296875,0,145.97933863728,0,0,0,0,0,0.15234375,,
9.276349999999976,,,,,-0.0625,0.052734375,-0.97265625,-0.0077333345917221605,0.20067682977681203,0,-0.030517578125,0,147.02653618847998,0,0,0,0,0,0.15234375,,
9.300469999999972,,,,,-0.0625,0.01953125,-0.99609375,-0.006347413298881725,0.1954620707518574,0,-0.0173611119389534,0,147.96901398455998,0,0,0,0,0,0.15234375,,
9.326234999999986,,,,,-0.09375,0.0234375,-0.96875,-0.004955020508045701,0.18239829298831117,0,-0.03173828125,0,149.33037080111998,0,0,0,0,0,0.15234375,,
9.349589999999967,,,,,-0.07421875,0.041015625,-0.98828125,-0.006681014736806106,0.16996888797213056,0,-0.0206163190305233,0,149.95868933184,0,0,0,0,0,0.150390625,,
9.375219999999855,,,,,-0.0859375,0.01171875,-1.0078125,-0.0075972205606452976,0.1914945530607063,0,-0.0334821417927742,0,150.90116712792,0,0,0,0,0,0.150390625,,
9.405784999999916,,,,,-0.07421875,0.03125,-0.962890625,-0.0072023380790927904,0.18964519522092857,0,-0.01953125,0,151.843644924,0,0,0,0,0,0.150390625,,
9.427744999999994,,,,,-0.11328125,0.017578125,-1.015625,-0.005885139949436175,0.18062769413793095,0,-0.02278645895421505,0,152.47196345472,0,0,0,0,0,0.150390625,,
9.454569999999949,,,,,-0.046875,0.05078125,-0.96484375,-0.005041269369678275,0.17611907799743792,0,-0.020751953125,0,153.51916100591998,0,0,0,0,0,0.150390625,,
9.476319999999948,,,,,-0.0625,0.041015625,-1.0234375,-0.0061683291580975335,0.1507656722637408,0,-0.0244140625,0,154.35691904688,0,0,0,0,0,0.1484375,,
9.499179999999935,,,,,-0.078125,0.009765625,-1.017578125,-0.007085326460458924,0.1496474558955031,0,-0.02197265625,0,154.88051782248,0,0,0,0,0,0.150390625,,
9.526584999999963,,,,,-0.111328125,0.0078125,-0.984375,-0.007647180683680899,0.15948560951990212,0,-0.0334821417927742,0,155.92771537368,0,0,0,0,0,0.15234375,,
9.552050000000047,,,,,-0.0625,0.03125,-0.9921875,-0.007470925711239549,0.17044197951253884,0,-0.0217013880610466,0,156.55603390439998,0,0,0,0,0,0.15234375,,
9.582094999999972,,,,,-0.078125,0.046875,-1.02734375,-0.007910697798169086,0.18536586719632658,0,-0.0206163190305233,0,157.28907219023998,0,0,0,0,0,0.15234375,,
9.604859999999986,,,,,-0.080078125,0.048828125,-0.98046875,-0.006899273370267624,0.17493634914641726,0,-0.0206163190305233,0,158.33626974144,0,0,0,0,0,0.15234375,,
9.626535000000032,,,,,-0.09375,-0.03125,-0.955078125,-0.0054711906497336505,0.15250750929888032,0,-0.018310546875,0,158.85986851703998,0,0,0,0,0,0.15234375,,
9.650400000000023,,,,,-0.07421875,0.05078125,-1.021484375,-0.005741008543640629,0.15250750929888032,0,-0.03069196455180645,0,159.697626558,0,0,0,0,0,0.154296875,,
9.67480500000005,,,,,-0.078125,-0.001953125,-0.95703125,-0.006994152337628756,0.12930451965794804,0,-0.02197265625,0,160.43066484384,0,0,0,0,0,0.154296875,,
9.699544999999926,,,,,-0.0625,-0.009765625,-0.982421875,-0.006904238495952912,0.124111264793921,0,-0.02685546875,0,160.95426361943998,0,0,0,0,0,0.154296875,,
9.727089999999967,,,,,-0.048828125,0.0390625,-1.01953125,-0.006814324654277066,0.12195009662069235,0,-0.020751953125,0,162.10618092576,0,0,0,0,0,0.15625,,
9.751114999999874,,,,,-0.09375,0.072265625,-0.970703125,-0.007150346000733743,0.12498218331149075,0,-0.0217013880610466,0,162.62977970135998,0,0,0,0,0,0.158203125,,
9.776364999999991,,,,,-0.078125,0.01953125,-0.9921875,-0.007851913412505714,0.12724012020889378,0,-0.029296875,0,163.25809823208,0,0,0,0,0,0.158203125,,
9.802964999999967,,,,,-0.099609375,0.03125,-0.966796875,-0.008406459022793569,0.1255950518979287,0,-0.02387152798473835,0,164.20057602816,0,0,0,0,0,0.16015625,,
9.826820000000065,,,,,-0.08203125,0.037109375,-1.00390625,-0.008760379303378814,0.12394998358696363,0,-0.028076171875,0,164.82889455888,0,0,0,0,0,0.158203125,,
9.850875,,,,,-0.0625,0.02734375,-1.001953125,-0.00813937469357871,0.11278932406551427,0,-0.032958984375,0,165.4572130896,0,0,0,0,0,0.16015625,,
9.882035000000032,,,,,-0.07421875,0.01171875,-0.986328125,-0.007833767585564417,0.11746647906727774,0,-0.035400390625,0,166.39969088568,0,0,0,0,0,0.16015625,,
9.903455000000074,,,,,-0.03125,-0.009765625,-1.013671875,-0.007528160477550125,0.12214363406904119,0,-0.025390625,0,167.02800941639998,0,0,0,0,0,0.162109375,,
9.929859999999985,,,,,-0.078125,0.0390625,-1.005859375,-0.009242330039585338,0.11911154737824281,0,-0.01813616044819355,0,167.551608192,0,0,0,0,0,0.1640625,,
9.952754999999888,,,,,-0.099609375,0.046875,-0.9765625,-0.008913402799559121,0.11940185355076607,0,-0.0336371511220932,0,168.70352549831998,0,0,0,0,0,0.166015625,,
9.978074999999954,,,,,-0.0625,-0.00390625,-0.97265625,-0.008660627617337808,0.11969215972328931,0,-0.02685546875,0,169.54128353928,0,0,0,0,0,0.166015625,,
9.999594999999973,,,,,-0.099609375,0.029296875,-0.98046875,-0.008549505678556724,0.11085394958202595,0,-0.020751953125,0,170.37904158024,0,0,0,0,0,0.169921875,,
10.02461499999999,,,,,-0.015625,0.029296875,-1.02734375,-0.00841244668381761,0.09383340620779247,0,-0.02511160634458065,0,171.32151937632,0,0,0,0,0,0.169921875,,
10.051594999999972,,,,,-0.07421875,0.02734375,-0.98828125,-0.008438491551067913,0.076812862833559,0,-0.020751953125,0,171.94983790703998,0,0,0,0,0,0.171875,,
10.078814999999944,,,,,-0.041015625,0.0390625,-0.982421875,-0.009919352944927424,0.05769566376887985,0,-0.029296875,0,173.10175521335998,0,0,0,0,0,0.171875,,
10.10344499999995,,,,,-0.0234375,0.0390625,-1.009765625,-0.009858445097161415,0.0556635205612171,0,-0.02604166604578495,0,174.46311202991998,0,0,0,0,0,0.173828125,,
10.125534999999916,,,,,-0.0625,0.005859375,-0.94921875,-0.009370115416571206,0.08130723246743746,0,-0.0341796875,0,175.9291886016,0,0,0,0,0,0.1796875,,
10.151839999999968,,,,,-0.125,0.068359375,-0.9453125,-0.009244335506547546,0.09312376889718008,0,-0.0390625,0,176.76694664256,0,0,0,0,0,0.18359375,,
10.17943499999994,,,,,-0.05078125,-0.01171875,-0.970703125,-0.00911855559652389,0.10494030532692272,0,-0.0206163190305233,0,177.70942443863999,0,0,0,0,0,0.19140625,,
10.203204999999958,,,,,-0.099609375,0.029296875,-0.986328125,-0.008359032914303673,0.12606814343833697,0,-0.0282118059694767,0,179.0707812552,0,0,0,0,0,0.19921875,,
10.22535499999998,,,,,-0.099609375,0.0234375,-1.013671875,-0.007555687943153024,0.10799389617864874,0,-0.0244140625,0,180.11797880639998,0,0,0,0,0,0.20703125,,
10.251884999999893,,,,,0.015625,-0.01171875,-0.98046875,-0.007652017696506489,0.06173844602327769,0,-0.012555803172290325,0,180.74629733711998,0,0,0,0,0,0.216796875,,
10.274609999999987,,,,,-0.05078125,0.01171875,-1.00390625,-0.008870849012975794,0.03194443105802125,0,-0.0271267369389534,0,181.68877513319998,0,0,0,0,0,0.224609375,,
10.299979999999982,,,,,-0.15625,0.103515625,-0.919921875,-0.01050789288542487,0.060233154758342324,0,-0.01813616044819355,0,182.7359726844,0,0,0,0,0,0.234375,,
10.324814999999944,,,,,0.01171875,-0.0234375,-1.017578125,-0.009920977118982354,0.09108087360905352,0,-0.02495659701526165,0,183.46901097024,0,0,0,0,0,0.24609375,,
10.350099999999976,,,,,0.0625,0.005859375,-1.015625,-0.008000154216371737,0.10057496065861014,0,-0.0244140625,0,184.30676901119998,0,0,0,0,0,0.25390625,,
10.375749999999883,,,,,-0.099609375,0.0390625,-0.98828125,-0.007075000605516233,0.05650218283739537,0,-0.028076171875,0,185.24924680728,0,0,0,0,0,0.265625,,
10.399744999999996,,,,,-0.162109375,0.0625,-0.990234375,-0.007669504268381673,0.014515308626162465,0,-0.0303819440305233,0,185.98228509312,0,0,0,0,0,0.279296875,,
10.42580999999994,,,,,-0.099609375,0.009765625,-0.96484375,-0.010604407543872346,0.052308871456504,0,-0.0320870541036129,0,186.50588386872,0,0,0,0,0,0.291015625,,
10.451209999999962,,,,,0.037109375,-0.02734375,-1.03125,-0.010311759104394764,0.09010243428684553,0,-0.02278645895421505,0,187.13420239944,0,0,0,0,0,0.30859375,,
10.47501000000001,,,,,-0.0234375,0.021484375,-0.97265625,-0.006967496256075087,0.06226529796600507,0,-0.0336371511220932,0,187.86724068528,0,0,0,0,0,0.318359375,,
10.499759999999894,,,,,-0.173828125,0.056640625,-0.947265625,-0.006855572448426849,0.020084886306423324,0,-0.0265066958963871,0,188.49555921599998,0,0,0,0,0,0.337890625,,
10.528539999999921,,,,,-0.13671875,0.03125,-1.005859375,-0.010689110728930877,0.021600929651822514,0,-0.0341796875,0,189.0191579916,0,0,0,0,0,0.345703125,,
10.55067499999993,,,,,0.009765625,0.05078125,-0.96484375,-0.011162982538043292,0.07775904591437552,0,-0.0271267369389534,0,189.5427567672,0,0,0,0,0,0.369140625,,
10.576369999999995,,,,,-0.173828125,0.03515625,-0.98828125,-0.0072314452239933226,0.04613717727026899,0,-0.015869140625,0,190.38051480816,0,0,0,0,0,0.376953125,,
10.599629999999888,,,,,-0.0625,0.05078125,-0.97265625,-0.0069951507215760865,-0.0164076747877955,0,-0.02604166604578495,0,191.113553094,0,0,0,0,0,0.396484375,,
10.62469499999995,,,,,-0.07421875,-0.001953125,-1.0390625,-0.010852982680404804,0.04768547685705966,0,-0.0320870541036129,0,191.6371518696,0,0,0,0,0,0.40234375,,
10.652604999999982,,,,,0.111328125,0.001953125,-1.009765625,-0.00968079546593006,0.0480187913514382,0,-0.023193359375,0,192.05603089008,0,0,0,0,0,0.416015625,,
10.677069999999949,,,,,-0.197265625,0.083984375,-0.9921875,-0.007442190526339628,-0.018461322156385893,0,-0.0271267369389534,0,192.68434942079998,0,0,0,0,0,0.43359375,,
10.704270000000019,,,,,0.048828125,0.01171875,-1.03515625,-0.010771667073454658,0.029783262884792615,0,-0.028076171875,0,193.62682721688,0,0,0,0,0,0.439453125,,
10.73261499999999,,,,,-0.19921875,0.05859375,-0.896484375,-0.010553635513480214,0.0641576641276381,0,-0.0271267369389534,0,194.15042599248,0,0,0,0,0,0.458984375,,
10.753854999999982,,,,,0.03125,-0.01171875,-1.001953125,-0.007494868784202341,-0.0336217556103778,0,-0.029296875,0,194.88346427832,0,0,0,0,0,0.462890625,,
10.77539500000002,,,,,-0.03125,-0.0078125,-1.015625,-0.012950528607588446,-0.014622829430800706,0,-0.013950892724096775,0,195.3023432988,0,0,0,0,0,0.46875,,
10.80122999999998,,,,,-0.109375,0.0234375,-1.0234375,-0.009874511914958925,0.03329919319646308,0,-0.028076171875,0,196.24482109488,0,0,0,0,0,0.482421875,,
10.82892499999993,,,,,-0.13671875,0.06640625,-0.943359375,-0.007641618220152333,-0.04702959994876639,0,-0.02387152798473835,0,196.87313962559998,0,0,0,0,0,0.486328125,,
10.852579999999959,,,,,-0.01953125,-0.001953125,-0.998046875,-0.010979970063925669,0.02839624450495931,0,-0.028076171875,0,197.3967384012,0,0,0,0,0,0.48046875,,
10.876329999999959,,,,,-0.19921875,0.06640625,-0.96484375,-0.010121597192062536,-0.027202763573474842,0,-0.030517578125,0,198.02505693191998,0,0,0,0,0,0.48828125,,
10.913124999999884,,,,,0.037109375,0,-0.984375,-0.008584678399279372,-0.04194386588937762,0,-0.037841796875,0,198.54865570752,0,0,0,0,0,0.498046875,,
10.935255000000005,,,,,-0.0703125,0.068359375,-0.9765625,-0.01135696576856789,0.00680257250744988,0,-0.027794471010565758,0,199.4911335036,0,0,0,0,0,0.4921875,,
10.957505000000005,,,,,-0.015625,0.056640625,-1.0390625,-0.007631155411042909,-0.04968536382333093,0,-0.02092633955180645,0,200.11945203431998,0,0,0,0,0,0.48828125,,
10.97953999999992,,,,,-0.173828125,0.033203125,-0.9453125,-0.012235527643909595,0.10137061461293313,0,-0.0265066958963871,0,200.74777056503999,0,0,0,0,0,0.4921875,,
11.002149999999906,,,,,-0.078125,-0.029296875,-0.978515625,-0.009113966999970791,-0.06471677231175696,0,-0.02371651865541935,0,201.16664958552,0,0,0,0,0,0.49609375,,
11.024780000000028,,,,,0.0234375,-0.009765625,-1.02734375,-0.0116955069485586,-0.05677098484899098,0,-0.0334821417927742,0,201.69024836111998,0,0,0,0,0,0.498046875,,
11.050374999999883,,,,,-0.125,0.07421875,-1.01171875,-0.012536860349295693,0.0012794975751950618,0,-0.032958984375,0,202.52800640208,0,0,0,0,0,0.49609375,,
11.075224999999977,,,,,-0.07421875,0.046875,-0.96484375,-0.008600073484862825,-0.043631942522197986,0,-0.02685546875,0,203.05160517768,0,0,0,0,0,0.48828125,,
11.103279999999911,,,,,-0.099609375,-0.033203125,-0.994140625,-0.011736807259647953,0.020504217444512463,0,-0.02278645895421505,0,203.57520395327998,0,0,0,0,0,0.48046875,,
11.125694999999949,,,,,-0.09375,0.015625,-0.984375,-0.010307966264777898,-0.08142550535253952,0,-0.0217013880610466,0,204.203522484,0,0,0,0,0,0.4765625,,
11.151204999999958,,,,,-0.0625,0.095703125,-1.025390625,-0.009043329152196338,-0.025331901572769457,0,-0.01813616044819355,0,204.72712125959998,0,0,0,0,0,0.478515625,,
11.17606500000006,,,,,0.048828125,-0.01171875,-1.0234375,-0.011227959876860604,-0.0595987820109767,0,-0.0217013880610466,0,205.46015954543998,0,0,0,0,0,0.48046875,,
11.199959999999964,,,,,-0.173828125,0.04296875,-0.966796875,-0.007556582013776508,0.022009508709447827,0,-0.023193359375,0,206.08847807616,0,0,0,0,0,0.484375,,
11.227405000000028,,,,,0.01171875,-0.064453125,-0.990234375,-0.013270582589722333,0.00950483913002046,0,-0.02197265625,0,206.61207685175998,0,0,0,0,0,0.486328125,,
11.249539999999921,,,,,-0.162109375,0.017578125,-1.015625,-0.007456941439233407,-0.026399851964838784,0,-0.0314670130610466,0,207.24039538248,0,0,0,0,0,0.48828125,,
11.276649999999908,,,,,0.048828125,0.03515625,-1.00390625,-0.013291045180356982,-0.07085621025660048,0,-0.0223214291036129,0,207.8687139132,0,0,0,0,0,0.48828125,,
11.306420000000042,,,,,-0.13671875,0.0703125,-1.01171875,-0.007241988415256828,-0.09345708339155863,0,-0.0314670130610466,0,208.3923126888,0,0,0,0,0,0.486328125,,
11.328199999999953,,,,,-0.052734375,-0.015625,-0.978515625,-0.013366666600983634,-0.01078433670521552,0,-0.037109375,0,209.02063121952,0,0,0,0,0,0.478515625,,
11.353174999999931,,,,,-0.078125,0.08984375,-0.990234375,-0.006823256470544005,-0.06548017002468846,0,-0.01953125,0,210.17254852584,0,0,0,0,0,0.47265625,,
11.380515000000013,,,,,-0.1484375,0.05859375,-1.06640625,-0.017728962157182445,0.007322166795864177,0,-0.028076171875,0,211.95278436287998,0,0,0,0,0,0.47265625,,
11.403329999999958,,,,,0.037109375,-0.03125,-0.8828125,-0.011085007469106047,-0.11092921414527271,0,-0.0185546875,0,214.25661897551998,0,0,0,0,0,0.474609375,,
11.427739999999991,,,,,-0.173828125,-0.068359375,-1.1328125,-0.02225321696266502,-0.13511064310841303,0,-0.0320870541036129,0,216.2462943228,0,0,0,0,0,0.482421875,,
11.449969999999972,,,,,-0.01171875,0.06640625,-0.884765625,-0.010182628098195609,-0.1850540568628757,0,-0.0244140625,0,217.81709064959998,0,0,0,0,0,0.4921875,,
11.476515000000013,,,,,-0.078125,-0.025390625,-1.046875,-0.01608796237657545,-0.16129195903782456,0,-0.0167410708963871,0,219.28316722128,0,0,0,0,0,0.5,,
11.499699999999953,,,,,-0.14453125,0.123046875,-0.849609375,-0.011886916326142636,0.20869788180282478,0,-0.02604166604578495,0,221.06340305831998,0,0,0,0,0,0.5078125,,
11.528910000000032,,,,,0.015625,0.126953125,-1.068359375,-0.016679501975036867,-0.2380833177104559,0,-0.029296875,0,222.73891914024,0,0,0,0,0,0.53125,,
11.566354999999982,,,,,0.009765625,0.017578125,-1.111328125,-0.015421870015258573,-0.08167280320320748,0,-0.021484375,0,223.78611669144,0,0,0,0,0,0.544921875,,
11.587675000000047,,,,,-0.1328125,0.080078125,-0.927734375,-0.010174382972886227,-0.25320423726874325,0,-0.02604166604578495,0,225.25219326311998,0,0,0,0,0,0.564453125,,
11.610699999999953,,,,,0.015625,-0.017578125,-0.98828125,-0.013051146701168219,0.1240790085525295,0,-0.0348772332072258,0,226.50883032456,0,0,0,0,0,0.576171875,,
11.63154999999993,,,,,-0.09375,0.041015625,-0.923828125,-0.016707325643141185,-0.20667649067562585,0,-0.028076171875,0,228.07962665135997,0,0,0,0,0,0.583984375,,
11.661030000000029,,,,,-0.0625,-0.298828125,-0.998046875,-0.009028790792508708,-0.2417390250681561,0,-0.02511160634458065,0,229.12682420256,0,0,0,0,0,0.59375,,
11.68288500000001,,,,,0.01953125,-0.091796875,-1.02734375,-0.015378312269501511,-0.21191275386150818,0,-0.025390625,0,229.96458224352,0,0,0,0,0,0.59375,,
11.704565000000061,,,,,0.0234375,0.123046875,-1.06640625,-0.013468673341536007,-0.1663669410167495,0,-0.02371651865541935,0,230.69762052936,0,0,0,0,0,0.603515625,,
11.727179999999935,,,,,-0.078125,0.337890625,-1.09765625,-0.014807942375446415,-0.1181761163778901,0,-0.0348772332072258,0,231.4306588152,0,0,0,0,0,0.609375,,
11.750164999999921,,,,,-0.15625,-0.166015625,-0.896484375,-0.005164711983613914,0.09855356953141123,0,-0.029296875,0,232.16369710104,0,0,0,0,0,0.61328125,,
11.775679999999936,,,,,-0.037109375,0.0546875,-0.7734375,-0.014988297448502275,-0.24403997028741445,0,-0.015345982275903225,0,233.21089465223997,0,0,0,0,0,0.62109375,,
11.799410000000032,,,,,-0.287109375,-0.0703125,-0.892578125,-0.014582580485437991,-0.11992870549349344,0,-0.02495659701526165,0,233.94393293808,0,0,0,0,0,0.626953125,,
11.826269999999901,,,,,-0.048828125,-0.015625,-1.017578125,-0.012918600982807045,-0.23513724766336813,0,-0.013427734375,0,234.57225146879998,0,0,0,0,0,0.63671875,,
11.849999999999884,,,,,-0.1875,0.05078125,-0.916015625,-0.014497052180347107,-0.23122349037453618,0,-0.01519097201526165,0,235.41000950976,0,0,0,0,0,0.64453125,,
11.878699999999954,,,,,-0.037109375,-0.119140625,-1.125,-0.014183286706980864,-0.21507386551787244,0,-0.01116071455180645,0,236.35248730584,0,0,0,0,0,0.650390625,,
11.900130000000004,,,,,-0.08203125,0.146484375,-1.09375,-0.01014193219542175,-0.05389668493899921,0,-0.0263671875,0,237.08552559167998,0,0,0,0,0,0.65234375,,
11.930449999999954,,,,,0,-0.23828125,-1.220703125,-0.013453157273782906,-0.605148592664945,0,-0.0265066958963871,0,237.60912436727997,0,0,0,0,0,0.6640625,,
11.953839999999968,,,,,-0.21875,0.27734375,-0.9296875,-0.013897404299181742,-0.12153425990875397,0,-0.023970169946551323,0,238.23744289799998,0,0,0,0,0,0.673828125,,
11.976784999999916,,,,,-0.07421875,0.12109375,-0.93359375,-0.014794464859061024,-0.257265029257918,0,-0.02790178544819355,0,239.17992069407998,0,0,0,0,0,0.677734375,,
11.99955999999994,,,,,-0.03125,0.0078125,-1.224609375,-0.01452953978015226,-0.17917266884916394,0,-0.01813616044819355,0,239.91295897991998,0,0,0,0,0,0.6796875,,
12.02638500000001,,,,,-0.1875,0.046875,-0.98828125,-0.014154216451392095,-0.17520515115801286,0,-0.01220703125,0,240.54127751064,0,0,0,0,0,0.6875,,
12.05024499999988,,,,,-0.111328125,0.119140625,-0.771484375,-0.014563553636178202,-0.202450923053343,0,-0.029296875,0,241.27431579647998,0,0,0,0,0,0.697265625,,
12.081979999999982,,,,,-0.13671875,0.07421875,-1.1171875,-0.010531360439930658,-0.203977718479206,0,-0.028076171875,0,242.00735408231998,0,0,0,0,0,0.70703125,,
12.104764999999897,,,,,-0.052734375,-0.09765625,-0.912109375,-0.0160657457852899,-0.3468118497867954,0,-0.0302734375,0,242.74039236815997,0,0,0,0,0,0.708984375,,
12.131905000000028,,,,,0,0.12890625,-1.158203125,-0.014392957249014108,-0.23864242589457477,0,-0.023193359375,0,243.36871089887998,0,0,0,0,0,0.703125,,
12.154454999999958,,,,,-0.224609375,0.064453125,-1.03515625,-0.013923505778995426,-0.2353952975944999,0,-0.0271267369389534,0,243.78758991936,0,0,0,0,0,0.703125,,
12.18079999999993,,,,,-0.0625,-0.056640625,-0.982421875,-0.013610291301473412,-0.23143853198381265,0,-0.0265066958963871,0,244.20646893984,0,0,0,0,0,0.705078125,,
12.210679999999934,,,,,-0.111328125,0.009765625,-1.109375,-0.013945248934259963,-0.2353092809507893,0,-0.01953125,0,244.62534796032,0,0,0,0,0,0.7109375,,
12.233274999999907,,,,,0.09375,-0.150390625,-1.068359375,-0.014319734662720539,-0.24851283576036523,0,-0.0234375,0,245.35838624616,0,0,0,0,0,0.7109375,,
12.255969999999973,,,,,-0.048828125,0.146484375,-0.966796875,-0.015006070281711248,-0.24208309164299846,0,-0.0334821417927742,0,245.98670477687998,0,0,0,0,0,0.712890625,,
12.27706500000006,,,,,-0.125,0.28515625,-0.755859375,-0.014136528223227925,-0.25440497585454075,0,-0.02092633955180645,0,246.61502330759998,0,0,0,0,0,0.712890625,,
12.29957500000007,,,,,-0.0234375,0.046875,-1.109375,-0.011386001393099497,0.007763002094880964,0,-0.0223214291036129,0,246.92918257295997,0,0,0,0,0,0.708984375,,
12.326629999999888,,,,,0.046875,-0.017578125,-0.98046875,-0.014672110502593236,-0.27442534967818116,0,-0.028076171875,0,247.45278134856,0,0,0,0,0,0.705078125,,
12.353649999999908,,,,,-0.0625,0.052734375,-0.8828125,-0.014816098328965665,-0.27102769225161283,0,-0.02495659701526165,0,248.08109987927998,0,0,0,0,0,0.697265625,,
12.378274999999906,,,,,-0.09375,0.03125,-1.087890625,-0.013963536609529275,-0.27162980875758697,0,-0.0206163190305233,0,248.60469865488,0,0,0,0,0,0.68359375,,
12.400119999999879,,,,,-0.07421875,0.04296875,-0.9765625,-0.014136908687652576,-0.28066155634719914,0,-0.023193359375,0,249.12829743048,0,0,0,0,0,0.673828125,,
12.431594999999856,,,,,-0.09375,0.041015625,-0.97265625,-0.014753474575776875,-0.26797410139988675,0,-0.02790178544819355,0,249.65189620607998,0,0,0,0,0,0.666015625,,
12.455030000000027,,,,,-0.09375,0.033203125,-0.98828125,-0.015071409470296195,-0.332504593917608,0,-0.02130681835114956,0,250.2802147368,0,0,0,0,0,0.65625,,
12.478154999999912,,,,,-0.0625,0.033203125,-0.94921875,-0.014920626021441228,-0.27982289407102084,0,-0.0348772332072258,0,251.01325302264,0,0,0,0,0,0.646484375,,
12.500239999999991,,,,,-0.0625,0.005859375,-1.037109375,-0.014645555019292612,-0.1113270411224342,0,-0.015869140625,0,251.53685179823998,0,0,0,0,0,0.638671875,,
12.526979999999982,,,,,-0.078125,0,-0.904296875,-0.014625249867182338,-0.28571503416519645,0,-0.029296875,0,252.06045057383997,0,0,0,0,0,0.6328125,,
12.550530000000029,,,,,-0.103515625,0.08984375,-1.0234375,-0.01497203917448422,-0.27945732333525086,0,-0.0314670130610466,0,252.58404934944,0,0,0,0,0,0.626953125,,
12.57748499999987,,,,,-0.015625,-0.01171875,-0.98828125,-0.015202461771369788,-0.2863816631539535,0,-0.023193359375,0,253.10764812504,0,0,0,0,0,0.62109375,,
12.601084999999962,,,,,-0.11328125,0.01953125,-0.982421875,-0.015082981069268133,-0.300101317825793,0,-0.0282118059694767,0,253.73596665576,0,0,0,0,0,0.615234375,,
12.627084999999962,,,,,-0.015625,-0.06640625,-1.00390625,-0.014771482709904278,-0.3016711215735113,0,-0.028076171875,0,254.25956543136,0,0,0,0,0,0.611328125,,
12.650014999999897,,,,,-0.14453125,0.08203125,-0.87890625,-0.014693406732656863,-0.3068751285180022,0,-0.02197265625,0,254.67844445184,0,0,0,0,0,0.609375,,
12.677479999999981,,,,,0.078125,0.076171875,-1.056640625,-0.015563289756657581,-0.31328336847444127,0,-0.025634765625,0,255.20204322744,0,0,0,0,0,0.609375,,
12.699625,,,,,-0.166015625,0.03515625,-0.921875,-0.015884343391664744,-0.3125737311638289,0,-0.0271267369389534,0,255.93508151327998,0,0,0,0,0,0.609375,,
12.726159999999917,,,,,0.0625,0.0234375,-0.96875,-0.014886090798134098,-0.31969160843088046,0,-0.02092633955180645,0,256.45868028888,0,0,0,0,0,0.607421875,,
12.749544999999925,,,,,-0.07421875,-0.001953125,-1.0234375,-0.01564305914894108,-0.33343276726364757,0,-0.0303819440305233,0,257.0869988196,0,0,0,0,0,0.603515625,,
12.776525000000023,,,,,-0.099609375,0.046875,-0.98046875,-0.01528954942424572,-0.3296480349403815,0,-0.030517578125,0,257.50587784007996,0,0,0,0,0,0.59765625,,
12.800379999999889,,,,,-0.099609375,0.005859375,-0.939453125,-0.01579015234000242,-0.3310888137225339,0,-0.02495659701526165,0,258.02947661568,0,0,0,0,0,0.591796875,,
12.826920000000042,,,,,-0.099609375,0.0234375,-0.94921875,-0.015987939866551948,-0.34504501416457756,0,-0.018310546875,0,258.65779514639996,0,0,0,0,0,0.587890625,,
12.849669999999925,,,,,-0.03125,-0.1171875,-1.05078125,-0.01546585549497492,-0.35564656550190804,0,-0.0244140625,0,259.181393922,0,0,0,0,0,0.5859375,,
12.877849999999977,,,,,-0.1875,0.19921875,-0.9296875,-0.015558974033458529,-0.3637536341716314,0,-0.040283203125,0,259.7049926976,0,0,0,0,0,0.583984375,,
12.89973999999999,,,,,-0.01953125,-0.033203125,-0.966796875,-0.015905058942125315,-0.36269993028617664,0,-0.02495659701526165,0,260.33331122832,0,0,0,0,0,0.578125,,
12.926169999999926,,,,,-0.078125,0.072265625,-1.02734375,-0.016097158284779707,-0.3794301674878868,0,-0.0265066958963871,0,260.85691000392,0,0,0,0,0,0.5703125,,
12.95175,,,,,-0.072265625,-0.013671875,-0.9140625,-0.015890092156480174,-0.3481093570967674,0,-0.02278645895421505,0,261.38050877951997,0,0,0,0,0,0.564453125,,
12.978214999999967,,,,,-0.078125,-0.044921875,-1.0390625,-0.015629500369842488,-0.37444120215267246,0,-0.0271267369389534,0,262.00882731024,0,0,0,0,0,0.55859375,,
13.002689999999944,,,,,-0.08203125,0.0546875,-0.921875,-0.015901336483604592,-0.36977479923137285,0,-0.02685546875,0,262.42770633071996,0,0,0,0,0,0.5546875,,
13.026649999999908,,,,,-0.048828125,0.06640625,-0.984375,-0.01648433467263907,-0.37773133877460263,0,-0.0244140625,0,263.16074461656,0,0,0,0,0,0.546875,,
13.052434999999939,,,,,-0.048828125,0.072265625,-0.978515625,-0.01636391041055431,-0.3765916182454373,0,-0.02197265625,0,263.8937829024,0,0,0,0,0,0.54296875,,
13.081064999999944,,,,,-0.037109375,0.01171875,-0.98828125,-0.016177290252080652,-0.366463158448515,0,-0.029296875,0,264.52210143312,0,0,0,0,0,0.5390625,,
13.101464999999967,,,,,-0.0625,0.033203125,-0.96484375,-0.01597969105373067,-0.3616247222397942,0,-0.0325520820915699,0,265.15041996383997,0,0,0,0,0,0.53515625,,
13.127804999999935,,,,,-0.140625,-0.033203125,-0.94921875,-0.016071579140177553,-0.3610441098947477,0,-0.02511160634458065,0,265.56929898431997,0,0,0,0,0,0.529296875,,
13.149604999999982,,,,,-0.037109375,0.0546875,-0.9921875,-0.016494979575117214,-0.36964577426580697,0,-0.0217013880610466,0,266.19761751504,0,0,0,0,0,0.525390625,,
13.176209999999962,,,,,-0.0234375,0.087890625,-0.990234375,-0.016639920444105186,-0.40752535373985915,0,-0.0320870541036129,0,266.72121629064,0,0,0,0,0,0.521484375,,
13.20043000000005,,,,,-0.125,0.03125,-1.02734375,-0.01674345779415527,-0.3686350787022075,0,-0.0271267369389534,0,267.24481506624,0,0,0,0,0,0.515625,,
13.227874999999884,,,,,-0.01171875,0.025390625,-0.96875,-0.016336732904620906,-0.373925102290409,0,-0.028076171875,0,267.76841384183996,0,0,0,0,0,0.51171875,,
13.249939999999944,,,,,-0.13671875,0.044921875,-0.908203125,-0.01687681850734324,-0.3762905599924502,0,-0.0358072929084301,0,268.18729286231996,0,0,0,0,0,0.51171875,,
13.281229999999981,,,,,-0.111328125,-0.015625,-0.96484375,-0.016994983058741347,-0.40441800248581394,0,-0.03069196455180645,0,268.71089163792,0,0,0,0,0,0.505859375,,
13.302809999999939,,,,,-0.04296875,-0.0234375,-1.005859375,-0.01711169126495385,-0.42207291860741303,0,-0.0234375,0,269.44392992376,0,0,0,0,0,0.505859375,,
13.330894999999902,,,,,-0.03125,-0.017578125,-0.92578125,-0.017082084465177467,-0.4278360337360227,0,-0.0223214291036129,0,270.07224845447996,0,0,0,0,0,0.501953125,,
13.35277000000002,,,,,-0.07421875,0.05078125,-0.966796875,-0.016336617492250106,-0.4094177199014921,0,-0.02495659701526165,0,270.49112747495997,0,0,0,0,0,0.498046875,,
13.377819999999948,,,,,-0.0625,-0.0234375,-0.947265625,-0.0168390814170455,-0.41863225285898936,0,-0.023193359375,0,270.91000649544,0,0,0,0,0,0.49609375,,
13.400544999999925,,,,,-0.103515625,0.06640625,-1.01953125,-0.017355643372371877,-0.43048104553012345,0,-0.0244140625,0,271.53832502616,0,0,0,0,0,0.4921875,,
13.434709999999964,,,,,-0.09375,-0.0078125,-0.935546875,-0.017898919455439602,-0.40843928057928414,0,-0.0265066958963871,0,272.16664355688,0,0,0,0,0,0.48828125,,
13.457384999999892,,,,,-0.09765625,0.076171875,-0.939453125,-0.01765485620451979,-0.4106649612352957,0,-0.029296875,0,272.89968184272,0,0,0,0,0,0.486328125,,
13.479515000000013,,,,,0.046875,-0.013671875,-1.15625,-0.01670040229583825,-0.42169659579117924,0,-0.02511160634458065,0,273.73743988368,0,0,0,0,0,0.482421875,,
13.500649999999906,,,,,-0.173828125,0.07421875,-0.857421875,-0.018321326460483525,-0.4057297563024005,0,-0.0320870541036129,0,274.57519792464,0,0,0,0,0,0.484375,,
13.529400000000024,,,,,0.125,0.0234375,-1.109375,-0.01904480230980346,-0.4176860697781728,0,-0.02371651865541935,0,275.62239547584,0,0,0,0,0,0.484375,,
13.550784999999916,,,,,-0.14453125,-0.044921875,-0.94921875,-0.01869246328437964,-0.4530604145041539,0,-0.029296875,0,276.56487327191996,0,0,0,0,0,0.490234375,,
13.575594999999971,,,,,-0.25,0.06640625,-0.736328125,-0.01859990688570495,-0.4827361565843083,0,-0.0223214291036129,0,277.507351068,0,0,0,0,0,0.494140625,,
13.600339999999967,,,,,0.0625,0.015625,-1.08203125,-0.018964593193177465,-0.440835299016786,0,-0.01708984375,0,278.24038935384,0,0,0,0,0,0.505859375,,
13.625694999999949,,,,,0.01171875,-0.14453125,-0.869140625,-0.019639975588134812,-0.4881121968162203,0,-0.02685546875,0,279.39230666016,0,0,0,0,0,0.515625,,
13.65069499999995,,,,,-0.125,0.00390625,-0.998046875,-0.019322177270348496,-0.48189749430813,0,-0.0244140625,0,280.6489437216,0,0,0,0,0,0.529296875,,
13.675459999999962,,,,,-0.173828125,0.087890625,-0.984375,-0.01948518088469273,-0.4508239817676785,0,-0.032958984375,0,281.59142151768,0,0,0,0,0,0.5390625,,
13.700364999999874,,,,,-0.07421875,0.072265625,-0.98046875,-0.018550146485000404,-0.48074702169850086,0,-0.01953125,0,282.53389931376,0,0,0,0,0,0.548828125,,
13.726719999999972,,,,,0.048828125,0.037109375,-1.0859375,-0.01898945109811407,-0.4506949568021127,0,-0.032958984375,0,283.47637710984,0,0,0,0,0,0.5625,,
13.749889999999898,,,,,-0.224609375,-0.021484375,-1.04296875,-0.01965419329447805,-0.47497315448942734,0,-0.02604166604578495,0,284.52357466103996,0,0,0,0,0,0.57421875,,
13.775109999999986,,,,,-0.224609375,-0.013671875,-0.857421875,-0.019527859506388988,-0.5684947503637688,0,-0.02790178544819355,0,285.36133270199997,0,0,0,0,0,0.580078125,,
13.799964999999968,,,,,-0.048828125,-0.083984375,-1.08984375,-0.019523304379161402,-0.4992836084181336,0,-0.025634765625,0,286.09437098783997,0,0,0,0,0,0.5859375,,
13.824909999999916,,,,,-0.0625,-0.013671875,-0.857421875,-0.019382574259383653,-0.5829885548290038,0,-0.0173611119389534,0,286.72268951856,0,0,0,0,0,0.591796875,,
13.855479999999982,,,,,-0.111328125,0,-1.068359375,-0.019754874604151762,-0.5286690443257647,0,-0.032958984375,0,287.4557278044,0,0,0,0,0,0.599609375,,
13.878399999999907,,,,,-0.01953125,0.193359375,-1.1015625,-0.019798438829478907,-0.4986922439926232,0,-0.0263671875,0,288.5029253556,0,0,0,0,0,0.6015625,,
13.901569999999948,,,,,-0.1875,0,-0.921875,-0.019688175715249924,-0.5408511514912773,0,-0.0334821417927742,0,289.44540315167995,0,0,0,0,0,0.611328125,,
13.926785000000033,,,,,-0.162109375,-0.107421875,-1.06640625,-0.019072278101921997,-0.5187341219771913,0,-0.01953125,0,290.17844143752,0,0,0,0,0,0.619140625,,
13.949679999999935,,,,,0.048828125,-0.033203125,-0.9140625,-0.019844623066222415,-0.6267280181558399,0,-0.02197265625,0,290.80675996824,0,0,0,0,0,0.62890625,,
13.974790000000038,,,,,-0.078125,0.107421875,-1.078125,-0.019142328975372255,-0.5173901119192132,0,-0.02511160634458065,0,291.74923776431996,0,0,0,0,0,0.642578125,,
13.999624999999883,,,,,-0.07421875,-0.037109375,-1.03125,-0.021132388152131934,-0.6013350985264383,0,-0.0368923619389534,0,292.48227605016,0,0,0,0,0,0.646484375,,
14.025659999999917,,,,,-0.173828125,0.19921875,-0.896484375,-0.01989198819514715,-0.5517215048402034,0,-0.029296875,0,293.42475384624,0,0,0,0,0,0.66015625,,
14.049464999999968,,,,,-0.0234375,0.03515625,-1.06640625,-0.020591664626523336,-0.6568876038568664,0,-0.0325520820915699,0,294.2625118872,0,0,0,0,0,0.6796875,,
14.076494999999879,,,,,-0.01171875,0.072265625,-1.13671875,-0.019456270191862777,-0.6652097141358662,0,-0.03069196455180645,0,294.89083041792,0,0,0,0,0,0.685546875,,
14.100499999999883,,,,,-0.1875,-0.099609375,-1.103515625,-0.021594513440144472,-0.5945182795123738,0,-0.02604166604578495,0,295.833308214,0,0,0,0,0,0.689453125,,
14.12525,,,,,0.1484375,-0.005859375,-1.03515625,-0.020841901762832436,-0.601062802088692,0,-0.02685546875,0,296.77578601007997,0,0,0,0,0,0.703125,,
14.14961999999988,,,,,-0.173828125,0.0546875,-0.798828125,-0.02072834789066772,-0.6397595396779947,0,-0.020751953125,0,297.50882429591996,0,0,0,0,0,0.712890625,,
14.176790000000038,,,,,-0.125,0.1171875,-0.9765625,-0.019704476728490558,-0.5843540690479094,0,-0.029296875,0,298.13714282664,0,0,0,0,0,0.7109375,,
14.200395000000018,,,,,-0.21875,0.00390625,-0.998046875,-0.01995057479555668,-0.5723009868479626,0,-0.0206163190305233,0,298.66074160223997,0,0,0,0,0,0.71484375,,
14.226299999999931,,,,,-0.015625,0.02734375,-1.181640625,-0.02082169349078512,-0.683563515487614,0,-0.030517578125,0,299.39377988807996,0,0,0,0,0,0.72265625,,
14.249769999999902,,,,,0.048828125,-0.08203125,-0.912109375,-0.021172941007820183,-0.592568658522271,0,-0.02278645895421505,0,300.12681817391996,0,0,0,0,0,0.73046875,,
14.27551000000001,,,,,-0.13671875,0.033203125,-0.94140625,-0.02155762131603061,-0.693089858778562,0,-0.029296875,0,300.85985645976,0,0,0,0,0,0.734375,,
14.300114999999991,,,,,-0.0859375,0.123046875,-0.896484375,-0.020204752387372307,-0.5953964556842567,0,-0.02387152798473835,0,301.48817499048,0,0,0,0,0,0.740234375,,
14.325449999999954,,,,,0.099609375,0.19140625,-0.87890625,-0.02103547640096473,-0.606438842320604,0,-0.023193359375,0,302.22121327632,0,0,0,0,0,0.73828125,,
14.352640000000013,,,,,-0.162109375,-0.005859375,-1.080078125,-0.021194259798438874,-0.7214108387202746,0,-0.02197265625,0,303.05897131728,0,0,0,0,0,0.7421875,,
14.377579999999957,,,,,0.048828125,-0.064453125,-1.05078125,-0.021681240579555314,-0.6441141322658434,0,-0.0173611119389534,0,303.89672935824,0,0,0,0,0,0.740234375,,
14.400709999999963,,,,,-0.11328125,0.177734375,-0.896484375,-0.021636334025220517,-0.6909179385248696,0,-0.03662109375,0,304.52504788896,0,0,0,0,0,0.740234375,,
14.424704999999959,,,,,-0.0625,0.130859375,-0.986328125,-0.020340773043840934,-0.7020248376439998,0,-0.023193359375,0,305.04864666455995,0,0,0,0,0,0.740234375,,
14.450104999999981,,,,,-0.07421875,0.171875,-0.888671875,-0.021198958830852307,-0.638641323309757,0,-0.02092633955180645,0,305.7816849504,0,0,0,0,0,0.73828125,,
14.478265000000015,,,,,-0.162109375,-0.24609375,-0.984375,-0.022384879418732122,-0.7384098779335804,0,-0.02387152798473835,0,306.72416274648,0,0,0,0,0,0.740234375,,
14.502569999999949,,,,,0.09375,0.333984375,-0.931640625,-0.022389444013619562,-0.761473090528483,0,-0.0347222238779068,0,307.77136029767996,0,0,0,0,0,0.7421875,,
14.528399999999907,,,,,-0.173828125,-0.01171875,-1.046875,-0.02266621377758969,-0.6648333913196325,0,-0.020751953125,0,308.71383809376,0,0,0,0,0,0.7421875,,
14.551589999999967,,,,,-0.173828125,-0.08203125,-1.013671875,-0.021038189301628277,-0.6742629658864061,0,-0.02685546875,0,309.34215662447997,0,0,0,0,0,0.7421875,,
14.578405000000028,,,,,0.078125,0.115234375,-1.23046875,-0.021790824312454687,-0.782676193203144,0,-0.0314670130610466,0,310.28463442056,0,0,0,0,0,0.740234375,,
14.600694999999948,,,,,0.125,-0.095703125,-1.037109375,-0.024263081633539824,-0.7420870894522081,0,-0.029296875,0,311.43655172688,0,0,0,0,0,0.73828125,,
14.625329999999957,,,,,0.09375,0.173828125,-1.02734375,-0.023852299435017557,-0.7006163151032389,0,-0.0167410708963871,0,312.69318878831996,0,0,0,0,0,0.740234375,,
14.64964500000002,,,,,0.048828125,0.28515625,-1.240234375,-0.02226668450045134,-0.7488824043053449,0,-0.01953125,0,313.53094682927997,0,0,0,0,0,0.75,,
14.676364999999874,,,,,-0.0625,0.05078125,-1.189453125,-0.02291967891427578,-0.8531990889653659,0,-0.0362723208963871,0,314.47342462536,0,0,0,0,0,0.759765625,,
14.700994999999878,,,,,0.19921875,-0.12109375,-1.08203125,-0.02393099289134432,-0.7957614751276179,0,-0.0206163190305233,0,315.52062217656,0,0,0,0,0,0.767578125,,
14.729819999999949,,,,,-0.162109375,0.095703125,-0.765625,-0.023329320667787333,-0.7375604635769382,0,-0.01410590298473835,0,316.56781972775997,0,0,0,0,0,0.77734375,,
14.753319999999949,,,,,-0.291015625,-0.005859375,-1.060546875,-0.022505100157946552,-0.7475061380059755,0,-0.029296875,0,317.30085801359996,0,0,0,0,0,0.783203125,,
14.776784999999917,,,,,-0.07421875,0.119140625,-0.96484375,-0.02258537791947356,-0.8449844994910044,0,-0.018310546875,0,318.03389629943996,0,0,0,0,0,0.78125,,
14.809574999999953,,,,,0.046875,0.1015625,-0.958984375,-0.023813307861072285,-0.8498336877801891,0,-0.0320870541036129,0,318.55749507504,0,0,0,0,0,0.779296875,,
14.832569999999949,,,,,-0.1328125,-0.205078125,-0.97265625,-0.02384217905968951,-0.8060619682119612,0,-0.03011067770421505,0,319.49997287112,0,0,0,0,0,0.78125,,
14.854044999999925,,,,,0.01171875,0.42578125,-1.03125,-0.02292781519694743,-0.7733433873605446,0,-0.02790178544819355,0,320.23301115696,0,0,0,0,0,0.79296875,,
14.877635000000009,,,,,-0.046875,-0.193359375,-1.09765625,-0.02269209199630885,-0.7788377004775587,0,-0.02511160634458065,0,320.65189017744,0,0,0,0,0,0.798828125,,
14.900179999999935,,,,,-0.0234375,0.318359375,-0.9765625,-0.023136607866814516,-0.8122659186395877,0,-0.01953125,0,321.07076919791996,0,0,0,0,0,0.80078125,,
14.924854999999981,,,,,-0.03125,-0.064453125,-1.126953125,-0.0238314478156439,-0.8456941368016166,0,-0.018310546875,0,321.48964821839996,0,0,0,0,0,0.80859375,,
14.949525000000023,,,,,-0.3984375,0.208984375,-0.9609375,-0.024716264626352718,-0.8753161184794519,0,-0.029296875,0,322.22268650423996,0,0,0,0,0,0.8203125,,
14.98311499999999,,,,,0.0234375,-0.0859375,-0.880859375,-0.024164522166434946,-0.878423469733497,0,-0.028076171875,0,323.06044454519997,0,0,0,0,0,0.83203125,,
15.003015000000014,,,,,-0.125,-0.033203125,-1.140625,-0.02341607003993178,-0.8463822699513015,0,-0.028409091755747795,0,323.89820258616,0,0,0,0,0,0.8359375,,
15.026409999999917,,,,,-0.03125,0.234375,-0.8671875,-0.023176376057127208,-0.8147604013071948,0,-0.029296875,0,324.42180136176,0,0,0,0,0,0.84375,,
15.050974999999976,,,,,-0.046875,-0.201171875,-1.12109375,-0.02317568376569262,-0.8131583413180851,0,-0.029296875,0,324.84068038223995,0,0,0,0,0,0.837890625,,
15.074609999999986,,,,,0.26171875,0.046875,-0.8203125,-0.024306708108605798,-0.8131583413180851,0,-0.02685546875,0,325.46899891296,0,0,0,0,0,0.84375,,
15.101669999999926,,,,,-0.19921875,0.1328125,-0.890625,-0.0246264579128453,-0.8511992019990946,0,-0.025634765625,0,326.09731744367997,0,0,0,0,0,0.845703125,,
15.12705999999994,,,,,-0.111328125,-0.302734375,-1,-0.024442168529278288,-0.8798857526765772,0,-0.025390625,0,326.7256359744,0,0,0,0,0,0.84765625,,
15.154015000000014,,,,,0.099609375,0.16015625,-0.873046875,-0.02404715347678112,-0.9079379306066941,0,-0.0244140625,0,327.24923474999997,0,0,0,0,0,0.85546875,,
15.177399999999906,,,,,-0.11328125,-0.212890625,-1.03125,-0.023706764132866348,-0.9078626660434473,0,-0.0244140625,0,327.87755328072,0,0,0,0,0,0.853515625,,
15.202180000000052,,,,,-0.25,-0.0703125,-0.953125,-0.024152053812381148,-0.9078626660434473,0,-0.02685546875,0,328.61059156656,0,0,0,0,0,0.853515625,,
15.22516499999992,,,,,-0.197265625,0.076171875,-0.93359375,-0.023950000667739425,-0.9018199968227782,0,-0.0390625,0,329.13419034215997,0,0,0,0,0,0.861328125,,
15.251994999999996,,,,,-0.078125,-0.021484375,-0.93359375,-0.023744398661007957,-0.8933151011758935,0,-0.02685546875,0,329.65778911776,0,0,0,0,0,0.861328125,,
15.274410000000033,,,,,-0.01171875,0.15234375,-1.125,-0.0244308707743825,-0.8861649676674505,0,-0.0314670130610466,0,330.18138789335995,0,0,0,0,0,0.857421875,,
15.303045000000042,,,,,0,0.087890625,-1.1796875,-0.02511734288775704,-0.8888744919443341,0,-0.02511160634458065,0,330.9144261792,0,0,0,0,0,0.861328125,,
15.332164999999922,,,,,-0.134765625,0.3046875,-1.111328125,-0.025384414524702324,-0.8993827689836409,0,-0.0263671875,0,331.85690397528,0,0,0,0,0,0.873046875,,
15.363509999999893,,,,,-0.26171875,-0.36328125,-0.759765625,-0.025478322849697695,-0.8943903092222758,0,-0.0224609375,0,332.58994226112,0,0,0,0,0,0.880859375,,
15.385175000000046,,,,,-0.205078125,0.056640625,-0.798828125,-0.024982745130340402,-0.8841435765402516,0,-0.0325520820915699,0,333.11354103672,0,0,0,0,0,0.884765625,,
15.407064999999944,,,,,-0.015625,0.177734375,-1.0703125,-0.025208445087939436,-0.8715636423975774,0,-0.025634765625,0,333.74185956744,0,0,0,0,0,0.892578125,,
15.42801000000001,,,,,-0.1875,-0.32421875,-1.119140625,-0.026224605605383738,-0.8844123785518471,0,-0.03069196455180645,0,334.37017809815995,0,0,0,0,0,0.890625,,
15.452969999999972,,,,,-0.0234375,-0.138671875,-0.95703125,-0.02565996774230793,-0.8972611147061168,0,-0.03092447854578495,0,334.89377687376,0,0,0,0,0,0.890625,,
15.475499999999883,,,,,-0.3125,0.265625,-1.05078125,-0.025350461234218583,-0.8995620599253752,0,-0.02387152798473835,0,335.31265589424,0,0,0,0,0,0.896484375,,
15.503764999999898,,,,,-0.140625,-0.015625,-0.833984375,-0.025536106715326013,-0.8995620599253752,0,-0.01953125,0,335.73153491472,0,0,0,0,0,0.90234375,,
15.528369999999995,,,,,-0.041015625,-0.1640625,-0.7578125,-0.025931331738259695,-0.8954547651881943,0,-0.02278645895421505,0,336.25513369032,0,0,0,0,0,0.904296875,,
15.551719999999973,,,,,0.349609375,0.45703125,-1.11328125,-0.02629138975250907,-0.9163353054489407,0,-0.030517578125,0,337.09289173127996,0,0,0,0,0,0.9140625,,
15.575984999999987,,,,,-0.07421875,-0.615234375,-1.052734375,-0.026151033664562354,-0.9163353054489407,0,-0.01708984375,0,337.721210262,0,0,0,0,0,0.9296875,,
15.60573999999999,,,,,-0.453125,-0.25,-0.787109375,-0.0259637834544424,-0.9510645253470924,0,-0.032958984375,0,338.03536952736,0,0,0,0,0,0.943359375,,
15.627439999999945,,,,,-0.39453125,0.244140625,-0.853515625,-0.02586848044556236,-0.9652430250527255,0,-0.0234375,0,338.66368805807997,0,0,0,0,0,0.94921875,,
15.652060000000056,,,,,-0.359375,-0.00390625,-0.98046875,-0.026226352833438733,-0.9723321405045363,0,-0.02790178544819355,0,339.18728683368,0,0,0,0,0,0.955078125,,
15.676454999999958,,,,,0.037109375,-0.23046875,-1.1328125,-0.026842304565148176,-0.9965243215481403,0,-0.01953125,0,339.81560536439997,0,0,0,0,0,0.97265625,,
15.701584999999962,,,,,-0.162109375,0.4296875,-0.630859375,-0.02624039032796716,-1.0073409144947474,0,-0.030517578125,0,340.54864365023997,0,0,0,0,0,0.986328125,,
15.728089999999968,,,,,-0.2109375,-0.015625,-1.17578125,-0.026133411841978652,-1.0116309945998134,0,-0.02685546875,0,341.07224242584,0,0,0,0,0,0.998046875,,
15.752539999999922,,,,,-0.01171875,-0.3828125,-0.953125,-0.025955685429794453,-1.0051044817582722,0,-0.029296875,0,341.59584120143995,0,0,0,0,0,1.013671875,,
15.779189999999945,,,,,0.07421875,0.474609375,-0.771484375,-0.026632358152126095,-0.9799231093119961,0,-0.020751953125,0,342.43359924239996,0,0,0,0,0,1.025390625,,
15.802555000000051,,,,,-0.009765625,-0.615234375,-1.251953125,-0.027408031837301405,-0.9706870721935713,0,-0.0217013880610466,0,343.58551654871997,0,0,0,0,0,1.0390625,,
15.827064999999944,,,,,0.111328125,0.314453125,-0.912109375,-0.02728526660963061,-0.9614510350751464,0,-0.0265066958963871,0,344.63271409991995,0,0,0,0,0,1.052734375,,
15.852654999999912,,,,,0.0625,-0.236328125,-0.892578125,-0.02682088192378031,-0.9152816015634859,0,-0.01953125,0,345.36575238576,0,0,0,0,0,1.068359375,,
15.875770000000019,,,,,-0.037109375,0.10546875,-1.134765625,-0.027233944904724208,-0.9739879608959653,0,-0.0271267369389534,0,346.0987906716,0,0,0,0,0,1.0859375,,
15.901709999999962,,,,,0.0859375,0.19921875,-0.7421875,-0.028185467469885525,-1.0159963392681257,0,-0.012555803172290325,0,347.25070797792,0,0,0,0,0,1.11328125,,
15.927959999999963,,,,,-0.361328125,0.126953125,-0.95703125,-0.027994810408799427,-1.0542199853170204,0,-0.0173611119389534,0,348.08846601887996,0,0,0,0,0,1.130859375,,
15.953369999999996,,,,,0.11328125,0.041015625,-0.884765625,-0.028014691626756644,-1.0504352529937544,0,-0.030517578125,0,348.82150430471995,0,0,0,0,0,1.150390625,,
15.974239999999991,,,,,-0.59375,0.0234375,-0.84765625,-0.027195695704861533,-1.0125234172783106,0,-0.0206163190305233,0,349.34510308032,0,0,0,0,0,1.171875,,
16.002625,,,,,0.173828125,-0.060546875,-1.490234375,-0.026942431055979522,-0.9920084477533343,0,-0.02115885354578495,0,349.86870185592,0,0,0,0,0,1.19140625,,
16.02498499999987,,,,,-0.3984375,-0.3828125,-0.7734375,-0.027787541113337463,-1.00498620887317,0,-0.013671875,0,350.60174014176,0,0,0,0,0,1.212890625,,
16.051634999999894,,,,,-0.32421875,0.158203125,-0.830078125,-0.027637019023191378,-1.0384789395179819,0,-0.02092633955180645,0,351.23005867247997,0,0,0,0,0,1.228515625,,
16.07404999999993,,,,,0.166015625,0.396484375,-1.0390625,-0.027990034417337443,-1.1093781580964377,0,-0.02495659701526165,0,351.8583772032,0,0,0,0,0,1.25,,
16.101780000000026,,,,,-0.40625,-0.09765625,-0.97265625,-0.02815992059617883,-1.0413820012432147,0,-0.0265066958963871,0,352.27725622367996,0,0,0,0,0,1.255859375,,
16.12677999999991,,,,,-0.099609375,0.09765625,-1.11328125,-0.028029078367714004,-1.0258559970534527,0,-0.0283203125,0,352.80085499928,0,0,0,0,0,1.271484375,,
16.15541499999992,,,,,0.173828125,0.14453125,-1.283203125,-0.028521989259149946,-1.046360214497965,0,-0.030517578125,0,353.74333279536,0,0,0,0,0,1.28515625,,
16.17905999999994,,,,,0.30078125,0.37890625,-1.0546875,-0.028607017584335266,-1.0904902471476494,0,-0.0185546875,0,354.26693157095997,0,0,0,0,0,1.306640625,,
16.20142499999993,,,,,-0.26171875,0.41796875,-0.890625,-0.028478028359087533,-1.1066901379804817,0,-0.0223214291036129,0,354.79053034656,0,0,0,0,0,1.330078125,,
16.232334999999964,,,,,-0.1875,-0.0859375,-1.07421875,-0.028327978537210592,-1.0511448903043665,0,-0.02790178544819355,0,355.20940936704,0,0,0,0,0,1.353515625,,
16.254119999999997,,,,,0.03125,-0.220703125,-1.068359375,-0.02789182927378455,-1.0492812859579745,0,-0.03107244335114956,0,355.83772789776,0,0,0,0,0,1.361328125,,
16.285435000000057,,,,,-0.349609375,0.17578125,-0.95703125,-0.028119921611069687,-1.1177647808582203,0,-0.0320870541036129,0,356.46604642847996,0,0,0,0,0,1.369140625,,
16.30834999999986,,,,,0.259765625,0.12890625,-1.12109375,-0.028353989707427432,-1.0798171944752346,0,-0.03515625,0,357.0943649592,0,0,0,0,0,1.369140625,,
16.331185000000055,,,,,-0.125,0.234375,-1.009765625,-0.028141782317912038,-1.0716383556684153,0,-0.025634765625,0,357.51324397968,0,0,0,0,0,1.373046875,,
16.353969999999972,,,,,-0.171875,-0.009765625,-0.990234375,-0.028153087483609854,-1.1128618321667167,0,-0.037841796875,0,358.03684275527996,0,0,0,0,0,1.375,,
16.37446999999997,,,,,0.0859375,0.201171875,-1.23046875,-0.028037814663469825,-1.154085308665018,0,-0.01953125,0,358.56044153088,0,0,0,0,0,1.3828125,,
16.40185499999998,,,,,0.296875,0.41015625,-1.1484375,-0.030070448678880698,-1.0847343896733528,0,-0.02371651865541935,0,359.18876006159996,0,0,0,0,0,1.390625,,
16.424874999999883,,,,,0.1875,-0.2890625,-0.896484375,-0.029604157417010692,-1.0841967856501615,0,-0.029296875,0,359.7123588372,0,0,0,0,0,1.404296875,,
16.452744999999997,,,,,0,0.091796875,-1.205078125,-0.029382359496563128,-1.1128833363276442,0,-0.02371651865541935,0,360.23595761279995,0,0,0,0,0,1.412109375,,
16.475880000000004,,,,,0.30078125,-0.138671875,-1.03515625,-0.02871883858706887,-1.1026150994846924,0,-0.025390625,0,360.86427614352,0,0,0,0,0,1.412109375,,
16.504849999999976,,,,,-0.015625,0.140625,-1.126953125,-0.030347145351718147,-1.09555098261996,0,-0.035400390625,0,361.70203418448,0,0,0,0,0,1.4140625,,
16.528255000000005,,,,,-0.416015625,-0.123046875,-1.017578125,-0.029830486508842523,-1.1279792572988532,0,-0.01953125,0,362.53979222543995,0,0,0,0,0,1.42578125,,
16.551390000000016,,,,,0.32421875,0.076171875,-1.412109375,-0.029145366897718218,-1.1417849286144035,0,-0.029296875,0,363.27283051128,0,0,0,0,0,1.4375,,
16.574165000000036,,,,,0.171875,0.056640625,-0.6484375,-0.03058667862852962,-1.0802615242004023,0,-0.020751953125,0,363.79642928687997,0,0,0,0,0,1.453125,,
16.602774999999905,,,,,-0.25,-0.39453125,-0.697265625,-0.029766299805092204,-1.161547252506912,0,-0.0320870541036129,0,364.42474781759995,0,0,0,0,0,1.455078125,,
16.62462999999989,,,,,-0.3828125,-0.1015625,-0.8515625,-0.03068825353304977,-1.0905835214456732,0,-0.0283203125,0,365.4719453688,0,0,0,0,0,1.45703125,,
16.654244999999996,,,,,0.28125,0.298828125,-1.181640625,-0.031153148757662265,-1.1370755173712483,0,-0.02371651865541935,0,366.20498365464,0,0,0,0,0,1.458984375,,
16.678459999999962,,,,,-0.25,-0.55078125,-0.947265625,-0.03063177496714714,-1.1376346255553673,0,-0.029296875,0,367.25218120584,0,0,0,0,0,1.458984375,,
16.70217499999993,,,,,0.537109375,0.216796875,-1.32421875,-0.03093010720417851,-1.1183023848814115,0,-0.01813616044819355,0,368.0899392468,0,0,0,0,0,1.458984375,,
16.72760999999987,,,,,-0.38671875,-0.435546875,-0.720703125,-0.031682179574862364,-1.1451395777191165,0,-0.0217013880610466,0,369.03241704287996,0,0,0,0,0,1.466796875,,
16.757790000000035,,,,,-0.15625,-0.0390625,-1.171875,-0.03168730896407196,-1.1429461533044962,0,-0.0244140625,0,369.97489483896,0,0,0,0,0,1.47265625,,
16.782555000000052,,,,,0.25,-0.083984375,-1.103515625,-0.031630521585864484,-1.165762068048731,0,-0.0244140625,0,371.02209239015997,0,0,0,0,0,1.478515625,,
16.807034999999917,,,,,-0.291015625,0.087890625,-1.03515625,-0.03175561138109201,-1.09847554850612,0,-0.029296875,0,371.96457018624,0,0,0,0,0,1.470703125,,
16.831954999999958,,,,,-0.162109375,-0.126953125,-0.7578125,-0.030587646697998294,-1.143440749005832,0,-0.0390625,0,372.38344920672,0,0,0,0,0,1.478515625,,
16.855794999999926,,,,,-0.171875,0.08203125,-0.869140625,-0.03191022298301182,-1.1304879864730752,0,-0.01953125,0,373.01176773744,0,0,0,0,0,1.4765625,,
16.87717499999993,,,,,-0.0859375,-0.01953125,-1.19921875,-0.03147072934360218,-1.1741701949714416,0,-0.029296875,0,373.95424553351995,0,0,0,0,0,1.48046875,,
16.90137999999989,,,,,-0.236328125,-1.0234375,-0.767578125,-0.03351542563056203,-1.1490318308470209,0,-0.01708984375,0,374.68728381936,0,0,0,0,0,1.5,,
16.924479999999864,,,,,0.53125,0.3203125,-1.5546875,-0.03045763081620984,-1.1491823599735143,0,-0.0265066958963871,0,375.21088259495997,0,0,0,0,0,1.509765625,,
16.953005000000005,,,,,-0.69921875,-0.517578125,-1.109375,-0.03283889996077682,-1.1380647087739204,0,-0.0167410708963871,0,375.62976161544,0,0,0,0,0,1.5234375,,
16.975640000000013,,,,,-0.15625,-0.154296875,-0.80859375,-0.03216507594251591,-1.1453976276502482,0,-0.01953125,0,376.25808014615995,0,0,0,0,0,1.5234375,,
17.003814999999943,,,,,0.15625,-0.798828125,-0.982421875,-0.03449668733873645,-1.1623859147830902,0,-0.0244140625,0,377.09583818711997,0,0,0,0,0,1.53125,,
17.025779999999912,,,,,-0.384765625,-0.30859375,-1.005859375,-0.03135418595677091,-1.1683425673600487,0,-0.0271267369389534,0,377.72415671784,0,0,0,0,0,1.556640625,,
17.054640000000013,,,,,-0.171875,-0.572265625,-0.873046875,-0.033008144931498874,-1.163203072898341,0,-0.0348772332072258,0,378.14303573831995,0,0,0,0,0,1.568359375,,
17.07612999999989,,,,,0.322265625,0.3046875,-1.111328125,-0.03303826274997095,-1.1696328170157078,0,-0.0234375,0,378.87607402416,0,0,0,0,0,1.587890625,,
17.10142499999993,,,,,-0.8125,-0.541015625,-0.302734375,-0.03477391787878941,-1.1793742019159321,0,-0.01813616044819355,0,379.60911231,0,0,0,0,0,1.609375,,
17.124775000000025,,,,,0.474609375,-0.26953125,-1.35546875,-0.032388240356970445,-1.1919326318976786,0,-0.025634765625,0,380.23743084072,0,0,0,0,0,1.63671875,,
17.15336499999999,,,,,0.224609375,-0.8203125,-1.04296875,-0.03424825138853249,-1.239026744329228,0,-0.0334821417927742,0,380.76102961632,0,0,0,0,0,1.65234375,,
17.175900000000023,,,,,-0.01953125,-0.462890625,-1.08203125,-0.033054437912458816,-1.1549884834239794,0,-0.0263671875,0,381.17990863679995,0,0,0,0,0,1.68359375,,
17.200125,,,,,-0.375,-0.44921875,-0.86328125,-0.034388260025964165,-1.1988999800382365,0,-0.035400390625,0,381.7035074124,0,0,0,0,0,1.701171875,,
17.226344999999974,,,,,0.474609375,0.427734375,-0.9765625,-0.0332570729804179,-1.1840513569176956,0,-0.01813616044819355,0,382.33182594311995,0,0,0,0,0,1.734375,,
17.25455500000005,,,,,0.13671875,-0.33203125,-1.171875,-0.03433733823610835,-1.2008783628435804,0,-0.02604166604578495,0,382.96014447384,0,0,0,0,0,1.759765625,,
17.276554999999934,,,,,-0.23828125,-0.595703125,-0.62890625,-0.03296356846348966,-1.2170064835393164,0,-0.015625,0,383.48374324943995,0,0,0,0,0,1.783203125,,
17.30150499999989,,,,,0.640625,-0.71875,-1.3671875,-0.034221730087626384,-1.250940049483145,0,-0.0223214291036129,0,383.7979025148,0,0,0,0,0,1.787109375,,
17.325204999999958,,,,,-0.57421875,0.2265625,-1.10546875,-0.033271399984081726,-1.199867667279981,0,-0.01953125,0,384.11206178016,0,0,0,0,0,1.796875,,
17.35170999999996,,,,,0.224609375,-0.185546875,-0.8515625,-0.036226525718136934,-1.307044405343379,0,-0.0244140625,0,384.94981982112,0,0,0,0,0,1.8203125,,
17.374834999999962,,,,,0.3125,0.30859375,-1.4140625,-0.034289035121366364,-1.2479079627923468,0,-0.0244140625,0,385.68285810696,0,0,0,0,0,1.830078125,,
17.400089999999967,,,,,-0.224609375,-0.68359375,-0.5078125,-0.035255436824575485,-1.3156245655535106,0,-0.0244140625,0,386.31117663768,0,0,0,0,0,1.841796875,,
17.428780000000028,,,,,-0.2109375,0.02734375,-1.22265625,-0.03529167775760396,-1.2312422380734194,0,-0.023193359375,0,386.73005565816,0,0,0,0,0,1.84765625,,
17.456604999999982,,,,,-0.40625,-0.53125,-0.884765625,-0.03551748044315702,-1.3945878444798343,0,-0.025390625,0,387.67253345423995,0,0,0,0,0,1.8515625,,
17.47816000000003,,,,,-0.0234375,-1.087890625,-0.9453125,-0.037638277021116155,-1.3106356002182962,0,-0.02495659701526165,0,389.24332978103996,0,0,0,0,0,1.859375,,
17.50403999999992,,,,,-0.3125,-0.021484375,-1.48046875,-0.037736585234645084,-1.3891472917651393,0,-0.02092633955180645,0,390.70940635271995,0,0,0,0,0,1.876953125,,
17.528640000000014,,,,,-0.037109375,-0.87890625,-0.66015625,-0.036874345211143494,-1.3904590455817258,0,-0.0314670130610466,0,391.75660390392,0,0,0,0,0,1.880859375,,
17.552854999999866,,,,,-0.0859375,0.59375,-0.953125,-0.03550278576502639,-1.4049420979664968,0,-0.018310546875,0,392.38492243464,0,0,0,0,0,1.861328125,,
17.57533999999997,,,,,-0.07421875,-0.61328125,-1.080078125,-0.03628668574492141,-1.4313599596661126,0,-0.029296875,0,393.11796072047997,0,0,0,0,0,1.875,,
17.60184999999986,,,,,-0.46875,0.009765625,0.01171875,-0.03644966966595918,-1.4314029679879678,0,-0.023193359375,0,394.16515827167996,0,0,0,0,0,1.884765625,,
17.630040000000037,,,,,0.13671875,-0.630859375,-1.078125,-0.03593875901233595,-1.5050117108433074,0,-0.0282118059694767,0,394.89819655751995,0,0,0,0,0,1.87890625,,
17.653259999999893,,,,,-0.11328125,-0.01953125,-1.1953125,-0.03529633641022349,-1.4426281399922,0,-0.0206163190305233,0,395.42179533312,0,0,0,0,0,1.884765625,,
17.675890000000013,,,,,-0.173828125,0.140625,-0.578125,-0.03595483187817358,-1.5102157177877984,0,-0.032958984375,0,396.25955337408,0,0,0,0,0,1.87890625,,
17.703524999999907,,,,,-0.015625,-0.328125,-0.8828125,-0.03655521264330282,-1.472099592543542,0,-0.02371651865541935,0,396.88787190479997,0,0,0,0,0,1.880859375,,
17.72646999999997,,,,,0.197265625,0.099609375,-1.126953125,-0.03573137302335744,-1.474981150107847,0,-0.02495659701526165,0,397.62091019063996,0,0,0,0,0,1.884765625,,
17.753054999999936,,,,,-0.234375,-0.89453125,-1.412109375,-0.035953762915367324,-1.5025064760952362,0,-0.023193359375,0,398.24922872136,0,0,0,0,0,1.892578125,,
17.774889999999896,,,,,0.09375,0.333984375,-0.689453125,-0.03547743057961518,-1.5036784528657932,0,-0.037841796875,0,398.66810774184,0,0,0,0,0,1.896484375,,
17.80242499999993,,,,,0.015625,-0.69921875,-0.794921875,-0.035734311764765846,-1.5484071075953012,0,-0.0223214291036129,0,399.19170651743997,0,0,0,0,0,1.8984375,,
17.82608999999997,,,,,-0.0625,0.0703125,-1.32421875,-0.03641273433223426,-1.5252830113447724,0,-0.02278645895421505,0,399.82002504815995,0,0,0,0,0,1.908203125,,
17.852704999999958,,,,,0.0625,0.12109375,-1.33984375,-0.03602953023033354,-1.5381281186718856,0,-0.023193359375,0,400.44834357888,0,0,0,0,0,1.9140625,,
17.87617000000004,,,,,0.21875,-0.34375,-0.98828125,-0.03595104179075822,-1.536870125257618,0,-0.02495659701526165,0,400.97194235447995,0,0,0,0,0,1.90625,,
17.909505000000003,,,,,-0.53125,0.630859375,-0.591796875,-0.03557654508578408,-1.5149466331918808,0,-0.029296875,0,401.39082137495996,0,0,0,0,0,1.912109375,,
17.930025000000022,,,,,-0.1875,-0.306640625,-0.69140625,-0.03692250208875187,-1.5543315039308685,0,-0.03107244335114956,0,402.33329917104,0,0,0,0,0,1.919921875,,
17.953679999999935,,,,,0.265625,-0.271484375,-1.37109375,-0.037518425587389104,-1.5631374578307402,0,-0.0348772332072258,0,403.48521647736,0,0,0,0,0,1.92578125,,
17.979629999999887,,,,,-0.0859375,0.05078125,-0.87109375,-0.037936918210422575,-1.5914261815310613,0,-0.013950892724096775,0,404.32297451832,0,0,0,0,0,1.9296875,,
18.00467499999993,,,,,-0.0625,0.34765625,-1.306640625,-0.03750373377687358,-1.600425672879282,0,-0.0303819440305233,0,405.05601280416,0,0,0,0,0,1.93359375,,
18.025874999999882,,,,,-0.2734375,-0.3125,-0.9140625,-0.03665754849703342,-1.5950173764059783,0,-0.02685546875,0,405.68433133487997,0,0,0,0,0,1.947265625,,
18.052905000000028,,,,,0.234375,0.216796875,-1.0390625,-0.037150520284297266,-1.6316389624657632,0,-0.02511160634458065,0,406.31264986559995,0,0,0,0,0,1.94921875,,
18.075969999999973,,,,,-0.1484375,0.140625,-0.8125,-0.03695152340233011,-1.6309400772356146,0,-0.0217013880610466,0,407.04568815144,0,0,0,0,0,1.9609375,,
18.101654999999912,,,,,-0.099609375,0.23828125,-0.708984375,-0.03761117668696667,-1.6309400772356146,0,-0.03069196455180645,0,407.67400668216,0,0,0,0,0,1.966796875,,
18.125589999999967,,,,,0.13671875,-0.3984375,-0.91015625,-0.03733059680190592,-1.6588668590273221,0,-0.0217013880610466,0,408.19760545775995,0,0,0,0,0,1.98046875,,
18.15209999999986,,,,,-0.0234375,0.126953125,-1.060546875,-0.03645596724998038,-1.6656262888119109,0,-0.018310546875,0,408.61648447823995,0,0,0,0,0,1.98046875,,
18.174609999999987,,,,,-0.625,0.39453125,-1.39453125,-0.03692872110762706,-1.6759375339767182,0,-0.023193359375,0,409.03536349871996,0,0,0,0,0,1.9765625,,
18.199630000000006,,,,,0.2109375,-0.068359375,-1.333984375,-0.037707684767461745,-1.6916678276952928,0,-0.0320870541036129,0,409.66368202944,0,0,0,0,0,1.9765625,,
18.227349999999976,,,,,-0.423828125,0.236328125,-0.611328125,-0.038237289794239834,-1.6916678276952928,0,-0.0303819440305233,0,410.39672031528,0,0,0,0,0,1.97265625,,
18.260540000000038,,,,,-0.072265625,0.171875,-0.9921875,-0.03746230103707906,-1.6903489506253992,0,-0.0217013880610466,0,411.025038846,0,0,0,0,0,1.974609375,,
18.282819999999948,,,,,-0.322265625,-0.548828125,-1.185546875,-0.038207929711605734,-1.698570663353068,0,-0.023082386702299118,0,411.75807713183997,0,0,0,0,0,1.9765625,,
18.303875,,,,,-0.125,-0.37109375,-1.193359375,-0.03807155166694024,-1.6818296740708938,0,-0.0244140625,0,412.5958351728,0,0,0,0,0,1.986328125,,
18.32597499999998,,,,,0.13671875,0.529296875,-1.3046875,-0.038082628329893675,-1.702839239297206,0,-0.03092447854578495,0,413.01471419328,0,0,0,0,0,1.994140625,,
18.350534999999915,,,,,-0.203125,-0.52734375,-1.146484375,-0.03751410721716311,-1.7053229698843495,0,-0.01953125,0,413.32887345864,0,0,0,0,0,1.98828125,,
18.376454999999957,,,,,-0.1484375,0.03125,-1.02734375,-0.03781785926337128,-1.7135160551977835,0,-0.02197265625,0,413.74775247912,0,0,0,0,0,1.98828125,,
18.39928500000003,,,,,-0.111328125,-0.8515625,-1.087890625,-0.03863495170460875,-1.7175480853717173,0,-0.029296875,0,414.1666314996,0,0,0,0,0,1.9921875,,
18.428389999999897,,,,,0.01171875,0.734375,-0.857421875,-0.039035183088330115,-1.706462690413515,0,-0.0265066958963871,0,415.00438954056,0,0,0,0,0,1.99609375,,
18.454949999999954,,,,,0.34375,-0.037109375,-1.234375,-0.03873026805938156,-1.7245691939145944,0,-0.021484375,0,415.52798831615996,0,0,0,0,0,1.99609375,,
18.482869999999995,,,,,0.2109375,0.388671875,-1.271484375,-0.038268633406148105,-1.725945460213964,0,-0.02278645895421505,0,415.94686733663997,0,0,0,0,0,2.00390625,,
18.504099999999976,,,,,-0.291015625,-0.17578125,-1.0078125,-0.03837533626169159,-1.7110538287715675,0,-0.02604166604578495,0,416.47046611224,0,0,0,0,0,2,,
18.526619999999994,,,,,-0.4375,-0.2109375,-0.140625,-0.038485655475641985,-1.7324074605727222,0,-0.0223214291036129,0,417.09878464295997,0,0,0,0,0,2,,
18.550885000000008,,,,,-0.234375,-0.525390625,-1.53515625,-0.03912273283113259,-1.7787166711304123,0,-0.0223214291036129,0,417.72710317367995,0,0,0,0,0,2.005859375,,
18.576524999999908,,,,,-0.2109375,0.029296875,-0.94921875,-0.037650330250476025,-1.7787166711304123,0,-0.023193359375,0,418.14598219415996,0,0,0,0,0,2,,
18.599209999999964,,,,,-0.2734375,-0.291015625,-1.30859375,-0.039330729774008595,-1.7231606713738337,0,-0.02278645895421505,0,418.56486121463996,0,0,0,0,0,2,,
18.627094999999972,,,,,0,-0.998046875,-0.845703125,-0.03751270960128905,-1.8145748594772655,0,-0.029296875,0,418.98374023511997,0,0,0,0,0,2.00390625,,
18.650104999999982,,,,,-0.25,0.033203125,-0.52734375,-0.04035866822813973,-1.7369770947698475,0,-0.02495659701526165,0,419.50733901072,0,0,0,0,0,2.015625,,
18.677125,,,,,-0.19921875,-0.39453125,-0.994140625,-0.03722544821785104,-1.921074216471443,0,-0.03173828125,0,420.13565754143997,0,0,0,0,0,2.0234375,,
18.702630000000006,,,,,-0.0625,-0.49609375,-0.67578125,-0.04114908620087445,-1.7443422698875668,0,-0.02278645895421505,0,420.65925631704,0,0,0,0,0,2.015625,,
18.727314999999944,,,,,0.15625,-0.189453125,-1.142578125,-0.03792335861311942,-1.8291224243448196,0,-0.025634765625,0,421.18285509263995,0,0,0,0,0,2.0078125,,
18.75022999999998,,,,,0.01171875,0.109375,-0.912109375,-0.04082815490367906,-1.728579719927601,0,-0.030517578125,0,421.91589337847995,0,0,0,0,0,2.005859375,,
18.77731999999995,,,,,0.34375,-0.568359375,-0.830078125,-0.038311004023832564,-1.8569810648265874,0,-0.03173828125,0,422.43949215407997,0,0,0,0,0,2.013671875,,
18.804400000000022,,,,,-0.125,0.154296875,-1.17578125,-0.040998497445436065,-1.7861786149723062,0,-0.02278645895421505,0,423.06781068479995,0,0,0,0,0,2.01953125,,
18.82710499999998,,,,,-0.416015625,-0.25,-0.98046875,-0.03737810198307322,-1.9419762608931168,0,-0.015869140625,0,423.48668970527996,0,0,0,0,0,2.021484375,,
18.84923999999999,,,,,0.25,-0.650390625,-1.21875,-0.04096385369776765,-1.810080489843387,0,-0.0265066958963871,0,424.01028848088,0,0,0,0,0,2.01953125,,
18.87713500000001,,,,,-0.0859375,-0.02734375,-0.984375,-0.03992291118573099,-1.7802004582344202,0,-0.03662109375,0,424.53388725648,0,0,0,0,0,2.01171875,,
18.900775000000024,,,,,-0.287109375,-0.07421875,-0.935546875,-0.041728764115665486,-1.851071049398641,0,-0.0314670130610466,0,425.1622057872,0,0,0,0,0,2.00390625,,
18.927954999999958,,,,,-0.236328125,-0.66796875,-1.16796875,-0.03963680315740868,-1.6190267720816975,0,-0.03173828125,0,425.6858045628,0,0,0,0,0,2.015625,,
18.94993000000005,,,,,0.01171875,0.056640625,-0.986328125,-0.04222381432351826,-1.9100748381569508,0,-0.02387152798473835,0,426.20940333839997,0,0,0,0,0,2.013671875,,
18.977344999999854,,,,,-0.236328125,0.22265625,-0.59375,-0.040098543194762616,-1.8635720901509119,0,-0.02371651865541935,0,426.733002114,0,0,0,0,0,2.005859375,,
19.00546499999997,,,,,0,-0.3515625,-0.81640625,-0.04136556265404644,-1.9051933936263747,0,-0.02387152798473835,0,427.57076015496,0,0,0,0,0,2.00390625,,
19.027655000000028,,,,,-0.0234375,0.04296875,-1.1484375,-0.04148928712400143,-1.8623607338856563,0,-0.025390625,0,428.61795770616,0,0,0,0,0,2.001953125,,
19.05477000000002,,,,,-0.296875,0.11328125,-0.634765625,-0.03980039046396334,-1.9688994703745322,0,-0.02511160634458065,0,429.45571574712,0,0,0,0,0,2.005859375,,
19.08056999999995,,,,,0.14453125,-0.36328125,-1.08984375,-0.04133824058728423,-1.950549297849941,0,-0.0303819440305233,0,429.97931452271996,0,0,0,0,0,2.001953125,,
19.106150000000024,,,,,-0.298828125,0.20703125,-1.033203125,-0.04125268447933339,-1.829326713873632,0,-0.0282118059694767,0,430.50291329832,0,0,0,0,0,2,,
19.12919000000006,,,,,-0.287109375,-0.494140625,-1.0078125,-0.04126672864476897,-1.969222032788447,0,-0.032958984375,0,431.23595158416,0,0,0,0,0,1.9921875,,
19.15152000000002,,,,,-0.09375,0.298828125,-1.037109375,-0.04445694603364682,-2.0349172444224117,0,-0.01953125,0,432.07370962512,0,0,0,0,0,1.98828125,,
19.177449999999954,,,,,0.3125,-0.41796875,-1.189453125,-0.04334626892452079,-1.9732110546405257,0,-0.02371651865541935,0,432.70202815583997,0,0,0,0,0,1.98828125,,
19.199469999999973,,,,,-0.125,0.189453125,-1.01171875,-0.039047229930014096,-1.8666794414049568,0,-0.029296875,0,433.33034668655995,0,0,0,0,0,1.990234375,,
19.227474999999977,,,,,-0.3359375,0.357421875,-0.7890625,-0.0430022967638297,-2.0011987200878596,0,-0.02371651865541935,0,433.74922570703995,0,0,0,0,0,1.98828125,,
19.250270000000018,,,,,-0.673828125,0.05078125,-0.998046875,-0.04159160138753257,-1.8709157611077036,0,-0.01953125,0,434.48226399287995,0,0,0,0,0,1.994140625,,
19.276934999999938,,,,,-0.2734375,-0.458984375,-0.818359375,-0.04323371828242767,-2.0405620866659193,0,-0.015869140625,0,435.21530227871995,0,0,0,0,0,1.9921875,,
19.299419999999927,,,,,-0.125,-0.125,-0.91015625,-0.043506655129557856,-2.0686680249983556,0,-0.025634765625,0,435.52946154408,0,0,0,0,0,1.990234375,,
19.33196499999997,,,,,-0.0625,0.359375,-0.66015625,-0.04269485808785501,-2.057324580109021,0,-0.029296875,0,436.05306031967996,0,0,0,0,0,1.98046875,,
19.35505000000005,,,,,0.072265625,0.005859375,-0.728515625,-0.04242809788000781,-1.9156695488252957,0,-0.03284801170229912,0,436.6813788504,0,0,0,0,0,1.970703125,,
19.378525000000025,,,,,-0.412109375,-0.212890625,-0.72265625,-0.043942474541486046,-2.205101174003819,0,-0.02371651865541935,0,437.30969738112,0,0,0,0,0,1.9609375,,
19.400474999999975,,,,,0.296875,-0.08203125,-1.125,-0.043272424450347645,-1.988704802588896,0,-0.015869140625,0,437.83329615672,0,0,0,0,0,1.95703125,,
19.427385000000008,,,,,-0.32421875,0.212890625,-0.6875,-0.04170878850661017,-1.9339229526257127,0,-0.0320870541036129,0,438.2521751772,0,0,0,0,0,1.9609375,,
19.449520000000017,,,,,-0.19921875,0.21875,-1.28515625,-0.04302772903555636,-1.9649104485224533,0,-0.0271267369389534,0,438.67105419767995,0,0,0,0,0,1.95703125,,
19.476505000000003,,,,,0,-0.42578125,-0.953125,-0.044426567466746565,-2.0747752067018075,0,-0.01813616044819355,0,439.40409248351995,0,0,0,0,0,1.958984375,,
19.49945499999996,,,,,-0.236328125,-0.17578125,-1.21484375,-0.042977814769158754,-2.048185311714771,0,-0.02495659701526165,0,440.03241101424,0,0,0,0,0,1.96875,,
19.533034999999916,,,,,-0.13671875,0.099609375,-0.953125,-0.04446106708152116,-2.1087087726456364,0,-0.0334821417927742,0,440.45129003472,0,0,0,0,0,1.96875,,
19.556609999999985,,,,,-0.072265625,-0.2265625,-0.779296875,-0.042659272393498725,-1.9650573488217904,0,-0.02197265625,0,440.97488881031995,0,0,0,0,0,1.955078125,,
19.579059999999938,,,,,-0.349609375,-0.00390625,-0.841796875,-0.043860246286686826,-2.123009039662522,0,-0.0265066958963871,0,441.49848758592,0,0,0,0,0,1.9609375,,
19.601124999999882,,,,,0.3125,-0.369140625,-1.0390625,-0.045367297946497104,-2.013477595977547,0,-0.0362723208963871,0,442.12680611663995,0,0,0,0,0,1.970703125,,
19.626900000000024,,,,,-0.375,0.12890625,-0.634765625,-0.04185304356167492,-1.9879844131978195,0,-0.02685546875,0,442.75512464736,0,0,0,0,0,1.9765625,,
19.650659999999917,,,,,0.26953125,-0.2578125,-1.05859375,-0.04448203354243609,-2.0044350963074704,0,-0.028076171875,0,443.17400366784,0,0,0,0,0,1.96875,,
19.68005999999994,,,,,-0.015625,-0.2109375,-0.73828125,-0.04405516869323942,-2.1242132726744707,0,-0.01953125,0,443.4881629332,0,0,0,0,0,1.962890625,,
19.70196999999997,,,,,-0.48828125,0.01953125,-1.134765625,-0.04137665941019893,-2.157114638893772,0,-0.0224609375,0,443.90704195368,0,0,0,0,0,1.9609375,,
19.728054999999934,,,,,0.21875,-0.185546875,-1.171875,-0.04672150026241497,-2.105751950518085,0,-0.02371651865541935,0,444.43064072927996,0,0,0,0,0,1.95703125,,
19.75177000000002,,,,,-0.05078125,-0.14453125,-1.017578125,-0.04426076195286632,-2.149609686730023,0,-0.0244140625,0,445.05895926,0,0,0,0,0,1.9609375,,
19.778324999999953,,,,,0.046875,-0.099609375,-1.451171875,-0.04411217425558992,-2.0914409314207347,0,-0.025634765625,0,445.79199754584,0,0,0,0,0,1.96484375,,
19.79998999999999,,,,,0.0234375,-0.36328125,-0.939453125,-0.04532475428511934,-2.0572493155457745,0,-0.02604166604578495,0,446.21087656632,0,0,0,0,0,1.953125,,
19.834204999999958,,,,,-0.375,0.52734375,-0.703125,-0.04092882415106999,-2.100354406125245,0,-0.02511160634458065,0,446.6297555868,0,0,0,0,0,1.955078125,,
19.855929999999933,,,,,-0.03515625,-0.2109375,-1.2421875,-0.0453577136427379,-2.155483951490427,0,-0.02848307229578495,0,447.57223338288,0,0,0,0,0,1.94140625,,
19.87885499999998,,,,,0,0.18359375,-0.6796875,-0.044259230231982256,-2.1226649730876797,0,-0.02092633955180645,0,448.20055191359995,0,0,0,0,0,1.931640625,,
19.901890000000012,,,,,0.296875,-0.572265625,-1.18359375,-0.04660641080581734,-1.8899361914482082,0,-0.02371651865541935,0,448.61943093407996,0,0,0,0,0,1.9375,,
19.9272649999999,,,,,-0.224609375,-0.353515625,-0.703125,-0.04356758692346622,-2.2051764385670656,0,-0.02197265625,0,449.03830995455996,0,0,0,0,0,1.94921875,,
19.949864999999992,,,,,-0.1875,0.318359375,-0.587890625,-0.043005668501574904,-2.120503804914452,0,-0.020751953125,0,449.77134824039996,0,0,0,0,0,1.951171875,,
19.976434999999938,,,,,0.236328125,0.4296875,-0.90625,-0.04588584750462912,-2.1889192929057635,0,-0.02790178544819355,0,450.50438652623995,0,0,0,0,0,1.9609375,,
19.999664999999922,,,,,-0.1875,0.134765625,-0.970703125,-0.046883707799160276,-2.178124204120085,0,-0.02278645895421505,0,450.92326554671996,0,0,0,0,0,1.96484375,,
20.025755000000004,,,,,-0.099609375,-0.4453125,-1.1015625,-0.04632660822773414,-2.123697172812207,0,-0.03069196455180645,0,451.23742481207995,0,0,0,0,0,1.962890625,,
20.050390000000014,,,,,-0.162109375,-0.2578125,-1.12109375,-0.04470581244108797,-2.1326429037581085,0,-0.02604166604578495,0,451.8657433428,0,0,0,0,0,1.970703125,,
20.07701000000001,,,,,-0.13671875,0.755859375,-0.71484375,-0.04692073935976945,-2.1927147773094937,0,-0.023193359375,0,453.12238040423995,0,0,0,0,0,1.974609375,,
20.09975,,,,,-0.111328125,0.369140625,-1.009765625,-0.04680140072621748,-2.1533729148923615,0,-0.02495659701526165,0,454.27429771055995,0,0,0,0,0,1.98828125,,
20.13735499999998,,,,,-0.0625,-0.0390625,-1.095703125,-0.045678467705197186,-2.183607765156635,0,-0.0223214291036129,0,455.21677550664,0,0,0,0,0,1.994140625,,
20.1595,,,,,-0.171875,0.095703125,-0.98828125,-0.04551065300653117,-2.2712193456030296,0,-0.018780048936605453,0,456.26397305783996,0,0,0,0,0,2.005859375,,
20.182394999999904,,,,,0.0625,0.515625,-0.65234375,-0.046697516396040833,-2.1903815758488436,0,-0.009765625,0,457.31117060903995,0,0,0,0,0,2.009765625,,
20.20369499999995,,,,,-0.296875,-0.478515625,-0.962890625,-0.04836501172439305,-2.2265408224486842,0,-0.03662109375,0,458.25364840512,0,0,0,0,0,2.015625,,
20.22745999999996,,,,,-0.25,0.568359375,-0.912109375,-0.04846619073252582,-2.318643143701801,0,-0.02511160634458065,0,459.09140644608,0,0,0,0,0,2.017578125,,
20.249949999999952,,,,,-0.048828125,-0.015625,-0.89453125,-0.04774638624343874,-2.269817946315576,0,-0.01953125,0,459.82444473192,0,0,0,0,0,2.017578125,,
20.274880000000003,,,,,0.125,-0.072265625,-1.46875,-0.0452591629577048,-2.2474106106289664,0,-0.02371651865541935,0,460.34804350751995,0,0,0,0,0,2.0078125,,
20.299714999999967,,,,,-0.01171875,-0.39453125,-0.806640625,-0.04697900875364672,-2.2142942028003887,0,-0.023193359375,0,461.08108179336,0,0,0,0,0,2,,
20.32565500000003,,,,,0.162109375,0.140625,-1.1875,-0.04883857864500631,-2.2157994940653234,0,-0.0146484375,0,462.02355958943997,0,0,0,0,0,2.0078125,,
20.357755000000004,,,,,-0.349609375,0.2734375,-1,-0.04817208688115329,-2.2856342566778607,0,-0.029296875,0,462.75659787527997,0,0,0,0,0,2.013671875,,
20.379050000000046,,,,,-0.20703125,-0.248046875,-1.0390625,-0.04616628344670605,-2.2911608260362666,0,-0.030184658244252205,0,463.38491640599995,0,0,0,0,0,2.015625,,
20.40110499999998,,,,,0.125,0.2890625,-1.02734375,-0.04644262561356781,-2.1245465871688487,0,-0.0223214291036129,0,463.80379542647995,0,0,0,0,0,2.015625,,
20.42646499999997,,,,,-0.46875,0.330078125,-1.224609375,-0.04903036014794437,-2.2688932673956868,0,-0.01953125,0,464.4321139572,0,0,0,0,0,2.009765625,,
20.449214999999967,,,,,0.099609375,0.01953125,-1.0234375,-0.04730250138535096,-2.303041874948792,0,-0.023193359375,0,465.16515224304,0,0,0,0,0,2.01171875,,
20.47502000000002,,,,,0.2109375,-0.34765625,-0.8984375,-0.04798514085451125,-2.31074036456089,0,-0.037841796875,0,465.79347077375996,0,0,0,0,0,2.001953125,,
20.500124999999883,,,,,-0.125,0.09375,-0.9765625,-0.047713949969629396,-2.324675060842006,0,-0.029296875,0,466.31706954936,0,0,0,0,0,2.0078125,,
20.52773999999999,,,,,0.048828125,-0.02734375,-0.927734375,-0.04824581595044193,-2.2812043995267657,0,-0.0244140625,0,467.0501078352,0,0,0,0,0,2.017578125,,
20.54963500000001,,,,,-0.13671875,-0.08984375,-1.04296875,-0.04970245998645266,-2.3295134970507267,0,-0.0224609375,0,467.88786587616,0,0,0,0,0,2.021484375,,
20.577284999999915,,,,,-0.07421875,-0.060546875,-0.80078125,-0.045597013968109106,-2.3411902564344396,0,-0.0223214291036129,0,468.41146465175996,0,0,0,0,0,2.01171875,,
20.599929999999937,,,,,-0.375,-0.1640625,-0.96875,-0.04870458929133749,-2.3440073015159615,0,-0.02387152798473835,0,468.93506342736,0,0,0,0,0,2.015625,,
20.624974999999978,,,,,0.287109375,-0.330078125,-1.27734375,-0.048575022754068935,-2.3291479263149566,0,-0.02092633955180645,0,469.35394244784,0,0,0,0,0,2.017578125,,
20.64981999999995,,,,,-0.173828125,-0.34765625,-0.619140625,-0.048135199703604734,-2.333298229373993,0,-0.03173828125,0,469.87754122343995,0,0,0,0,0,2.015625,,
20.675439999999945,,,,,0.07421875,-0.70703125,-1.146484375,-0.048658585546520756,-2.3382011780654968,0,-0.0271267369389534,0,470.61057950927994,0,0,0,0,0,2.017578125,,
20.70059499999997,,,,,-0.173828125,0.1171875,-0.947265625,-0.048538639827353666,-2.3540712488301008,0,-0.023193359375,0,471.13417828487997,0,0,0,0,0,2.013671875,,
20.726024999999908,,,,,0.111328125,-0.404296875,-0.734375,-0.04831967862128766,-2.358769907992792,0,-0.023193359375,0,471.76249681559995,0,0,0,0,0,2.005859375,,
20.74962999999989,,,,,-0.3125,-0.41796875,-1.208984375,-0.04831626560040304,-2.3784354631611264,0,-0.02495659701526165,0,472.07665608096,0,0,0,0,0,2,,
20.776639999999897,,,,,-0.2734375,-0.15234375,-0.92578125,-0.048276700977878395,-2.375940980493519,0,-0.025634765625,0,472.60025485655996,0,0,0,0,0,1.994140625,,
20.799625,,,,,-0.1484375,-0.74609375,-1.18359375,-0.04863285034461451,-2.384757686473855,0,-0.015869140625,0,473.33329314239995,0,0,0,0,0,1.998046875,,
20.82503999999992,,,,,0.1484375,-0.5078125,-0.931640625,-0.04909780179896809,-2.389338072751444,0,-0.01953125,0,473.96161167312,0,0,0,0,0,1.98828125,,
20.849755000000005,,,,,0.162109375,-1.06640625,-0.859375,-0.049081026013403896,-2.4087778342300377,0,-0.02685546875,0,474.58993020383997,0,0,0,0,0,1.96875,,
20.87578999999992,,,,,-0.01171875,-0.5703125,-1.115234375,-0.04877107445418125,-2.4139173286917455,0,-0.013020833022892475,0,475.00880922432,0,0,0,0,0,1.953125,,
20.907069999999948,,,,,-0.173828125,-0.3046875,-0.966796875,-0.049266620183488104,-2.4174225069229522,0,-0.030517578125,0,475.4276882448,0,0,0,0,0,1.955078125,,
20.93015499999991,,,,,0.08203125,-1.08984375,-0.826171875,-0.05006527577230889,-2.435722547872381,0,-0.0224609375,0,476.26544628576,0,0,0,0,0,1.955078125,,
20.951564999999945,,,,,-0.0234375,-1.138671875,-1.005859375,-0.04968659860775805,-2.445797247266984,0,-0.029296875,0,476.89376481648,0,0,0,0,0,1.943359375,,
20.977024999999905,,,,,-0.140625,-0.45703125,-1.19140625,-0.04836863959490289,-2.447721869670008,0,-0.0167410708963871,0,477.20792408183996,0,0,0,0,0,1.931640625,,
21.002625,,,,,-0.13671875,-0.62109375,-0.953125,-0.04965949071744776,-2.440603992402957,0,-0.02495659701526165,0,477.73152285744,0,0,0,0,0,1.9296875,,
21.029775000000022,,,,,0.05078125,-0.8125,-1.2578125,-0.050394440094732915,-2.4510980229356494,0,-0.02197265625,0,478.67400065351995,0,0,0,0,0,1.92578125,,
21.051679999999934,,,,,-0.1875,-0.509765625,-0.89453125,-0.050471425451598,-2.462409211583592,0,-0.02278645895421505,0,479.40703893935995,0,0,0,0,0,1.916015625,,
21.078119999999878,,,,,-0.125,-0.876953125,-1.236328125,-0.04992786631481387,-2.462409211583592,0,-0.02371651865541935,0,479.82591795983996,0,0,0,0,0,1.919921875,,
21.099864999999873,,,,,-0.048828125,-0.890625,-0.91796875,-0.04971597434011231,-2.437184830815461,0,-0.0271267369389534,0,480.14007722519995,0,0,0,0,0,1.908203125,,
21.125264999999896,,,,,-0.224609375,-0.7578125,-0.931640625,-0.0498968428889808,-2.4295723578470736,0,-0.013950892724096775,0,480.66367600079997,0,0,0,0,0,1.91796875,,
21.14970499999996,,,,,-0.048828125,-0.677734375,-1.0546875,-0.05108550793535061,-2.4528613641317163,0,-0.032958984375,0,481.39671428663996,0,0,0,0,0,1.91796875,,
21.175379999999887,,,,,-0.099609375,-0.00390625,-0.759765625,-0.05090124325154568,-2.4140571057377755,0,-0.0146484375,0,482.02503281736,0,0,0,0,0,1.927734375,,
21.203395000000018,,,,,-0.236328125,-0.21875,-1.095703125,-0.05069053135114827,-2.4652656361598124,0,-0.02495659701526165,0,482.54863159295996,0,0,0,0,0,1.9375,,
21.23318499999994,,,,,-0.05078125,-0.546875,-0.927734375,-0.05036290200962973,-2.4637317174806426,0,-0.0325520820915699,0,482.96751061343997,0,0,0,0,0,1.9375,,
21.25353999999992,,,,,-0.1484375,-0.671875,-1.060546875,-0.0507130036800394,-2.4653982899525353,0,-0.025390625,0,483.59582914415995,0,0,0,0,0,1.935546875,,
21.277709999999963,,,,,0.07421875,-0.41015625,-1.185546875,-0.051902115673702454,-2.468344359999623,0,-0.029296875,0,484.32886742999995,0,0,0,0,0,1.939453125,,
21.304400000000022,,,,,-0.546875,0.212890625,-0.55078125,-0.05188693391865147,-2.4865368801444134,0,-0.0325520820915699,0,484.95718596072,0,0,0,0,0,1.943359375,,
21.327265000000015,,,,,0.103515625,-0.71484375,-1.0078125,-0.05116373283172577,-2.489482950191501,0,-0.028076171875,0,485.48078473631995,0,0,0,0,0,1.94921875,,
21.34956999999995,,,,,-0.296875,-1.119140625,-0.958984375,-0.050719725385659394,-2.484881059752984,0,-0.0244140625,0,485.79494400168,0,0,0,0,0,1.951171875,,
21.37697499999986,,,,,-0.1484375,-0.291015625,-1.2578125,-0.051176594477960045,-2.4869239550411106,0,-0.01953125,0,486.21382302215994,0,0,0,0,0,1.955078125,,
21.409505000000003,,,,,-0.162109375,-0.63671875,-1.02734375,-0.051843070208709145,-2.482644627016509,0,-0.013020833022892475,0,486.946861308,0,0,0,0,0,1.958984375,,
21.431634999999893,,,,,0.115234375,-0.6875,-0.9765625,-0.05257748758033804,-2.5153739599483895,0,-0.01775568164885044,0,487.9940588592,0,0,0,0,0,1.970703125,,
21.453794999999925,,,,,-0.765625,0.458984375,-0.724609375,-0.05248119948821278,-2.510320482130392,0,-0.01953125,0,489.04125641039997,0,0,0,0,0,1.984375,,
21.47654999999993,,,,,0.0625,-0.697265625,-0.859375,-0.05251917124870911,-2.5121913441310975,0,-0.0223214291036129,0,489.66957494111995,0,0,0,0,0,1.986328125,,
21.50025499999989,,,,,0.53125,-1.11328125,-1.46875,-0.05240250838382839,-2.5276743399990043,0,-0.029296875,0,490.29789347184,0,0,0,0,0,1.986328125,,
21.52741499999992,,,,,-0.236328125,-0.59765625,-0.828125,-0.052359533357500924,-2.527932389930136,0,-0.037841796875,0,490.92621200255996,0,0,0,0,0,1.994140625,,
21.549844999999973,,,,,0.26171875,-0.27734375,-1.11328125,-0.05232874432175448,-2.536189987726353,0,-0.0217013880610466,0,491.44981077816,0,0,0,0,0,2.005859375,,
21.575679999999934,,,,,-0.162109375,-0.3828125,-0.94921875,-0.051910458771963784,-2.5481032928802696,0,-0.02511160634458065,0,491.86868979864,0,0,0,0,0,2.017578125,,
21.60058999999997,,,,,0.0234375,-0.69921875,-1.181640625,-0.05217845629427907,-2.5572640654354477,0,-0.029296875,0,492.28756881912,0,0,0,0,0,2.01953125,,
21.629010000000008,,,,,-0.224609375,-0.2890625,-0.88671875,-0.052779525307623094,-2.56190896419582,0,-0.02685546875,0,493.02060710496,0,0,0,0,0,2.02734375,,
21.65140499999991,,,,,-0.134765625,-0.583984375,-1.068359375,-0.05300007676612193,-2.5611778227242796,0,-0.025390625,0,493.64892563568,0,0,0,0,0,2.03125,,
21.677820000000064,,,,,0.171875,-0.240234375,-1.009765625,-0.052817034910816324,-2.5627261223110707,0,-0.0223214291036129,0,494.06780465616,0,0,0,0,0,2.03515625,,
21.700009999999892,,,,,-0.349609375,-0.177734375,-0.9609375,-0.052640526493187983,-2.5641884052541504,0,-0.0303819440305233,0,494.38196392151997,0,0,0,0,0,2.05078125,,
21.726334999999963,,,,,-0.13671875,-0.341796875,-0.935546875,-0.05281699312734326,-2.562994924322666,0,-0.01953125,0,494.90556269712,0,0,0,0,0,2.0703125,,
21.750299999999932,,,,,0.07421875,-0.564453125,-0.896484375,-0.053644887189027955,-2.577961820328309,0,-0.02604166604578495,0,495.63860098296,0,0,0,0,0,2.072265625,,
21.776689999999945,,,,,-0.099609375,-0.21484375,-1.013671875,-0.05361457788714296,-2.5905632586319114,0,-0.025634765625,0,496.26691951367997,0,0,0,0,0,2.080078125,,
21.799755000000005,,,,,-0.26171875,-0.3671875,-0.849609375,-0.05335434424705538,-2.591401920908089,0,-0.02197265625,0,496.79051828928,0,0,0,0,0,2.091796875,,
21.830755000000003,,,,,0,-0.65234375,-1.20703125,-0.05326235095142544,-2.59477807417373,0,-0.025634765625,0,497.20939730976,0,0,0,0,0,2.099609375,,
21.852069999999948,,,,,0.15625,-0.826171875,-1.01171875,-0.05326744702378805,-2.5976739454451523,0,-0.0234375,0,497.83771584048,0,0,0,0,0,2.1015625,,
21.877390000000013,,,,,-0.25,-0.0703125,-0.83203125,-0.0543320834392618,-2.6001111060837867,0,-0.02371651865541935,0,498.57075412631997,0,0,0,0,0,2.09765625,,
21.901239999999873,,,,,0.01171875,-0.5390625,-1.18359375,-0.05468660645218522,-2.605035558936218,0,-0.0347222238779068,0,499.40851216728,0,0,0,0,0,2.11328125,,
21.927119999999995,,,,,0.048828125,-0.392578125,-0.697265625,-0.05418003106258897,-2.618077832538837,0,-0.02790178544819355,0,499.93211094287994,0,0,0,0,0,2.130859375,,
21.952775000000024,,,,,-0.2109375,-0.158203125,-0.78515625,-0.05393072232153736,-2.618260617906722,0,-0.0336371511220932,0,500.45570971847997,0,0,0,0,0,2.150390625,,
21.976219999999856,,,,,0.07421875,-0.57421875,-0.6328125,-0.053503901992676135,-2.627801274904787,0,-0.0325520820915699,0,500.76986898383996,0,0,0,0,0,2.16015625,,
22.00263500000001,,,,,-0.048828125,-0.359375,-0.8984375,-0.054472983369903825,-2.6257440659095432,0,-0.0265066958963871,0,501.60762702479997,0,0,0,0,0,2.1640625,,
22.031714999999966,,,,,0.0859375,-0.15234375,-1.0390625,-0.05471104303502851,-2.6434204861920696,0,-0.02495659701526165,0,502.1312258004,0,0,0,0,0,2.171875,,
22.053770000000018,,,,,0.259765625,-0.607421875,-1.041015625,-0.05455603510869275,-2.653806995920124,0,-0.0224609375,0,502.65482457599995,0,0,0,0,0,2.19140625,,
22.07551000000001,,,,,-0.75,0.4609375,-0.771484375,-0.0547258174492543,-2.6504308426544836,0,-0.0265066958963871,0,503.1784233516,0,0,0,0,0,2.203125,,
22.10295499999996,,,,,-0.037109375,-0.26953125,-0.896484375,-0.05555985118604735,-2.680257113861131,0,-0.0362723208963871,0,504.12090114767994,0,0,0,0,0,2.208984375,,
22.12548499999987,,,,,0.08203125,-0.53125,-1.09765625,-0.05624144971482794,-2.6879233472318376,0,-0.0314670130610466,0,505.06337894376,0,0,0,0,0,2.21484375,,
22.153044999999924,,,,,-0.6875,-0.30078125,-0.8671875,-0.05568546681445483,-2.711115584792306,0,-0.02511160634458065,0,505.79641722959997,0,0,0,0,0,2.224609375,,
22.1756399999999,,,,,0,-1.02734375,-0.853515625,-0.055701050616277135,-2.7086426062856264,0,-0.0234375,0,506.42473576031995,0,0,0,0,0,2.234375,,
22.203869999999995,,,,,0.01171875,-0.53125,-0.833984375,-0.05538464162267623,-2.702255870490115,0,-0.02790178544819355,0,507.26249380127996,0,0,0,0,0,2.232421875,,
22.23222999999998,,,,,0.103515625,-1.005859375,-0.990234375,-0.057556218680294736,-2.7263620348900086,0,-0.02278645895421505,0,508.51913086272,0,0,0,0,0,2.228515625,,
22.254520000000017,,,,,-0.19921875,-0.24609375,-0.78125,-0.05771784078143672,-2.742038568206264,0,-0.0361328125,0,509.56632841391996,0,0,0,0,0,2.228515625,,
22.276554999999934,,,,,-0.0625,0.05078125,-1.0703125,-0.05730662423813327,-2.7580914243387538,0,-0.0265066958963871,0,510.40408645488,0,0,0,0,0,2.23828125,,
22.302089999999968,,,,,-0.048828125,-0.5859375,-0.982421875,-0.05697933451085701,-2.7632309188004616,0,-0.02371651865541935,0,510.92768523048,0,0,0,0,0,2.23828125,,
22.325969999999973,,,,,-0.0234375,-0.6953125,-0.822265625,-0.056543023250380575,-2.775714084218961,0,-0.025634765625,0,511.66072351632,0,0,0,0,0,2.24609375,,
22.351609999999987,,,,,-0.173828125,-0.734375,-1.15625,-0.05722097175859445,-2.775714084218961,0,-0.0244140625,0,512.28904204704,0,0,0,0,0,2.265625,,
22.374904999999913,,,,,0.13671875,-0.861328125,-1.130859375,-0.057391442872994046,-2.797702088767481,0,-0.02278645895421505,0,513.02208033288,0,0,0,0,0,2.27734375,,
22.401994999999996,,,,,-0.07421875,-0.423828125,-1.080078125,-0.05714499331219309,-2.797702088767481,0,-0.025634765625,0,513.5456791084799,0,0,0,0,0,2.28125,,
22.428880000000003,,,,,-0.3359375,-0.6953125,-1.140625,-0.05676289690653288,-2.796755905686665,0,-0.023193359375,0,513.96455812896,0,0,0,0,0,2.291015625,,
22.45880500000005,,,,,-0.162109375,-0.60546875,-1.107421875,-0.05676120026145951,-2.796831170249911,0,-0.0206163190305233,0,514.48815690456,0,0,0,0,0,2.3125,,
22.481940000000062,,,,,-0.017578125,-0.166015625,-1.060546875,-0.05763000312345451,-2.834664179775455,0,-0.0244140625,0,515.2211951904,0,0,0,0,0,2.3203125,,
22.502329999999958,,,,,-0.8125,0.083984375,-0.80859375,-0.05752105929514782,-2.8469681214527234,0,-0.032958984375,0,515.744793966,0,0,0,0,0,2.3203125,,
22.52498499999987,,,,,0.84375,-1.189453125,-1.58984375,-0.05710217384283608,-2.858827666204321,0,-0.02278645895421505,0,516.05895323136,0,0,0,0,0,2.33203125,,
22.554509999999894,,,,,-0.3125,-0.26171875,-1.080078125,-0.05713163861898052,-2.850161489350479,0,-0.030517578125,0,516.37311249672,0,0,0,0,0,2.34765625,,
22.575704999999957,,,,,0,-0.265625,-0.765625,-0.05776601093463693,-2.852720484500869,0,-0.01519097201526165,0,517.0014310274399,0,0,0,0,0,2.353515625,,
22.603535000000033,,,,,-0.25,-1.115234375,-1.068359375,-0.05854378055962697,-2.8829983430869977,0,-0.03069196455180645,0,517.6297495581599,0,0,0,0,0,2.341796875,,
22.624989999999876,,,,,0.1875,-0.51171875,-0.896484375,-0.0585081910828233,-2.8869443566172213,0,-0.02278645895421505,0,518.362787844,0,0,0,0,0,2.357421875,,
22.65355999999994,,,,,-0.3125,-1.115234375,-0.94921875,-0.05828070721237356,-2.9003091926337543,0,-0.0146484375,0,518.67694710936,0,0,0,0,0,2.373046875,,
22.675484999999988,,,,,-0.25,-0.458984375,-1.05078125,-0.05796286043584005,-2.9029649565083187,0,-0.02495659701526165,0,519.20054588496,0,0,0,0,0,2.369140625,,
22.701645000000017,,,,,-0.07421875,-0.716796875,-0.94140625,-0.0588305540329285,-2.899524290759895,0,-0.0223214291036129,0,519.9335841707999,0,0,0,0,0,2.37890625,,
22.724650000000022,,,,,0.224609375,-0.634765625,-0.990234375,-0.059029134076098944,-2.904588520658356,0,-0.02278645895421505,0,520.56190270152,0,0,0,0,0,2.392578125,,
22.75514500000002,,,,,0.236328125,-1.17578125,-1.041015625,-0.058885884140146,-2.903309023083161,0,-0.0223214291036129,0,521.0855014771199,0,0,0,0,0,2.40234375,,
22.777364999999875,,,,,0.009765625,-0.615234375,-1.19140625,-0.058910806631791234,-2.900051142702622,0,-0.02734375,0,521.6091002527199,0,0,0,0,0,2.423828125,,
22.80211499999999,,,,,-0.09375,-0.533203125,-1.021484375,-0.05862576544204075,-2.904470247773254,0,-0.02511160634458065,0,522.0279792732,0,0,0,0,0,2.4140625,,
22.82529999999993,,,,,0.173828125,-0.923828125,-1.025390625,-0.059246296037504025,-2.8983308098284106,0,-0.035400390625,0,522.7610175590399,0,0,0,0,0,2.416015625,,
22.85181999999995,,,,,-0.0859375,-0.51953125,-0.826171875,-0.05957734455987514,-2.907534590705444,0,-0.023193359375,0,523.3893360897599,0,0,0,0,0,2.42578125,,
22.87755999999994,,,,,-0.0859375,-0.841796875,-0.9296875,-0.05964838149733685,-2.9063088535325683,0,-0.02387152798473835,0,524.01765462048,0,0,0,0,0,2.431640625,,
22.90603500000003,,,,,-0.13671875,-0.244140625,-0.9375,-0.05928083554917572,-2.9180823816404553,0,-0.020751953125,0,524.5412533960799,0,0,0,0,0,2.44921875,,
22.93054999999993,,,,,-0.42578125,-0.396484375,-0.849609375,-0.059481125252621066,-2.93015696800133,0,-0.025390625,0,525.1695719268,0,0,0,0,0,2.4609375,,
22.95380999999994,,,,,0.0859375,-0.814453125,-1.078125,-0.0602026582550316,-2.958069368885417,0,-0.0223214291036129,0,525.79789045752,0,0,0,0,0,2.47265625,,
22.976284999999915,,,,,-0.28125,-0.314453125,-0.599609375,-0.05964132819617104,-2.952446030802837,0,-0.02685546875,0,526.32148923312,0,0,0,0,0,2.45703125,,
23.00192499999993,,,,,0.25,-0.1953125,-1.138671875,-0.05985989111857355,-2.953392213883654,0,-0.020751953125,0,526.7403682536,0,0,0,0,0,2.4609375,,
23.025005000000004,,,,,0.01171875,-0.751953125,-0.9609375,-0.059691267464901554,-2.953392213883654,0,-0.028076171875,0,526.94980776384,0,0,0,0,0,2.470703125,,
23.06120499999996,,,,,-0.1875,-0.818359375,-0.927734375,-0.05906407970524266,-2.970670807189019,0,-0.02685546875,0,527.2639670292,0,0,0,0,0,2.466796875,,
23.082054999999936,,,,,-0.4453125,-0.4765625,-0.78125,-0.06035470965833481,-2.950234663853943,0,-0.02360025979578495,0,528.10172507016,0,0,0,0,0,2.490234375,,
23.104484999999986,,,,,-0.390625,-1.287109375,-0.826171875,-0.060661152275006895,-2.982444335296906,0,-0.0265066958963871,0,529.04420286624,0,0,0,0,0,2.501953125,,
23.127739999999875,,,,,0.65625,-1.083984375,-1.083984375,-0.060418235653583334,-2.9805842253766643,0,-0.01953125,0,529.25364237648,0,0,0,0,0,2.49609375,,
23.152130000000003,,,,,0.0234375,-1.2890625,-0.94921875,-0.06012770791376783,-2.982777649791285,0,-0.015345982275903225,0,529.4630818867199,0,0,0,0,0,2.49609375,,
23.174714999999967,,,,,-0.51171875,-1.130859375,-0.85546875,-0.060183138010977404,-2.9871107382182056,0,-0.01220703125,0,529.9866806623199,0,0,0,0,0,2.494140625,,
23.201989999999874,,,,,0.099609375,-1.171875,-0.927734375,-0.061028971569374764,-3.0056365728573744,0,-0.0341796875,0,530.51027943792,0,0,0,0,0,2.5,,
23.225229999999982,,,,,0.1484375,-0.4296875,-1.189453125,-0.061424069277986236,-3.017044530229492,0,-0.02604166604578495,0,531.03387821352,0,0,0,0,0,2.51171875,,
23.251919999999924,,,,,0.25,-0.29296875,-0.9921875,-0.061260148449780644,-3.021915222679604,0,-0.025634765625,0,531.24331772376,0,0,0,0,0,2.517578125,,
23.281520000000018,,,,,0.1484375,-0.708984375,-1.017578125,-0.0611647585338532,-3.0279041314979542,0,-0.030517578125,0,531.7669164993599,0,0,0,0,0,2.513671875,,
23.304314999999946,,,,,-0.416015625,-1.42578125,-0.9375,-0.061996681897071804,-3.039129303502187,0,-0.0283203125,0,532.39523503008,0,0,0,0,0,2.51953125,,
23.326084999999964,,,,,0.537109375,-0.95703125,-0.875,-0.0629469301024889,-3.053633860047885,0,-0.01813616044819355,0,533.44243258128,0,0,0,0,0,2.53125,,
23.352249999999884,,,,,0.71875,-1.388671875,-1.443359375,-0.06284717957744654,-3.0883953361874283,0,-0.02371651865541935,0,533.96603135688,0,0,0,0,0,2.541015625,,
23.375169999999926,,,,,-0.3984375,-1.091796875,-0.80078125,-0.06243302141014699,-3.080718350736258,0,-0.02604166604578495,0,534.28019062224,0,0,0,0,0,2.548828125,,
23.401449999999954,,,,,0.0234375,-0.439453125,-0.74609375,-0.06219071634056484,-3.078739967930914,0,-0.01953125,0,534.9085091529599,0,0,0,0,0,2.55078125,,
23.42494000000006,,,,,0.224609375,-0.8203125,-1.296875,-0.06298724118221162,-3.0992441853754267,0,-0.028076171875,0,535.43210792856,0,0,0,0,0,2.55859375,,
23.454774999999906,,,,,0.5234375,-0.4140625,-1.1640625,-0.06332106457989518,-3.111017713483314,0,-0.01708984375,0,536.0604264592799,0,0,0,0,0,2.560546875,,
23.48114500000002,,,,,0.3125,-1.291015625,-1.330078125,-0.06307857828778685,-3.1278124631678073,0,-0.0263671875,0,536.47930547976,0,0,0,0,0,2.552734375,,
23.51020999999996,,,,,-0.291015625,-0.38671875,-0.734375,-0.06253639582720852,-3.1315971954910733,0,-0.0271267369389534,0,536.6887449899999,0,0,0,0,0,2.54296875,,
23.532199999999953,,,,,0.478515625,-0.94140625,-1.21875,-0.06302840652303195,-3.147635737916445,0,-0.0314670130610466,0,537.42178327584,0,0,0,0,0,2.5546875,,
23.55540499999991,,,,,-0.46875,-0.875,-0.826171875,-0.06435983180349977,-3.160896614754994,0,-0.01813616044819355,0,538.05010180656,0,0,0,0,0,2.55859375,,
23.576469999999972,,,,,-0.125,-0.955078125,-0.9296875,-0.06431608018326374,-3.162358897698074,0,-0.010986328125,0,538.88785984752,0,0,0,0,0,2.56640625,,
23.603114999999992,,,,,-0.2109375,-0.32421875,-0.9453125,-0.06400999356160966,-3.1681757732290023,0,-0.02092633955180645,0,539.20201911288,0,0,0,0,0,2.57421875,,
23.625410000000034,,,,,0.3984375,-0.79296875,-1.23046875,-0.06397478573268811,-3.1763796106229005,0,-0.03173828125,0,539.72561788848,0,0,0,0,0,2.58203125,,
23.65177499999991,,,,,0.25,-0.68359375,-0.787109375,-0.0639526167342357,-3.1908734150881353,0,-0.020751953125,0,540.24921666408,0,0,0,0,0,2.58203125,,
23.685954999999957,,,,,0.287109375,-1.47265625,-0.908203125,-0.06431231046944792,-3.205808054852387,0,-0.0206163190305233,0,540.66809568456,0,0,0,0,0,2.57421875,,
23.70715499999991,,,,,0.115234375,-0.818359375,-1.125,-0.0641999169730756,-3.203338671572612,0,-0.02752130664885044,0,541.4011339704,0,0,0,0,0,2.580078125,,
23.72909999999986,,,,,-0.109375,-0.263671875,-0.482421875,-0.06425361933795712,-3.2162913333046155,0,-0.0320870541036129,0,541.6105734806399,0,0,0,0,0,2.5859375,,
23.7560149999999,,,,,0.298828125,-1.70703125,-1.1171875,-0.06428678591608,-3.2196244782484005,0,-0.0334821417927742,0,542.1341722562399,0,0,0,0,0,2.587890625,,
23.77793499999994,,,,,0.4609375,-0.294921875,-0.990234375,-0.06441523767882203,-3.2295916568383656,0,-0.02278645895421505,0,542.4483315215999,0,0,0,0,0,2.599609375,,
23.80148999999999,,,,,-0.125,-1.7421875,-0.98828125,-0.0651821880115825,-3.240494266428683,0,-0.015345982275903225,0,543.18136980744,0,0,0,0,0,2.611328125,,
23.82545499999996,,,,,0.203125,-0.3984375,-0.71875,-0.06557613008799877,-3.2407415642793516,0,-0.023193359375,0,543.9144080932799,0,0,0,0,0,2.6171875,,
23.852094999999974,,,,,0.111328125,-1.5546875,-0.9609375,-0.06547677048073558,-3.2531064568127492,0,-0.032958984375,0,544.12384760352,0,0,0,0,0,2.623046875,,
23.878304999999934,,,,,-0.0234375,-0.2890625,-0.69921875,-0.06519875147476778,-3.260923219309949,0,-0.0368923619389534,0,544.96160564448,0,0,0,0,0,2.630859375,,
23.90454999999993,,,,,0.33203125,-0.927734375,-1.2734375,-0.06557617449603988,-3.2779545147646463,0,-0.029296875,0,545.38048466496,0,0,0,0,0,2.607421875,,
23.926134999999892,,,,,-0.03125,-1.451171875,-0.712890625,-0.06582529775368168,-3.2799006413285983,0,-0.0206163190305233,0,546.1135229508,0,0,0,0,0,2.619140625,,
23.95229999999993,,,,,0.4375,-1.712890625,-0.9375,-0.06585891272057492,-3.2905559530682478,0,-0.029296875,0,546.6371217264,0,0,0,0,0,2.634765625,,
23.97461499999999,,,,,0.111328125,-1.5390625,-1.205078125,-0.06577948896742092,-3.311812816145228,0,-0.02387152798473835,0,546.95128099176,0,0,0,0,0,2.6484375,,
23.999824999999955,,,,,0.69921875,-1.16015625,-1.150390625,-0.06573481634027056,-3.3075980006034094,0,-0.0244140625,0,547.6843192775999,0,0,0,0,0,2.654296875,,
24.02495499999996,,,,,-0.5,-1.296875,-0.89453125,-0.06625647916204631,-3.3170920876529655,0,-0.0271267369389534,0,548.10319829808,0,0,0,0,0,2.654296875,,
24.05071499999997,,,,,0.162109375,-1.02734375,-0.765625,-0.06648799850897047,-3.33090851104898,0,-0.028076171875,0,548.8362365839199,0,0,0,0,0,2.6484375,,
24.076369999999994,,,,,0.8984375,-1.478515625,-1.109375,-0.06618451530038286,-3.3132535949273807,0,-0.023193359375,0,549.2551156044,0,0,0,0,0,2.654296875,,
24.102564999999945,,,,,0.38671875,-1.1328125,-0.984375,-0.06582450381092277,-3.321661721850091,0,-0.02278645895421505,0,549.56927486976,0,0,0,0,0,2.662109375,,
24.125159999999916,,,,,0.111328125,-1.5703125,-0.76171875,-0.06625813733882484,-3.3188661809294966,0,-0.02604166604578495,0,550.3023131556,0,0,0,0,0,2.66015625,,
24.153550000000045,,,,,0.486328125,-1.064453125,-1.1640625,-0.0671275016827945,-3.3431013702949564,0,-0.0362723208963871,0,550.93063168632,0,0,0,0,0,2.654296875,,
24.17586999999988,,,,,0.099609375,-1.392578125,-0.48046875,-0.06726952520993053,-3.3411229874896127,0,-0.0283203125,0,551.76838972728,0,0,0,0,0,2.65625,,
24.204284999999917,,,,,0.224609375,-0.48046875,-1.142578125,-0.06689659768322896,-3.350746099504735,0,-0.0348772332072258,0,552.2919885028799,0,0,0,0,0,2.658203125,,
24.22572999999998,,,,,-0.0625,-0.47265625,-0.8671875,-0.06710899767187165,-3.357831720530395,0,-0.0282118059694767,0,553.1297465438399,0,0,0,0,0,2.677734375,,
24.251800000000046,,,,,0.8125,-0.697265625,-1.126953125,-0.06728700657010102,-3.3724653020416593,0,-0.02092633955180645,0,553.65334531944,0,0,0,0,0,2.677734375,,
24.278974999999978,,,,,0.099609375,-1.046875,-1.1171875,-0.06759995149693347,-3.380185295814685,0,-0.02387152798473835,0,554.38638360528,0,0,0,0,0,2.685546875,,
24.304530000000028,,,,,0.6484375,-1.26171875,-0.95703125,-0.06779521353270095,-3.387604231334724,0,-0.0271267369389534,0,555.014702136,0,0,0,0,0,2.673828125,,
24.326785000000033,,,,,0.44921875,-1.787109375,-0.58203125,-0.06751336638115457,-3.393679156796784,0,-0.032958984375,0,555.4335811564799,0,0,0,0,0,2.67578125,,
24.35741499999992,,,,,0.5234375,-1.94140625,-0.974609375,-0.06710144137070663,-3.4153230947704625,0,-0.02092633955180645,0,555.85246017696,0,0,0,0,0,2.6953125,,
24.379669999999926,,,,,-0.51953125,-0.537109375,-0.90625,-0.0676438717520626,-3.4153230947704625,0,-0.029296875,0,556.37605895256,0,0,0,0,0,2.69921875,,
24.407150000000023,,,,,0.224609375,-0.396484375,-1.24609375,-0.0683452512985372,-3.4285374016605017,0,-0.0265066958963871,0,557.1090972384,0,0,0,0,0,2.705078125,,
24.4318949999999,,,,,0.125,-0.720703125,-0.990234375,-0.06821004835148217,-3.437708926296144,0,-0.02604166604578495,0,557.7374157691199,0,0,0,0,0,2.701171875,,
24.453844999999973,,,,,-0.4375,-1.279296875,-1.146484375,-0.06884681677697332,-3.4516113663358685,0,-0.0244140625,0,558.6798935652,0,0,0,0,0,2.712890625,,
24.475859999999987,,,,,-0.662109375,0.23828125,-0.68359375,-0.06936068295277857,-3.4556971569121213,0,-0.03173828125,0,559.5176516061599,0,0,0,0,0,2.716796875,,
24.501625,,,,,0.953125,-0.873046875,-1.556640625,-0.06995609629580343,-3.4634386548460747,0,-0.02790178544819355,0,560.7742886676,0,0,0,0,0,2.724609375,,
24.526,,,,,-0.5234375,-0.494140625,-0.70703125,-0.06999694695231577,-3.476846499184463,0,-0.0271267369389534,0,561.5073269534399,0,0,0,0,0,2.7265625,,
24.55139999999991,,,,,0.51171875,-0.943359375,-1.18359375,-0.06953962567070548,-3.499941968020758,0,-0.0223214291036129,0,562.13564548416,0,0,0,0,0,2.7265625,,
24.575574999999954,,,,,0.5859375,-1.037109375,-1.40234375,-0.06943104255079594,-3.5277253439392786,0,-0.0336371511220932,0,562.86868377,0,0,0,0,0,2.716796875,,
24.601699999999955,,,,,0.3125,-0.92578125,-0.91015625,-0.06959914634846569,-3.5294886851353464,0,-0.01708984375,0,563.4970023007199,0,0,0,0,0,2.71875,,
24.625159999999916,,,,,-0.349609375,-0.201171875,-0.76171875,-0.07027124920431488,-3.5307466785496135,0,-0.02495659701526165,0,564.4394800967999,0,0,0,0,0,2.72265625,,
24.651544999999924,,,,,0.0859375,-0.40234375,-0.8984375,-0.06994919335487597,-3.5383914077593923,0,-0.02092633955180645,0,564.85835911728,0,0,0,0,0,2.71484375,,
24.67722999999998,,,,,0.8125,-1.578125,-1.08203125,-0.06963978682929242,-3.5428212649104878,0,-0.0325520820915699,0,565.38195789288,0,0,0,0,0,2.71484375,,
24.702765000000014,,,,,0.4375,-1.203125,-1.33203125,-0.07001603663432471,-3.5503692253960923,0,-0.0282118059694767,0,566.0102764236,0,0,0,0,0,2.705078125,,
24.73028000000003,,,,,-0.4375,0.119140625,-0.82421875,-0.0702712285402863,-3.563519019803349,0,-0.018310546875,0,566.63859495432,0,0,0,0,0,2.70703125,,
24.752284999999915,,,,,0.61328125,-1.19921875,-1.388671875,-0.07052731674591387,-3.582109366925301,0,-0.029296875,0,567.47635299528,0,0,0,0,0,2.712890625,,
24.774594999999973,,,,,0.640625,-1.052734375,-0.92578125,-0.07056756488282337,-3.5949688551600345,0,-0.025634765625,0,567.99995177088,0,0,0,0,0,2.712890625,,
24.799859999999985,,,,,0.298828125,-0.673828125,-1.013671875,-0.07039379902715856,-3.596173088171983,0,-0.02790178544819355,0,568.6282703016,0,0,0,0,0,2.7109375,,
24.827140000000014,,,,,-0.32421875,-0.419921875,-0.90625,-0.07059671617062563,-3.59208729759573,0,-0.020751953125,0,569.1518690772,0,0,0,0,0,2.71484375,,
24.851699999999955,,,,,0.69921875,-0.583984375,-1.146484375,-0.07088513094224379,-3.588388581916174,0,-0.0217013880610466,0,569.8849073630399,0,0,0,0,0,2.71875,,
24.89051000000001,,,,,0.2109375,-0.80859375,-1.17578125,-0.0709162698103928,-3.60415113187614,0,-0.0244140625,0,570.51322589376,0,0,0,0,0,2.72265625,,
24.913574999999952,,,,,-0.03125,-0.533203125,-0.916015625,-0.07115678299608658,-3.620160979686774,0,-0.02704326994717121,0,571.3509839347199,0,0,0,0,0,2.728515625,,
24.936525000000024,,,,,0.63671875,-1.416015625,-1.1640625,-0.07102666238563732,-3.6152042705929515,0,-0.03173828125,0,572.08402222056,0,0,0,0,0,2.734375,,
24.957515000000015,,,,,0.15625,-0.888671875,-0.9140625,-0.07141246606263377,-3.6057962001871053,0,-0.0223214291036129,0,572.71234075128,0,0,0,0,0,2.736328125,,
24.979309999999938,,,,,-0.234375,-0.875,-0.654296875,-0.07190396730322224,-3.623150058055717,0,-0.0223214291036129,0,573.23593952688,0,0,0,0,0,2.72265625,,
25.002390000000013,,,,,0.94921875,-0.55859375,-1.453125,-0.07197426374066897,-3.628547602448557,0,-0.01116071455180645,0,573.8642580576,0,0,0,0,0,2.73828125,,
25.025854999999982,,,,,-0.015625,-0.796875,-0.59375,-0.07163420640243165,-3.641374834441899,0,-0.028076171875,0,574.4925765883199,0,0,0,0,0,2.734375,,
25.050189999999944,,,,,0.912109375,-0.794921875,-1.201171875,-0.07156736952563138,-3.6437187879830124,0,-0.02371651865541935,0,575.01617536392,0,0,0,0,0,2.73046875,,
25.078089999999968,,,,,-0.349609375,-0.73828125,-0.46484375,-0.07173793563854002,-3.6802651094795507,0,-0.02685546875,0,575.53977413952,0,0,0,0,0,2.736328125,,
25.10020999999996,,,,,0.037109375,-0.462890625,-0.94140625,-0.07200137899686354,-3.69250814440102,0,-0.025390625,0,576.06337291512,0,0,0,0,0,2.716796875,,
25.126509999999893,,,,,0.5,-0.34375,-1.015625,-0.07209169156264619,-3.700522029073395,0,-0.02766927145421505,0,576.69169144584,0,0,0,0,0,2.728515625,,
25.150229999999983,,,,,0.2109375,-1.375,-0.8515625,-0.07191587187110744,-3.7002639791422633,0,-0.02278645895421505,0,576.90113095608,0,0,0,0,0,2.71875,,
25.177179999999936,,,,,-0.625,0.09765625,-0.53125,-0.07206630168702056,-3.7051454236728394,0,-0.025634765625,0,577.4247297316799,0,0,0,0,0,2.71875,,
25.209574999999955,,,,,0.6484375,-0.109375,-1.21875,-0.07216644881942164,-3.7008768477287015,0,-0.02278645895421505,0,577.73888899704,0,0,0,0,0,2.724609375,,
25.230994999999997,,,,,0.2578125,-1.13671875,-0.91015625,-0.0728330637217099,-3.70098436853334,0,-0.0341796875,0,578.47192728288,0,0,0,0,0,2.72265625,,
25.253589999999967,,,,,-0.265625,-1.17578125,-1.029296875,-0.072990772641919,-3.710435447261041,0,-0.03069196455180645,0,578.99552605848,0,0,0,0,0,2.734375,,
25.278994999999995,,,,,0.19921875,-0.244140625,-1.431640625,-0.07280201887367825,-3.7147470315270343,0,-0.01708984375,0,579.51912483408,0,0,0,0,0,2.71484375,,
25.303375,,,,,0.59375,-0.50390625,-0.388671875,-0.07233993133340527,-3.7170049684244377,0,-0.02387152798473835,0,579.83328409944,0,0,0,0,0,2.724609375,,
25.32632999999996,,,,,-0.3359375,-0.794921875,-0.515625,-0.07316646102083345,-3.7198435176668867,0,-0.0244140625,0,580.5663223852799,0,0,0,0,0,2.732421875,,
25.349584999999962,,,,,0.25,-0.197265625,-1.2109375,-0.0735099788604942,-3.7151126022628045,0,-0.02511160634458065,0,580.98520140576,0,0,0,0,0,2.71484375,,
25.3765,,,,,0.51171875,-0.880859375,-1.1171875,-0.07306107336526604,-3.724821730921638,0,-0.0223214291036129,0,581.40408042624,0,0,0,0,0,2.728515625,,
25.400505000000006,,,,,0.13671875,-0.3125,-1.19921875,-0.07296957927658232,-3.732713757982084,0,-0.0271267369389534,0,581.7182396915999,0,0,0,0,0,2.716796875,,
25.427094999999973,,,,,-0.048828125,-0.494140625,-0.96484375,-0.07343156539323892,-3.730907408464162,0,-0.030517578125,0,582.0323989569599,0,0,0,0,0,2.7109375,,
25.450094999999973,,,,,0.3359375,-0.654296875,-0.986328125,-0.07400513393716122,-3.740025172697485,0,-0.0271267369389534,0,582.7654372428,0,0,0,0,0,2.71875,,
25.475839999999966,,,,,0.2734375,-1.3984375,-1.1796875,-0.07404250603781706,-3.743842161262142,0,-0.01813616044819355,0,583.1843162632799,0,0,0,0,0,2.703125,,
25.50017499999993,,,,,-1.0625,-0.03515625,-0.517578125,-0.07379559406954614,-3.759034850957526,0,-0.0303819440305233,0,583.70791503888,0,0,0,0,0,2.70703125,,
25.526839999999968,,,,,0.7109375,-0.017578125,-1.435546875,-0.07395593422018243,-3.7513901217477463,0,-0.02197265625,0,584.23151381448,0,0,0,0,0,2.71484375,,
25.55886499999999,,,,,0.486328125,-0.6796875,-0.8515625,-0.07451453953631831,-3.765020177149065,0,-0.0206163190305233,0,584.8598323452,0,0,0,0,0,2.6875,,
25.580454999999958,,,,,-0.177734375,0.203125,-1.01171875,-0.07463214618889008,-3.7851516544041544,0,-0.021484375,0,585.4881508759199,0,0,0,0,0,2.6953125,,
25.603880000000004,,,,,0.1875,-0.4296875,-0.5078125,-0.074228485436101,-3.802053924893286,0,-0.0223214291036129,0,585.9070298964,0,0,0,0,0,2.69140625,,
25.626640000000013,,,,,-0.125,-0.28515625,-0.599609375,-0.07386222693811505,-3.8018281312035453,0,-0.032958984375,0,586.01174965152,0,0,0,0,0,2.671875,,
25.657704999999957,,,,,0.125,-0.13671875,-1.248046875,-0.07400845955312904,-3.7949252955457706,0,-0.02790178544819355,0,586.430628672,0,0,0,0,0,2.689453125,,
25.679649999999906,,,,,0.40625,-0.30859375,-1,-0.07459661891188546,-3.7901406197393683,0,-0.01953125,0,586.9542274475999,0,0,0,0,0,2.693359375,,
25.704209999999964,,,,,-0.13671875,-0.5,-0.90234375,-0.07524104390636471,-3.7921512587861037,0,-0.029296875,0,587.68726573344,0,0,0,0,0,2.669921875,,
25.726624999999885,,,,,0.26171875,-0.498046875,-1.068359375,-0.07524218718867888,-3.7943984436030433,0,-0.02685546875,0,588.1061447539199,0,0,0,0,0,2.673828125,,
25.749844999999972,,,,,-0.125,0.3203125,-1.34375,-0.07483334791229544,-3.8017528666402987,0,-0.025634765625,0,588.31558426416,0,0,0,0,0,2.67578125,,
25.77788500000001,,,,,0.5234375,-0.791015625,-1.482421875,-0.07474874277578478,-3.837094955124888,0,-0.01953125,0,588.6297435295199,0,0,0,0,0,2.650390625,,
25.80311999999988,,,,,-0.5234375,-0.228515625,-0.92578125,-0.07485311823395438,-3.8389801560328998,0,-0.01953125,0,589.15334230512,0,0,0,0,0,2.654296875,,
25.826820000000065,,,,,0.287109375,0.21484375,-0.900390625,-0.07554774325080935,-3.8523091489811994,0,-0.0303819440305233,0,589.67694108072,0,0,0,0,0,2.6796875,,
25.850859999999987,,,,,0.13671875,-0.658203125,-0.330078125,-0.07578109294480498,-3.8530510425332034,0,-0.03662109375,0,590.0958201011999,0,0,0,0,0,2.671875,,
25.88658499999996,,,,,-0.38671875,-0.1875,-0.650390625,-0.07548232990304786,-3.8595990595356717,0,-0.01953125,0,590.30525961144,0,0,0,0,0,2.669921875,,
25.908334999999962,,,,,0.16015625,-0.822265625,-0.78515625,-0.07570306521877473,-3.8558465834537974,0,-0.03011067770421505,0,590.82885838704,0,0,0,0,0,2.693359375,,
25.931875,,,,,-0.015625,-0.35546875,-0.58984375,-0.07612795183778483,-3.851728536636153,0,-0.020751953125,0,591.45717691776,0,0,0,0,0,2.689453125,,
25.956919999999926,,,,,0.57421875,-0.90625,-0.673828125,-0.07675223934678906,-3.8596098116161355,0,-0.01813616044819355,0,591.77133618312,0,0,0,0,0,2.67578125,,
25.97967499999993,,,,,-0.57421875,0.009765625,-0.09765625,-0.07624359323537065,-3.8815548078428006,0,-0.01708984375,0,592.08549544848,0,0,0,0,0,2.701171875,,
26.003155000000028,,,,,0,-0.734375,-0.38671875,-0.07621027157815209,-3.9031449854141593,0,-0.030517578125,0,592.29493495872,0,0,0,0,0,2.708984375,,
26.026565000000062,,,,,0.048828125,-0.17578125,-0.978515625,-0.07614806415557358,-3.9011343463674244,0,-0.02511160634458065,0,592.81853373432,0,0,0,0,0,2.69140625,,
26.050744999999996,,,,,0.25,-0.3203125,-1.458984375,-0.07651832059502982,-3.903360027023436,0,-0.025634765625,0,593.2374127548,0,0,0,0,0,2.69140625,,
26.076655000000027,,,,,-0.173828125,0.154296875,-1.046875,-0.0767375724936887,-3.9211224639496733,0,-0.01953125,0,593.7610115304,0,0,0,0,0,2.71484375,,
26.100005000000003,,,,,0.44921875,-0.35546875,-1.33203125,-0.07684195412679881,-3.9333583315175056,0,-0.01627604104578495,0,594.1798905508799,0,0,0,0,0,2.693359375,,
26.128314999999944,,,,,0.0234375,-1.169921875,-0.787109375,-0.07693537546507583,-3.959034299665117,0,-0.0146484375,0,594.7034893264799,0,0,0,0,0,2.67578125,,
26.153099999999977,,,,,-0.486328125,-0.693359375,-0.529296875,-0.07706352846375794,-3.9586902330902745,0,-0.0282118059694767,0,595.12236834696,0,0,0,0,0,2.6875,,
26.1772649999999,,,,,0.4609375,-0.55859375,-1.009765625,-0.0771945282853234,-3.948465004569178,0,-0.023193359375,0,595.6459671225599,0,0,0,0,0,2.6953125,,
26.199909999999917,,,,,-0.037109375,-0.5,-1.07421875,-0.07734109147987686,-3.9434222788316444,0,-0.020751953125,0,596.1695658981599,0,0,0,0,0,2.666015625,,
26.236469999999972,,,,,0.375,-0.546875,-0.89453125,-0.07743610259271191,-3.955916196330608,0,-0.0223214291036129,0,596.4837251635199,0,0,0,0,0,2.64453125,,
26.258189999999946,,,,,0.48046875,-0.765625,-1.349609375,-0.07721266965115212,-3.969560586439201,0,-0.02704326994717121,0,597.0073239391199,0,0,0,0,0,2.66796875,,
26.279184999999938,,,,,-0.359375,0.1171875,-0.955078125,-0.07785805834922314,-3.958991291343262,0,-0.02371651865541935,0,597.53092271472,0,0,0,0,0,2.681640625,,
26.303294999999924,,,,,0.01171875,-0.3359375,-1.0625,-0.07818635434912355,-3.9718185233366032,0,-0.03092447854578495,0,597.9498017351999,0,0,0,0,0,2.67578125,,
26.33201000000001,,,,,-0.09375,-0.736328125,-0.998046875,-0.07799568587893337,-3.9915163347463287,0,-0.0244140625,0,598.26396100056,0,0,0,0,0,2.658203125,,
26.355264999999896,,,,,0.20703125,-0.6484375,-0.732421875,-0.07769537842394461,-4.00152294323137,0,-0.0302734375,0,598.68284002104,0,0,0,0,0,2.673828125,,
26.37744499999995,,,,,-0.7109375,-0.498046875,-0.50390625,-0.07798762228438251,-4.021729680849675,0,-0.0223214291036129,0,599.20643879664,0,0,0,0,0,2.6953125,,
26.400505000000006,,,,,0.53125,0.095703125,-1.060546875,-0.07832476938899906,-4.018600825434702,0,-0.023193359375,0,599.83475732736,0,0,0,0,0,2.685546875,,
26.426849999999977,,,,,0.0625,-0.732421875,-1.26953125,-0.07862747149006986,-4.032255967623759,0,-0.0376674123108387,0,600.14891659272,0,0,0,0,0,2.666015625,,
26.451854999999863,,,,,0.2109375,-0.525390625,-1.35546875,-0.0785502117659696,-4.040212507166988,0,-0.0303819440305233,0,600.67251536832,0,0,0,0,0,2.646484375,,
26.476505000000003,,,,,-0.4609375,0.08203125,-0.65234375,-0.07849507924187615,-4.073500948282988,0,-0.0244140625,0,601.0913943887999,0,0,0,0,0,2.66796875,,
26.499834999999962,,,,,0.32421875,-0.314453125,-1.181640625,-0.07835307258571571,-4.082005843929872,0,-0.03173828125,0,601.51027340928,0,0,0,0,0,2.6640625,,
26.527544999999925,,,,,-0.2109375,-0.150390625,-0.947265625,-0.07894877569552909,-4.078317880330781,0,-0.028076171875,0,602.03387218488,0,0,0,0,0,2.64453125,,
26.550604999999866,,,,,0.07421875,-0.291015625,-0.890625,-0.07973059024182805,-4.08531748471273,0,-0.0282118059694767,0,602.6621907156,0,0,0,0,0,2.603515625,,
26.57751000000001,,,,,0.6875,-0.435546875,-1.3046875,-0.07918789481088247,-4.094026669888428,0,-0.0244140625,0,603.0810697360799,0,0,0,0,0,2.62109375,,
26.599814999999943,,,,,-0.673828125,0.216796875,-0.640625,-0.07928707938060407,-4.066125021084805,0,-0.02685546875,0,603.49994875656,0,0,0,0,0,2.65234375,,
26.627665000000036,,,,,0.673828125,-0.392578125,-1.203125,-0.0795002839930682,-4.065802458670889,0,-0.01708984375,0,604.2329870423999,0,0,0,0,0,2.658203125,,
26.650614999999874,,,,,-0.51171875,-0.458984375,-0.71875,-0.08108548643745905,-4.094972852969244,0,-0.029296875,0,605.3849043487199,0,0,0,0,0,2.638671875,,
26.67959499999997,,,,,0.19921875,-0.61328125,-1.349609375,-0.08157279950938698,-4.118788711196615,0,-0.02685546875,0,606.22266238968,0,0,0,0,0,2.607421875,,
26.702089999999966,,,,,-0.072265625,-0.568359375,-0.865234375,-0.08141580657203776,-4.158023052809109,0,-0.0217013880610466,0,607.06042043064,0,0,0,0,0,2.615234375,,
26.731254999999887,,,,,-0.234375,0.197265625,-0.857421875,-0.08104963927950787,-4.1681085042841755,0,-0.030517578125,0,607.79345871648,0,0,0,0,0,2.654296875,,
26.755175000000047,,,,,-0.03125,-0.431640625,-0.77734375,-0.0813055458222595,-4.1872687116707095,0,-0.0173611119389534,0,608.73593651256,0,0,0,0,0,2.669921875,,
26.77875999999989,,,,,0.0625,-0.0859375,-1.189453125,-0.08186562926615468,-4.196558509191455,0,-0.035400390625,0,609.57369455352,0,0,0,0,0,2.673828125,,
26.801104999999982,,,,,-0.3125,-0.462890625,-0.798828125,-0.08174009273600276,-4.198977727295814,0,-0.0244140625,0,610.0972933291199,0,0,0,0,0,2.677734375,,
26.82713500000001,,,,,0.3359375,-0.486328125,-1.033203125,-0.08151212794074779,-4.209686799437782,0,-0.0265066958963871,0,610.5161723496,0,0,0,0,0,2.654296875,,
26.850204999999956,,,,,-0.0234375,0.0859375,-0.82421875,-0.08155905793412872,-4.215557435371031,0,-0.02387152798473835,0,611.0397711252,0,0,0,0,0,2.626953125,,
26.87744499999995,,,,,0.349609375,-0.54296875,-1.529296875,-0.08217665952846914,-4.235556305033744,0,-0.02371651865541935,0,611.7728094110399,0,0,0,0,0,2.6640625,,
26.89961499999999,,,,,-0.412109375,0.375,-0.76171875,-0.08260494042350393,-4.24459880470382,0,-0.0336371511220932,0,612.50584769688,0,0,0,0,0,2.703125,,
26.927439999999944,,,,,0.1875,-0.599609375,-0.71484375,-0.0821407855340131,-4.252867154580501,0,-0.02197265625,0,612.9247267173599,0,0,0,0,0,2.732421875,,
26.951324999999954,,,,,0.33203125,-0.02734375,-1.04296875,-0.08203215540148896,-4.24541596281907,0,-0.0206163190305233,0,613.34360573784,0,0,0,0,0,2.73046875,,
26.97813500000001,,,,,-0.099609375,0.279296875,-1.216796875,-0.08242828665711492,-4.250630721844025,0,-0.01953125,0,613.86720451344,0,0,0,0,0,2.7265625,,
27.00061499999999,,,,,0.07421875,-0.1796875,-0.78515625,-0.08277575709189208,-4.254221916718942,0,-0.02197265625,0,614.49552304416,0,0,0,0,0,2.720703125,,
27.029310000000056,,,,,-0.0234375,-0.21484375,-1.326171875,-0.08314760974352199,-4.273833711484958,0,-0.01953125,0,615.12384157488,0,0,0,0,0,2.69921875,,
27.052859999999985,,,,,0.15625,-0.248046875,-1.033203125,-0.08327486857928096,-4.30640176320988,0,-0.01953125,0,615.7521601056,0,0,0,0,0,2.630859375,,
27.076794999999926,,,,,-0.015625,0.591796875,-0.953125,-0.08310414357422902,-4.301025722977968,0,-0.032958984375,0,616.06631937096,0,0,0,0,0,2.607421875,,
27.099814999999943,,,,,0.38671875,-0.59375,-1.251953125,-0.08271826032858853,-4.3055631009337025,0,-0.029296875,0,616.3804786363199,0,0,0,0,0,2.63671875,,
27.126665000000038,,,,,-0.224609375,-0.37109375,-0.28125,-0.08369429051835425,-4.282822450752715,0,-0.029296875,0,617.0087971670399,0,0,0,0,0,2.669921875,,
27.150249999999883,,,,,0.4609375,-0.01171875,-1.3515625,-0.08396651352164833,-4.2819622843156075,0,-0.029296875,0,617.5323959426399,0,0,0,0,0,2.703125,,
27.176925000000047,,,,,-0.1875,0.1328125,-0.986328125,-0.08353189440760958,-4.290080105065796,0,-0.023193359375,0,617.95127496312,0,0,0,0,0,2.724609375,,
27.20059499999997,,,,,0.134765625,-0.517578125,-0.85546875,-0.08339867759714324,-4.31284225940771,0,-0.0271267369389534,0,618.3701539836,0,0,0,0,0,2.73046875,,
27.22701000000001,,,,,-0.0234375,0.037109375,-1.0859375,-0.08356061558129621,-4.319938632513836,0,-0.0404575876891613,0,618.8937527592,0,0,0,0,0,2.69921875,,
27.250354999999864,,,,,0.037109375,-0.65625,-1.263671875,-0.0846516701599569,-4.323400802423186,0,-0.02495659701526165,0,619.6267910450399,0,0,0,0,0,2.681640625,,
27.276895000000017,,,,,0,-0.326171875,-0.830078125,-0.08466384855694568,-4.340002014659331,0,-0.029296875,0,620.1503898206399,0,0,0,0,0,2.677734375,,
27.299994999999996,,,,,0.361328125,-0.00390625,-1.73046875,-0.08424544307368961,-4.3402600645904625,0,-0.0303819440305233,0,620.67398859624,0,0,0,0,0,2.6796875,,
27.33026000000001,,,,,-0.265625,-0.517578125,-1.20703125,-0.08475685549108404,-4.32569099556198,0,-0.02511160634458065,0,621.40702688208,0,0,0,0,0,2.6640625,,
27.353274999999908,,,,,-0.10546875,-0.564453125,-0.7734375,-0.08578021463599597,-4.33035739848328,0,-0.0244140625,0,622.34950467816,0,0,0,0,0,2.63671875,,
27.377390000000013,,,,,-0.34375,0.263671875,-1.095703125,-0.08541541887589357,-4.355452754285846,0,-0.023193359375,0,622.87310345376,0,0,0,0,0,2.595703125,,
27.40013500000001,,,,,-0.298828125,-0.126953125,-1.1328125,-0.08494482268245014,-4.384504875699098,0,-0.02685546875,0,623.18726271912,0,0,0,0,0,2.552734375,,
27.427899999999905,,,,,0.359375,-0.0859375,-1.470703125,-0.08469749604490119,-4.3956870393814755,0,-0.029296875,0,623.29198247424,0,0,0,0,0,2.5,,
27.449839999999966,,,,,0.40625,-0.755859375,-0.78515625,-0.0845074270418108,-4.395407485289416,0,-0.0217013880610466,0,623.6061417395999,0,0,0,0,0,2.46484375,,
27.476614999999992,,,,,0.09375,-0.859375,-1.201171875,-0.08579962088386683,-4.396256899646058,0,-0.0167410708963871,0,624.2344602703199,0,0,0,0,0,2.470703125,,
27.49970499999996,,,,,-0.103515625,-0.962890625,-1.06640625,-0.08576375948699443,-4.417825573056489,0,-0.01953125,0,624.7580590459199,0,0,0,0,0,2.484375,,
27.53040000000002,,,,,0.32421875,-0.328125,-1.5234375,-0.08562935662248834,-4.429491580359738,0,-0.0223214291036129,0,625.1769380664,0,0,0,0,0,2.509765625,,
27.551790000000036,,,,,-0.14453125,-0.560546875,-1.111328125,-0.08577578111853859,-4.462177904969764,0,-0.026633523404598236,0,625.59581708688,0,0,0,0,0,2.53515625,,
27.577304999999935,,,,,-0.421875,-0.390625,-0.955078125,-0.08554647189752246,-4.478047975734368,0,-0.0167410708963871,0,625.9099763522399,0,0,0,0,0,2.56640625,,
27.602094999999974,,,,,-0.6484375,0.16796875,-0.421875,-0.08616830608855916,-4.4706720485361835,0,-0.030517578125,0,626.64301463808,0,0,0,0,0,2.58984375,,
27.626564999999943,,,,,-0.111328125,-0.3125,-1.484375,-0.08666093495388881,-4.515680257357752,0,-0.020751953125,0,627.2713331688,0,0,0,0,0,2.619140625,,
27.64954999999993,,,,,-1.099609375,0.564453125,-0.5703125,-0.0861555384850844,-4.499519880420625,0,-0.037841796875,0,627.6902121892799,0,0,0,0,0,2.654296875,,
27.677064999999946,,,,,0.07421875,-0.0390625,-1.49609375,-0.08605586347797996,-4.49050963699194,0,-0.02685546875,0,627.89965169952,0,0,0,0,0,2.689453125,,
27.70493499999994,,,,,-0.82421875,0.5234375,-0.970703125,-0.08559002545675967,-4.485036828035853,0,-0.01953125,0,628.2138109648799,0,0,0,0,0,2.71875,,
27.727289999999922,,,,,-0.3125,0.162109375,-1.314453125,-0.08745658509821091,-4.488337716738246,0,-0.02495659701526165,0,629.26100851608,0,0,0,0,0,2.75,,
27.751935000000056,,,,,-0.4375,-0.353515625,-0.85546875,-0.08770926956033723,-4.508272073918177,0,-0.0223214291036129,0,630.09876655704,0,0,0,0,0,2.771484375,,
27.77796999999997,,,,,0.25,-0.681640625,-1.392578125,-0.0873644994136674,-4.5311632532256585,0,-0.0271267369389534,0,630.5176455775199,0,0,0,0,0,2.79296875,,
27.800289999999922,,,,,-0.599609375,-0.4921875,-0.671875,-0.08716742412202574,-4.537281187009574,0,-0.029296875,0,630.936524598,0,0,0,0,0,2.794921875,,
27.827469999999973,,,,,0.13671875,-1.169921875,-1.337890625,-0.08735155106809904,-4.543581906161375,0,-0.02790178544819355,0,631.56484312872,0,0,0,0,0,2.796875,,
27.851775000000025,,,,,-0.5625,-1.484375,-0.537109375,-0.08829778281471064,-4.546065636748518,0,-0.0271267369389534,0,632.19316165944,0,0,0,0,0,2.802734375,,
27.889094999999973,,,,,0.037109375,-0.052734375,-1.3671875,-0.08780409140419575,-4.542291656505716,0,-0.029296875,0,632.71676043504,0,0,0,0,0,2.802734375,,
27.910994999999996,,,,,-0.015625,-0.05078125,-0.810546875,-0.08745748162928216,-4.559878498517879,0,-0.02360025979578495,0,633.34507896576,0,0,0,0,0,2.759765625,,
27.933275000000023,,,,,-0.390625,0.32421875,-0.97265625,-0.08733867896102396,-4.577719761634016,0,-0.0320870541036129,0,633.86867774136,0,0,0,0,0,2.685546875,,
27.95504999999993,,,,,0.171875,-0.626953125,-1.1875,-0.08779115754022918,-4.587203096603109,0,-0.02511160634458065,0,634.39227651696,0,0,0,0,0,2.63671875,,
27.97698999999999,,,,,-0.2734375,-0.80078125,-1.109375,-0.08821185388898643,-4.612524246095415,0,-0.029296875,0,634.81115553744,0,0,0,0,0,2.603515625,,
28.000669999999925,,,,,-0.296875,-0.708984375,-0.8828125,-0.08800488630956842,-4.6212871916734315,0,-0.029296875,0,635.1253148028,0,0,0,0,0,2.583984375,,
28.025369999999995,,,,,-0.0234375,0.00390625,-0.5234375,-0.0878703666040893,-4.621308695834359,0,-0.0334821417927742,0,635.33475431304,0,0,0,0,0,2.580078125,,
28.051959999999962,,,,,0.25,-0.1171875,-1.189453125,-0.08788560081618955,-4.624448303329796,0,-0.02495659701526165,0,635.7536333335199,0,0,0,0,0,2.59765625,,
28.077410000000032,,,,,-0.2109375,-1.265625,-0.611328125,-0.08897649056798271,-4.6215990020068825,0,-0.0271267369389534,0,636.3819518642399,0,0,0,0,0,2.609375,,
28.10520499999996,,,,,0.162109375,-0.9296875,-1.146484375,-0.08930241544312767,-4.611578063014599,0,-0.02197265625,0,637.01027039496,0,0,0,0,0,2.59765625,,
28.128025000000022,,,,,0.34375,-0.443359375,-1.11328125,-0.08911727058761823,-4.6333295217929145,0,-0.01410590298473835,0,637.5338691705599,0,0,0,0,0,2.576171875,,
28.151474999999976,,,,,-0.140625,-0.09765625,-1.17578125,-0.08862518843223248,-4.647500763844234,0,-0.02685546875,0,637.63858892568,0,0,0,0,0,2.572265625,,
28.175574999999952,,,,,-0.3359375,-1.705078125,-0.89453125,-0.08845991127877853,-4.643694527360041,0,-0.0265066958963871,0,637.95274819104,0,0,0,0,0,2.580078125,,
28.202054999999934,,,,,0.26171875,0.359375,-1.34765625,-0.08916307178777304,-4.644307395946479,0,-0.03173828125,0,638.3716272115199,0,0,0,0,0,2.59765625,,
28.225005000000003,,,,,-0.0859375,-1.00390625,-0.451171875,-0.0895150707210798,-4.653016581122175,0,-0.0282118059694767,0,638.8952259871199,0,0,0,0,0,2.61328125,,
28.25204999999993,,,,,0.19921875,-0.71484375,-1.240234375,-0.08935685210295524,-4.663532115815795,0,-0.0167410708963871,0,639.2093852524799,0,0,0,0,0,2.623046875,,
28.27594499999995,,,,,-0.298828125,-0.5234375,-0.5546875,-0.0889222189777032,-4.669650049599712,0,-0.01953125,0,639.41882476272,0,0,0,0,0,2.60546875,,
28.301619999999996,,,,,-0.19921875,-0.70703125,-1.015625,-0.08874450502802189,-4.657027107135183,0,-0.030517578125,0,639.73298402808,0,0,0,0,0,2.55859375,,
28.3247699999999,,,,,0.298828125,-1.0390625,-1.05859375,-0.08954577379302005,-4.6654782423797485,0,-0.01708984375,0,640.15186304856,0,0,0,0,0,2.53125,,
28.35278999999992,,,,,-0.5625,-0.33203125,-0.416015625,-0.08969430604309869,-4.695003455333409,0,-0.0223214291036129,0,640.57074206904,0,0,0,0,0,2.533203125,,
28.3795,,,,,0.2109375,-1.140625,-1.298828125,-0.08970056458519649,-4.710787509454303,0,-0.0361328125,0,640.9896210895199,0,0,0,0,0,2.529296875,,
28.402839999999966,,,,,-0.51171875,-0.310546875,-0.87109375,-0.08932357793376175,-4.710636980327809,0,-0.0303819440305233,0,641.19906059976,0,0,0,0,0,2.52734375,,
28.42552000000002,,,,,0.3984375,-0.921875,-1.255859375,-0.08932357793376175,-4.701626736899125,0,-0.0348772332072258,0,641.61793962024,0,0,0,0,0,2.53125,,
28.450499999999884,,,,,-0.4375,-0.74609375,-0.908203125,-0.09038724674978878,-4.703863169635601,0,-0.0244140625,0,642.03681864072,0,0,0,0,0,2.541015625,,
28.475824999999954,,,,,0.125,-0.212890625,-1.4375,-0.09070687354057894,-4.70771241444165,0,-0.02511160634458065,0,642.6651371714399,0,0,0,0,0,2.552734375,,
28.500765000000015,,,,,-0.162109375,-0.5,-0.76171875,-0.090379909041697,-4.720450068164628,0,-0.02604166604578495,0,643.08401619192,0,0,0,0,0,2.548828125,,
28.5271449999999,,,,,-0.0234375,-0.076171875,-0.724609375,-0.09032091264527976,-4.72123853166514,0,-0.0244140625,0,643.5028952124,0,0,0,0,0,2.525390625,,
28.550199999999954,,,,,0.173828125,-1.19921875,-1.318359375,-0.09072713665904934,-4.748864188003357,0,-0.02604166604578495,0,644.23593349824,0,0,0,0,0,2.5,,
28.57543499999994,,,,,-0.1875,-0.671875,-0.587890625,-0.09134775013084859,-4.774525842443852,0,-0.0334821417927742,0,644.7595322738399,0,0,0,0,0,2.498046875,,
28.60148499999987,,,,,0.224609375,-0.77734375,-1.2265625,-0.09084318534505637,-4.7746405537023,0,-0.01953125,0,645.17841129432,0,0,0,0,0,2.490234375,,
28.62856999999995,,,,,-0.5859375,-0.900390625,-0.7421875,-0.09074263992899179,-4.774364561236895,0,-0.0206163190305233,0,645.38785080456,0,0,0,0,0,2.5,,
28.657359999999986,,,,,0.111328125,-0.46875,-1.658203125,-0.09066150267476143,-4.757698836517967,0,-0.01627604104578495,0,645.80672982504,0,0,0,0,0,2.51953125,,
28.68031999999995,,,,,-0.009765625,-0.05859375,-0.84375,-0.09141598749077154,-4.764741449221772,0,-0.02604166604578495,0,646.4350483557599,0,0,0,0,0,2.5390625,,
28.704765000000013,,,,,-0.25,-0.86328125,-0.822265625,-0.09132164112481926,-4.786277866390812,0,-0.032958984375,0,647.0633668864799,0,0,0,0,0,2.525390625,,
28.72817000000004,,,,,-0.19921875,-1.12890625,-0.919921875,-0.0917319416854673,-4.793083933324412,0,-0.037841796875,0,647.37752615184,0,0,0,0,0,2.5,,
28.753054999999936,,,,,-0.078125,-0.740234375,-1.228515625,-0.0917635246564864,-4.826458391084121,0,-0.0341796875,0,647.9011249274399,0,0,0,0,0,2.498046875,,
28.775359999999985,,,,,0.4375,-0.603515625,-1.265625,-0.09219560142374005,-4.8357051802830116,0,-0.013427734375,0,648.42472370304,0,0,0,0,0,2.490234375,,
28.80263500000001,,,,,-0.4375,-0.5390625,-0.5703125,-0.09323977232855997,-4.845446565183235,0,-0.02371651865541935,0,649.47192125424,0,0,0,0,0,2.498046875,,
28.82709499999997,,,,,0.099609375,-0.5390625,-1.248046875,-0.09376211366575128,-4.863101481304834,0,-0.02495659701526165,0,650.41439905032,0,0,0,0,0,2.521484375,,
28.85232999999996,,,,,-0.162109375,-0.359375,-0.8984375,-0.09335422341122247,-4.883358400898678,0,-0.025634765625,0,650.93799782592,0,0,0,0,0,2.515625,,
28.877774999999907,,,,,-0.111328125,-0.87109375,-0.84765625,-0.09275899956488207,-4.886842074968958,0,-0.0314670130610466,0,651.3568768463999,0,0,0,0,0,2.490234375,,
28.902474999999978,,,,,0.3125,-0.7890625,-1.23828125,-0.0924569216031922,-4.897497386708608,0,-0.0244140625,0,651.880475622,0,0,0,0,0,2.490234375,,
28.925744999999996,,,,,-0.0859375,-0.7890625,-0.6171875,-0.09349652527358403,-4.90551843873462,0,-0.02685546875,0,652.5087941527199,0,0,0,0,0,2.486328125,,
28.95166499999992,,,,,0.3125,-0.44921875,-1.4140625,-0.0933766907033463,-4.897013543087735,0,-0.0334821417927742,0,653.03239292832,0,0,0,0,0,2.498046875,,
28.976749999999882,,,,,0.01171875,-0.78515625,-0.869140625,-0.09305344905259229,-4.9258721270526395,0,-0.0217013880610466,0,653.55599170392,0,0,0,0,0,2.498046875,,
29.00403999999992,,,,,0.236328125,-0.6328125,-1.02734375,-0.09310818732875578,-4.93546298282637,0,-0.028076171875,0,653.87015096928,0,0,0,0,0,2.470703125,,
29.027409999999914,,,,,0.4609375,-0.927734375,-1.13671875,-0.09285866056825949,-4.941527156207966,0,-0.03125,0,654.2890299897599,0,0,0,0,0,2.45703125,,
29.0522699999999,,,,,-0.26171875,-0.90234375,-0.60546875,-0.09346662351777332,-4.957676781064631,0,-0.01953125,0,655.0220682756,0,0,0,0,0,2.462890625,,
29.07506999999995,,,,,0.099609375,-0.349609375,-1.408203125,-0.09366586854302078,-4.979890579302891,0,-0.01953125,0,655.33622754096,0,0,0,0,0,2.474609375,,
29.103379999999888,,,,,-0.224609375,-0.650390625,-0.703125,-0.09298870306130907,-4.98593324852356,0,-0.0320870541036129,0,655.65038680632,0,0,0,0,0,2.47265625,,
29.125529999999912,,,,,-0.0859375,-1.1171875,-0.7421875,-0.09250120999532378,-4.976292261174667,0,-0.0224609375,0,655.65038680632,0,0,0,0,0,2.466796875,,
29.152964999999966,,,,,0.349609375,-0.357421875,-1.296875,-0.09290005936834,-4.974299497461702,0,-0.02511160634458065,0,655.9645460716799,0,0,0,0,0,2.474609375,,
29.177074999999952,,,,,-0.423828125,-0.587890625,-0.701171875,-0.09337516839023177,-4.93755600968966,0,-0.0303819440305233,0,656.48814484728,0,0,0,0,0,2.4921875,,
29.202050000000046,,,,,-0.01171875,-0.53125,-1.36328125,-0.09331887142694824,-4.910786958161894,0,-0.0244140625,0,656.5928646023999,0,0,0,0,0,2.51171875,,
29.225304999999935,,,,,0.01171875,-1.033203125,-0.7890625,-0.09271893122928918,-4.903400278883247,0,-0.030517578125,0,656.69758435752,0,0,0,0,0,2.501953125,,
29.25248999999999,,,,,-0.234375,-0.615234375,-0.98828125,-0.09266476864124575,-4.884272327738104,0,-0.023193359375,0,656.90702386776,0,0,0,0,0,2.501953125,,
29.28118499999994,,,,,-0.05078125,-0.388671875,-1.189453125,-0.09321864021978117,-4.89046189725811,0,-0.0217013880610466,0,657.6400621536,0,0,0,0,0,2.513671875,,
29.303124999999884,,,,,-0.375,-0.06640625,-0.796875,-0.0939068524604658,-4.929259032398743,0,-0.02604166604578495,0,658.0589411740799,0,0,0,0,0,2.52734375,,
29.329074999999953,,,,,-0.5,-1.130859375,-0.435546875,-0.09333114625607038,-4.935258693297557,0,-0.025634765625,0,658.47782019456,0,0,0,0,0,2.515625,,
29.351945000000065,,,,,-0.1875,-0.392578125,-1.50390625,-0.0932351476381133,-4.930635298698113,0,-0.029296875,0,658.79197945992,0,0,0,0,0,2.509765625,,
29.375630000000005,,,,,-0.111328125,-0.734375,-0.87109375,-0.09343909906914478,-4.913872805255012,0,-0.02790178544819355,0,659.10613872528,0,0,0,0,0,2.51171875,,
29.402314999999945,,,,,-0.25,-0.615234375,-1.404296875,-0.09354439908460115,-4.933731897871694,0,-0.0341796875,0,659.62973750088,0,0,0,0,0,2.521484375,,
29.437459999999962,,,,,-0.2734375,-0.390625,-0.96484375,-0.09414760886086115,-4.93788220093073,0,-0.02495659701526165,0,660.2580560316,0,0,0,0,0,2.515625,,
29.460709999999963,,,,,-0.41015625,-0.75,-0.90625,-0.09422205759831857,-4.955877554800016,0,-0.0244140625,0,660.5722152969599,0,0,0,0,0,2.509765625,,
29.4831449999999,,,,,0.5,-1.0703125,-1.5,-0.0939918480518535,-4.966289197516153,0,-0.01813616044819355,0,660.99109431744,0,0,0,0,0,2.51171875,,
29.504979999999982,,,,,-0.09375,-0.619140625,-0.44921875,-0.09431584824208299,-4.999179811654992,0,-0.03173828125,0,661.61941284816,0,0,0,0,0,2.521484375,,
29.527359999999987,,,,,-0.125,-1.142578125,-1.140625,-0.09486139169680619,-4.992180207273042,0,-0.0348772332072258,0,662.14301162376,0,0,0,0,0,2.49609375,,
29.55222999999998,,,,,0.2109375,-1.1328125,-0.91796875,-0.09470207368910236,-5.028274941390099,0,-0.02511160634458065,0,662.56189064424,0,0,0,0,0,2.4921875,,
29.575564999999944,,,,,-0.0859375,-1.041015625,-1.060546875,-0.09435726959523227,-5.013985426453677,0,-0.028076171875,0,662.98076966472,0,0,0,0,0,2.494140625,,
29.60145499999996,,,,,-0.125,-0.609375,-0.923828125,-0.09444993286442228,-5.02987700137921,0,-0.023193359375,0,663.29492893008,0,0,0,0,0,2.5,,
29.625275000000023,,,,,0,-0.921875,-0.900390625,-0.09491875048471965,-5.036371257979359,0,-0.02685546875,0,663.8185277056799,0,0,0,0,0,2.482421875,,
29.65425,,,,,-0.26171875,-0.453125,-1.37890625,-0.09562280345540941,-5.052112303778397,0,-0.02197265625,0,664.3421264812799,0,0,0,0,0,2.48046875,,
29.680909999999916,,,,,0.224609375,-1.376953125,-1.24609375,-0.09530452183841662,-5.054617538526468,0,-0.0302734375,0,664.76100550176,0,0,0,0,0,2.4921875,,
29.706084999999963,,,,,-0.0625,-1.21484375,-0.376953125,-0.09489953990098746,-5.072906827395433,0,-0.0217013880610466,0,665.07516476712,0,0,0,0,0,2.4765625,,
29.727310000000056,,,,,0.44921875,-1.16015625,-1.65234375,-0.0955900874052639,-5.072949835717288,0,-0.015869140625,0,665.4940437875999,0,0,0,0,0,2.470703125,,
29.75270499999996,,,,,-0.09375,-1.046875,-1.20703125,-0.0955900874052639,-5.071068221636119,0,-0.0223214291036129,0,665.91292280808,0,0,0,0,0,2.4765625,,
29.776369999999996,,,,,-0.5625,-0.2265625,-0.69140625,-0.09597165158258196,-5.092629771793243,0,-0.023193359375,0,666.4365215836799,0,0,0,0,0,2.4765625,,
29.810714999999966,,,,,-0.287109375,-0.62890625,-0.693359375,-0.0958598112414388,-5.100528922106997,0,-0.028076171875,0,666.5412413388,0,0,0,0,0,2.466796875,,
29.8312699999999,,,,,0.33203125,-1.59765625,-1.248046875,-0.09558310345211758,-5.077118014110095,0,-0.02522786520421505,0,666.9601203592799,0,0,0,0,0,2.4765625,,
29.85448999999999,,,,,0,-0.986328125,-1.3359375,-0.09579797097765436,-5.083798684905287,0,-0.029296875,0,667.37899937976,0,0,0,0,0,2.478515625,,
29.876254999999887,,,,,0.0625,-0.904296875,-0.734375,-0.09643086544602997,-5.065401875231683,0,-0.013427734375,0,667.7978784002399,0,0,0,0,0,2.4609375,,
29.90225,,,,,0.4609375,-1.62890625,-1.359375,-0.09649919187968825,-5.0799709442601655,0,-0.03092447854578495,0,668.21675742072,0,0,0,0,0,2.462890625,,
29.92516500000004,,,,,-0.125,-1.0078125,-0.7421875,-0.09667122973770237,-5.085067430400018,0,-0.02495659701526165,0,668.53091668608,0,0,0,0,0,2.466796875,,
29.95047999999998,,,,,-0.173828125,-0.462890625,-0.45703125,-0.09675090048847712,-5.112184177329782,0,-0.0244140625,0,668.84507595144,0,0,0,0,0,2.443359375,,
29.97767499999993,,,,,0.724609375,-1.634765625,-1.30859375,-0.09703298916080016,-5.160794333106731,0,-0.023193359375,0,669.2639549719199,0,0,0,0,0,2.447265625,,
30.002665000000036,,,,,0.548828125,-1.400390625,-0.59765625,-0.09759200532321595,-5.181922171218145,0,-0.0325520820915699,0,669.8922735026399,0,0,0,0,0,2.4453125,,
30.02770499999996,,,,,-0.537109375,-0.6484375,-0.759765625,-0.09794464930261278,-5.200501766259633,0,-0.0341796875,0,670.1017130128799,0,0,0,0,0,2.427734375,,
30.053919999999927,,,,,0.236328125,-0.6640625,-0.962890625,-0.09719657228626254,-5.185868184748369,0,-0.03173828125,0,670.31115252312,0,0,0,0,0,2.44140625,,
30.075204999999958,,,,,-0.51171875,-0.173828125,-0.912109375,-0.09763009086469598,-5.168589591443003,0,-0.0271267369389534,0,670.83475129872,0,0,0,0,0,2.44140625,,
30.10192499999993,,,,,0.048828125,-1.203125,-0.384765625,-0.0979951616573541,-5.154504366035393,0,-0.01953125,0,671.35835007432,0,0,0,0,0,2.427734375,,
30.12523999999999,,,,,0.3125,-0.59765625,-1.21875,-0.09850020308205124,-5.146515570250772,0,-0.02278645895421505,0,671.8819488499199,0,0,0,0,0,2.4375,,
30.152464999999967,,,,,0.03125,-1.306640625,-0.9765625,-0.098419307105917,-5.181814650413506,0,-0.0244140625,0,672.40554762552,0,0,0,0,0,2.453125,,
30.179484999999985,,,,,-0.17578125,-1.0703125,-0.71875,-0.0980142945489741,-5.206243377227315,0,-0.03173828125,0,672.61498713576,0,0,0,0,0,2.44921875,,
30.202574999999953,,,,,0.14453125,-1.259765625,-1.005859375,-0.09757701290451808,-5.223113391475055,0,-0.02604166604578495,0,673.0338661562399,0,0,0,0,0,2.443359375,,
30.22529999999993,,,,,0.0625,-1.185546875,-0.982421875,-0.09807273012848032,-5.241015605447322,0,-0.025634765625,0,673.55746493184,0,0,0,0,0,2.439453125,,
30.251564999999943,,,,,-0.2734375,-0.9296875,-0.984375,-0.098846541868862,-5.2051036566981495,0,-0.013950892724096775,0,673.97634395232,0,0,0,0,0,2.4296875,,
30.275384999999893,,,,,0.611328125,-1.07421875,-1.3828125,-0.09868637865978008,-5.210597969815164,0,-0.0271267369389534,0,674.3952229728,0,0,0,0,0,2.431640625,,
30.301525000000023,,,,,0.224609375,-0.58984375,-1.197265625,-0.09856133443359229,-5.217930888691492,0,-0.035400390625,0,674.9188217484,0,0,0,0,0,2.412109375,,
30.32954999999993,,,,,-0.423828125,-0.443359375,-0.94921875,-0.09895967060342159,-5.2323279244325525,0,-0.030517578125,0,675.442420524,0,0,0,0,0,2.396484375,,
30.352454999999956,,,,,0.099609375,-1.248046875,-1,-0.09930840756669222,-5.2454454625984175,0,-0.0224609375,0,675.9660192995999,0,0,0,0,0,2.390625,,
30.375285000000034,,,,,0.01171875,-0.677734375,-1.0703125,-0.09929893230762257,-5.268315137744971,0,-0.01953125,0,676.28017856496,0,0,0,0,0,2.3828125,,
30.40206500000006,,,,,0.28125,-0.923828125,-1.302734375,-0.09902185283339064,-5.272519201206327,0,-0.02197265625,0,676.59433783032,0,0,0,0,0,2.37890625,,
30.425739999999873,,,,,-0.42578125,-1.037109375,-0.751953125,-0.09901617153001872,-5.264691686628663,0,-0.029296875,0,676.8037773405599,0,0,0,0,0,2.3828125,,
30.451849999999975,,,,,0.173828125,-0.86328125,-1.22265625,-0.09907390412205529,-5.262132691478273,0,-0.018310546875,0,677.1179366059199,0,0,0,0,0,2.380859375,,
30.47816000000003,,,,,-0.1484375,-0.046875,-1.03125,-0.09966706606484371,-5.25223002537109,0,-0.01953125,0,677.74625513664,0,0,0,0,0,2.373046875,,
30.50257999999996,,,,,0.0859375,-0.818359375,-0.935546875,-0.10010108003092258,-5.26763775667575,0,-0.01953125,0,678.16513415712,0,0,0,0,0,2.376953125,,
30.525395000000017,,,,,-0.099609375,-1.138671875,-1.33984375,-0.09924925714268264,-5.2959049762151436,0,-0.032958984375,0,678.37457366736,0,0,0,0,0,2.37890625,,
30.552079999999957,,,,,-0.63671875,-0.5234375,-1.17578125,-0.09933993450034444,-5.315032927360287,0,-0.018310546875,0,678.89817244296,0,0,0,0,0,2.37890625,,
30.575539999999922,,,,,-0.0234375,-0.580078125,-0.9609375,-0.09964812719470004,-5.299109096193363,0,-0.0282118059694767,0,679.1076119531999,0,0,0,0,0,2.373046875,,
30.602440000000062,,,,,0.25,-1.2421875,-1.08984375,-0.09951130286267322,-5.2797876075998715,0,-0.01813616044819355,0,679.73593048392,0,0,0,0,0,2.361328125,,
30.62905500000005,,,,,0.0859375,-0.05078125,-1.111328125,-0.09963767371035595,-5.2737449383792026,0,-0.0314670130610466,0,680.36424901464,0,0,0,0,0,2.37109375,,
30.652634999999893,,,,,-0.298828125,-0.44140625,-1.02734375,-0.09986376610746275,-5.24053176182645,0,-0.0325520820915699,0,680.67840828,0,0,0,0,0,2.359375,,
30.676304999999935,,,,,-0.1484375,-1.31640625,-0.841796875,-0.09975701476824896,-5.2105872177347,0,-0.020751953125,0,681.0972873004799,0,0,0,0,0,2.3671875,,
30.70318499999994,,,,,0,-0.357421875,-0.98828125,-0.09986834045760831,-5.252509579463149,0,-0.02511160634458065,0,681.51616632096,0,0,0,0,0,2.359375,,
30.728125,,,,,-0.1484375,0.21484375,-1.30859375,-0.10081669490768073,-5.279938136726365,0,-0.02495659701526165,0,682.14448485168,0,0,0,0,0,2.34375,,
30.752304999999936,,,,,-0.13671875,-0.876953125,-0.72265625,-0.10087036163143706,-5.3325695705967835,0,-0.02495659701526165,0,682.5633638721599,0,0,0,0,0,2.34375,,
30.78127499999991,,,,,0.173828125,-1.359375,-1.01953125,-0.10049750984289511,-5.331913693688491,0,-0.02790178544819355,0,682.98224289264,0,0,0,0,0,2.3359375,,
30.804149999999908,,,,,-0.23828125,-0.30859375,-0.80078125,-0.10049243415408259,-5.304850707161046,0,-0.021484375,0,683.61056142336,0,0,0,0,0,2.32421875,,
30.83285499999998,,,,,0.125,-0.91796875,-1.111328125,-0.10053446016604171,-5.321978771339917,0,-0.03173828125,0,683.92472068872,0,0,0,0,0,2.306640625,,
30.85691000000003,,,,,-0.33203125,-0.10546875,-1.1015625,-0.10062563886985676,-5.343877130417569,0,-0.0325520820915699,0,684.3435997091999,0,0,0,0,0,2.302734375,,
30.878890000000013,,,,,-0.32421875,-0.62109375,-1.033203125,-0.10093747801943408,-5.3409454412781034,0,-0.025634765625,0,684.65775897456,0,0,0,0,0,2.294921875,,
30.90369499999995,,,,,0.53125,-0.685546875,-0.904296875,-0.10111238431262333,-5.347579474924282,0,-0.013950892724096775,0,685.07663799504,0,0,0,0,0,2.294921875,,
30.9295199999999,,,,,-0.3359375,-1.40625,-0.734375,-0.10113251776482912,-5.351181421879663,0,-0.0314670130610466,0,685.4955170155199,0,0,0,0,0,2.30078125,,
30.951804999999936,,,,,0.125,-1.158203125,-0.896484375,-0.1017975754134384,-5.349117022430609,0,-0.029296875,0,686.12383554624,0,0,0,0,0,2.302734375,,
30.97535999999987,,,,,0.0625,-0.296875,-1.20703125,-0.10183092983439977,-5.3298600463199,0,-0.01953125,0,686.6474343218399,0,0,0,0,0,2.32421875,,
31.00351000000001,,,,,-0.1875,-1.298828125,-1.16015625,-0.10173262089282922,-5.350901867787604,0,-0.0244140625,0,686.9615935872,0,0,0,0,0,2.318359375,,
31.026079999999958,,,,,-0.33203125,-1.072265625,-0.62890625,-0.10129204807245298,-5.390652309262361,0,-0.02278645895421505,0,687.06631334232,0,0,0,0,0,2.3203125,,
31.053929999999934,,,,,0.173828125,-0.701171875,-1.2578125,-0.101736608153237,-5.41210270978769,0,-0.029296875,0,687.38047260768,0,0,0,0,0,2.31640625,,
31.07648999999999,,,,,-0.125,-0.439453125,-1.056640625,-0.10316617827644937,-5.431768264956024,0,-0.02387152798473835,0,688.532389914,0,0,0,0,0,2.318359375,,
31.115064999999944,,,,,0.125,-0.537109375,-1.423828125,-0.10401999206770059,-5.460046236575882,0,-0.03069196455180645,0,689.2654281998399,0,0,0,0,0,2.310546875,,
31.138274999999908,,,,,-0.015625,-1.234375,-1.05078125,-0.10358962278170301,-5.455483725632064,0,-0.018780048936605453,0,690.1031862407999,0,0,0,0,0,2.30078125,,
31.16004999999993,,,,,-0.734375,-1.654296875,-0.671875,-0.10326066215242531,-5.438380794441276,0,-0.029296875,0,690.52206526128,0,0,0,0,0,2.3046875,,
31.184589999999968,,,,,0.0859375,-0.880859375,-1.3359375,-0.10325652384116908,-5.427521193172813,0,-0.0320870541036129,0,691.150383792,0,0,0,0,0,2.302734375,,
31.207059999999938,,,,,-0.173828125,-1.36328125,-1.115234375,-0.10368581316054333,-5.450358612077976,0,-0.025634765625,0,691.6739825676,0,0,0,0,0,2.310546875,,
31.228974999999977,,,,,0.140625,-1.734375,-1.296875,-0.10383717916306898,-5.472798204005977,0,-0.02790178544819355,0,691.88342207784,0,0,0,0,0,2.318359375,,
31.252400000000023,,,,,0.125,-1.646484375,-1.4453125,-0.10357624158724851,-5.47241112910928,0,-0.023193359375,0,692.51174060856,0,0,0,0,0,2.3203125,,
31.275349999999978,,,,,0.0625,-0.8125,-0.802734375,-0.1038821113654291,-5.461712809047775,0,-0.029296875,0,692.9306196290399,0,0,0,0,0,2.328125,,
31.30767499999993,,,,,0.099609375,-0.431640625,-1.03125,-0.10487509473024295,-5.486431842034106,0,-0.029296875,0,693.5589381597599,0,0,0,0,0,2.33203125,,
31.329009999999894,,,,,0.05078125,-1.564453125,-0.900390625,-0.10453334857818299,-5.491431559449785,0,-0.03373579680919647,0,693.97781718024,0,0,0,0,0,2.333984375,,
31.354669999999924,,,,,-0.15625,-1.123046875,-1.25,-0.10418486714443807,-5.520666466230922,0,-0.032958984375,0,694.2919764456,0,0,0,0,0,2.32421875,,
31.376464999999968,,,,,-0.224609375,-0.71484375,-1.2421875,-0.10416037926554414,-5.535708626799811,0,-0.02197265625,0,694.8155752212,0,0,0,0,0,2.326171875,,
31.405890000000014,,,,,-0.125,-0.15234375,-1.126953125,-0.10422352859425982,-5.5442995390904075,0,-0.02278645895421505,0,695.3391739968,0,0,0,0,0,2.31640625,,
31.428159999999917,,,,,0,-1.44921875,-0.896484375,-0.10491772848099591,-5.56936263865158,0,-0.014204545877873898,0,695.75805301728,0,0,0,0,0,2.31640625,,
31.452849999999977,,,,,0.171875,-1.203125,-0.666015625,-0.10446217532666342,-5.613424664392332,0,-0.0348772332072258,0,696.07221228264,0,0,0,0,0,2.3359375,,
31.476584999999965,,,,,-0.173828125,-2.060546875,-1.15625,-0.10452767488839795,-5.629864595421518,0,-0.023193359375,0,696.3863715479999,0,0,0,0,0,2.361328125,,
31.500579999999957,,,,,-0.3125,-1.037109375,-0.595703125,-0.10430345368608078,-5.634401973377252,0,-0.02092633955180645,0,696.7005308133599,0,0,0,0,0,2.375,,
31.525175000000047,,,,,-0.287109375,-0.35546875,-0.70703125,-0.10451127957474472,-5.5894260207970765,0,-0.030517578125,0,696.9099703236,0,0,0,0,0,2.373046875,,
31.550709999999963,,,,,0.1875,-1.51171875,-0.65625,-0.10517620372660492,-5.583931707680062,0,-0.023193359375,0,697.53828885432,0,0,0,0,0,2.37109375,,
31.57555500000005,,,,,0.048828125,-1.083984375,-0.955078125,-0.10565927423384307,-5.595694483707486,0,-0.028076171875,0,697.8524481196799,0,0,0,0,0,2.390625,,
31.60721000000008,,,,,0.0859375,-1.298828125,-1.1953125,-0.10544759550230275,-5.622499420303799,0,-0.02387152798473835,0,698.27132714016,0,0,0,0,0,2.3984375,,
31.629794999999927,,,,,-0.384765625,-1.61328125,-0.623046875,-0.1052779226015898,-5.615241765990718,0,-0.030184658244252205,0,698.69020616064,0,0,0,0,0,2.412109375,,
31.652165000000036,,,,,0.38671875,-1.353515625,-1.2578125,-0.10617148625609496,-5.606156257998787,0,-0.015345982275903225,0,699.21380493624,0,0,0,0,0,2.431640625,,
31.67522999999998,,,,,-0.34375,-0.859375,-0.6328125,-0.10623096940633728,-5.609070071804483,0,-0.0320870541036129,0,699.6326839567199,0,0,0,0,0,2.431640625,,
31.701655000000027,,,,,-0.287109375,-0.724609375,-1.09765625,-0.10560903003606267,-5.604392916802719,0,-0.0265066958963871,0,699.84212346696,0,0,0,0,0,2.4296875,,
31.72655999999994,,,,,0.537109375,-0.720703125,-1.07421875,-0.10590691767746828,-5.628025989662205,0,-0.01953125,0,700.26100248744,0,0,0,0,0,2.42578125,,
31.7525,,,,,-0.3125,-1.30078125,-1.06640625,-0.10587130372103255,-5.685796917994331,0,-0.029296875,0,700.36572224256,0,0,0,0,0,2.43359375,,
31.794084999999964,,,,,0.32421875,-1.736328125,-0.7109375,-0.10623232359237862,-5.713376004384041,0,-0.02387152798473835,0,700.7846012630399,0,0,0,0,0,2.455078125,,
31.81688500000001,,,,,0.09375,-1.318359375,-1.375,-0.10653509740327019,-5.706258127116988,0,-0.0319010429084301,0,701.41291979376,0,0,0,0,0,2.4609375,,
31.838199999999954,,,,,-0.162109375,-1.40625,-1.0390625,-0.10691152961930625,-5.709870826152833,0,-0.02092633955180645,0,701.83179881424,0,0,0,0,0,2.486328125,,
31.859929999999935,,,,,-0.46875,-2.189453125,-1.421875,-0.10634340989268201,-5.697484429458508,0,-0.02278645895421505,0,702.1459580796,0,0,0,0,0,2.490234375,,
31.881654999999913,,,,,-0.09375,-1.4609375,-0.986328125,-0.10713621486796676,-5.68123803587767,0,-0.01953125,0,702.4601173449599,0,0,0,0,0,2.48828125,,
31.90357999999996,,,,,0.486328125,-1.3515625,-1.275390625,-0.10761009368798863,-5.686646332350973,0,-0.035400390625,0,702.87899636544,0,0,0,0,0,2.498046875,,
31.930839999999968,,,,,-0.3125,-1.45703125,-0.63671875,-0.10727377947978686,-5.6825067813724015,0,-0.02790178544819355,0,703.29787538592,0,0,0,0,0,2.515625,,
31.95444499999995,,,,,-0.34375,-0.44140625,-0.560546875,-0.10767632114969025,-5.6948179135034795,0,-0.02387152798473835,0,703.6120346512799,0,0,0,0,0,2.4921875,,
31.976719999999972,,,,,-0.046875,-0.91796875,-1.32421875,-0.10777859362262857,-5.715128593499643,0,-0.02685546875,0,704.03091367176,0,0,0,0,0,2.470703125,,
32.00207000000007,,,,,-0.162109375,-0.935546875,-0.9140625,-0.10879220181032172,-5.765577355035906,0,-0.02511160634458065,0,704.65923220248,0,0,0,0,0,2.470703125,,
32.03189500000002,,,,,0.224609375,-0.826171875,-0.52734375,-0.10932145799039188,-5.813413361019459,0,-0.030517578125,0,705.18283097808,0,0,0,0,0,2.455078125,,
32.05333499999996,,,,,0.08203125,0.10546875,-1.255859375,-0.1088418458503922,-5.826821205357848,0,-0.025390625,0,705.2875507332,0,0,0,0,0,2.45703125,,
32.07989000000001,,,,,-0.03125,-1.4609375,-0.853515625,-0.10821051575871614,-5.809596372454801,0,-0.0223214291036129,0,705.3922704883199,0,0,0,0,0,2.47265625,,
32.10210999999999,,,,,-0.1875,-0.375,-1.125,-0.1084279790937766,-5.78203879022602,0,-0.0184461809694767,0,705.3922704883199,0,0,0,0,0,2.474609375,,
32.1270199999999,,,,,-0.099609375,-0.42578125,-1.001953125,-0.10868148055206422,-5.776178906373237,0,-0.01953125,0,705.91586926392,0,0,0,0,0,2.478515625,,
32.150125,,,,,-0.173828125,-0.779296875,-0.3125,-0.10993082023957089,-5.7372133667723375,0,-0.018310546875,0,706.43946803952,0,0,0,0,0,2.4609375,,
32.17729499999992,,,,,-0.015625,-1.001953125,-1.529296875,-0.1094429611832764,-5.737955260324342,0,-0.02790178544819355,0,706.8583470599999,0,0,0,0,0,2.451171875,,
32.20393500000006,,,,,-0.0625,-1.607421875,-0.3515625,-0.10970228143250076,-5.766570175265734,0,-0.0271267369389534,0,707.27722608048,0,0,0,0,0,2.462890625,,
32.227599999999974,,,,,0.236328125,-0.98828125,-1.1953125,-0.10989018427983872,-5.812004838478698,0,-0.02734375,0,707.6961051009599,0,0,0,0,0,2.470703125,,
32.25046499999997,,,,,0.0859375,-1.71875,-0.390625,-0.1107387305111917,-5.812004838478698,0,-0.02092633955180645,0,708.3244236316799,0,0,0,0,0,2.47265625,,
32.27779000000004,,,,,0.01171875,-1.197265625,-0.82421875,-0.11136980931934666,-5.811994086398234,0,-0.02511160634458065,0,708.9527421624,0,0,0,0,0,2.4765625,,
32.30503500000003,,,,,0,-0.97265625,-0.5859375,-0.11105346821996306,-5.837404881361407,0,-0.033203125,0,709.26690142776,0,0,0,0,0,2.482421875,,
32.32794999999995,,,,,0.287109375,-0.2421875,-1.361328125,-0.11035676491782215,-5.866001786568022,0,-0.0325520820915699,0,709.58106069312,0,0,0,0,0,2.494140625,,
32.357159999999915,,,,,0.1875,-0.96484375,-0.900390625,-0.11091166154397007,-5.905935013410665,0,-0.0320870541036129,0,709.9999397135999,0,0,0,0,0,2.494140625,,
32.38053500000003,,,,,0.05078125,-1.09765625,-0.9453125,-0.1110906574544741,-5.898290284200886,0,-0.029296875,0,710.3140989789599,0,0,0,0,0,2.49609375,,
32.40351000000001,,,,,0.048828125,-0.173828125,-0.701171875,-0.11131495655661679,-5.906494121594784,0,-0.0404575876891613,0,710.8376977545599,0,0,0,0,0,2.5078125,,
32.42552000000002,,,,,-0.9375,-0.287109375,-1.220703125,-0.1108572807012877,-5.90926815835445,0,-0.029296875,0,711.1518570199199,0,0,0,0,0,2.505859375,,
32.451255,,,,,-0.25,-0.78125,-1.048828125,-0.11087513609328924,-5.910010051906454,0,-0.0223214291036129,0,711.36129653016,0,0,0,0,0,2.486328125,,
32.479119999999995,,,,,-0.0625,-0.1640625,-0.125,-0.11125354472315689,-5.87749576058385,0,-0.028076171875,0,711.7801755506399,0,0,0,0,0,2.4765625,,
32.50470499999996,,,,,0.3359375,-0.16796875,-0.8984375,-0.11150069132419492,-5.8759188335828245,0,-0.0283203125,0,712.40849408136,0,0,0,0,0,2.46484375,,
32.52733999999997,,,,,0.1875,-1.255859375,-0.4296875,-0.11145268453922128,-5.887903774472832,0,-0.030517578125,0,712.6179335915999,0,0,0,0,0,2.482421875,,
32.549814999999946,,,,,-0.046875,-0.177734375,-1.337890625,-0.11151125548205784,-5.905762980123243,0,-0.03069196455180645,0,712.9320928569599,0,0,0,0,0,2.46484375,,
32.58499999999988,,,,,-0.796875,-0.11328125,-0.3203125,-0.11119684499254673,-5.932804462489761,0,-0.028076171875,0,713.03681261208,0,0,0,0,0,2.474609375,,
32.614409999999914,,,,,-0.017578125,-0.6796875,-0.8515625,-0.11165269357330201,-5.9573120826939725,0,-0.02197265625,0,713.4556916325599,0,0,0,0,0,2.466796875,,
32.639234999999985,,,,,-0.177734375,-0.3828125,-1.025390625,-0.11208090323383492,-5.996435274674672,0,-0.0314670130610466,0,713.97929040816,0,0,0,0,0,2.44921875,,
32.661089999999966,,,,,0.01171875,-0.71484375,-1.37109375,-0.11198051028727059,-6.047765706808968,0,-0.02197265625,0,714.50288918376,0,0,0,0,0,2.462890625,,
32.68318000000005,,,,,-0.109375,0.814453125,-0.455078125,-0.1119963342136767,-6.02786360587043,0,-0.02371651865541935,0,714.50288918376,0,0,0,0,0,2.458984375,,
32.704974999999976,,,,,-0.4375,-0.8125,-0.580078125,-0.1123194837032251,-6.038379140564049,0,-0.02197265625,0,714.712328694,0,0,0,0,0,2.455078125,,
32.72754499999993,,,,,-0.4375,-0.822265625,-1.283203125,-0.11266957321366372,-6.037422205402769,0,-0.0167410708963871,0,714.9217682042399,0,0,0,0,0,2.46484375,,
32.750089999999965,,,,,-0.0234375,-0.94140625,-1.076171875,-0.1128069197835803,-6.02561642105349,0,-0.02371651865541935,0,715.2359274695999,0,0,0,0,0,2.46875,,
32.77798999999999,,,,,-0.265625,0.138671875,-1.849609375,-0.11244060619649072,-6.045991613532437,0,-0.02790178544819355,0,715.13120771448,0,0,0,0,0,2.484375,,
32.800395000000016,,,,,-0.05078125,-0.408203125,-0.541015625,-0.11239492874531311,-6.0049509224020206,0,-0.01953125,0,715.2359274695999,0,0,0,0,0,2.490234375,,
32.82767500000005,,,,,-0.203125,-0.44140625,-0.8671875,-0.11230325346660622,-5.986908931383724,0,-0.02371651865541935,0,715.34064722472,0,0,0,0,0,2.509765625,,
32.85034499999997,,,,,-0.0625,0.349609375,-0.859375,-0.11233473145615017,-5.991467813500385,0,-0.0271267369389534,0,715.65480649008,0,0,0,0,0,2.521484375,,
32.87809999999986,,,,,-0.125,-0.068359375,0.330078125,-0.11240060008069154,-6.003284349930128,0,-0.02790178544819355,0,715.96896575544,0,0,0,0,0,2.521484375,,
32.90135999999998,,,,,-0.17578125,-1.359375,-0.451171875,-0.11243138816817472,-6.030465609342675,0,-0.0303819440305233,0,716.2831250208,0,0,0,0,0,2.525390625,,
32.92879999999993,,,,,-0.046875,0.353515625,-1.548828125,-0.11181699582168178,-6.042400418657519,0,-0.032958984375,0,716.49256453104,0,0,0,0,0,2.517578125,,
32.950265000000016,,,,,0.291015625,0.04296875,-0.533203125,-0.11227478995663026,-6.0636465296540365,0,-0.029296875,0,716.8067237964,0,0,0,0,0,2.541015625,,
32.97767499999993,,,,,-0.048828125,-1.46484375,-0.68359375,-0.11207400550461216,-6.044013230727093,0,-0.0404575876891613,0,717.2256028168799,0,0,0,0,0,2.5625,,
33.00020499999996,,,,,0.224609375,-0.97265625,-1.65234375,-0.11221975101988041,-6.008370083989517,0,-0.0282118059694767,0,717.5397620822399,0,0,0,0,0,2.56640625,,
33.030514999999895,,,,,-0.265625,-1.306640625,0.27734375,-0.11240894083449676,-6.03508900394212,0,-0.02511160634458065,0,717.95864110272,0,0,0,0,0,2.576171875,,
33.05837,,,,,-0.080078125,-1.251953125,-0.71875,-0.11224600133665595,-6.032003156849002,0,-0.037109375,0,718.16808061296,0,0,0,0,0,2.572265625,,
33.090439999999944,,,,,0.349609375,-0.16015625,-1.14453125,-0.11242741039788569,-6.023068177983563,0,-0.0224609375,0,718.58695963344,0,0,0,0,0,2.57421875,,
33.11296999999997,,,,,-0.35546875,-0.486328125,-1.02734375,-0.11293557201166755,-6.024637981731282,0,-0.0244140625,0,719.4247176744,0,0,0,0,0,2.583984375,,
33.13423999999999,,,,,-0.09375,-0.134765625,-0.2578125,-0.1132147126801714,-6.063205694355019,0,-0.0376674123108387,0,720.1577559602399,0,0,0,0,0,2.568359375,,
33.15646999999986,,,,,-0.703125,-0.330078125,-0.88671875,-0.11295821387094447,-6.07220518570324,0,-0.025634765625,0,720.4719152255999,0,0,0,0,0,2.572265625,,
33.18450999999989,,,,,0.162109375,-0.439453125,-0.625,-0.11291637736315606,-6.085860327892297,0,-0.0348772332072258,0,720.6813547358399,0,0,0,0,0,2.587890625,,
33.20725,,,,,0.099609375,-1.216796875,-0.47265625,-0.11337447382750944,-6.061861684297041,0,-0.0234375,0,721.41439302168,0,0,0,0,0,2.5859375,,
33.229164999999924,,,,,-0.173828125,-0.1328125,-0.91015625,-0.11346386918691705,-6.04372292455457,0,-0.008138020522892475,0,721.93799179728,0,0,0,0,0,2.59375,,
33.250945000000065,,,,,-0.15625,-0.181640625,-1.4921875,-0.11284708933005419,-6.07110847349593,0,-0.0376674123108387,0,722.25215106264,0,0,0,0,0,2.615234375,,
33.278394999999904,,,,,0.171875,-0.654296875,-1.548828125,-0.11310148181641276,-6.110772898326976,0,-0.0048828125,0,722.566310328,0,0,0,0,0,2.61328125,,
33.30008999999997,,,,,-0.20703125,-1.29296875,0.009765625,-0.11335391503993571,-6.12332057622826,0,-0.015869140625,0,722.88046959336,0,0,0,0,0,2.62890625,,
33.330390000000016,,,,,-0.111328125,-0.400390625,-0.4921875,-0.11384817478017259,-6.137599339084217,0,-0.03662109375,0,723.71822763432,0,0,0,0,0,2.609375,,
33.35292499999993,,,,,0.0625,-1.19921875,-0.650390625,-0.11496338043814622,-6.109539903499788,0,-0.03125,0,724.4512659201599,0,0,0,0,0,2.6015625,,
33.37817999999994,,,,,0.287109375,-0.046875,-1.345703125,-0.11501424049375268,-6.123782915688204,0,-0.0320870541036129,0,725.0795844508799,0,0,0,0,0,2.607421875,,
33.40009999999997,,,,,0.037109375,-0.86328125,-1.591796875,-0.11412418125586472,-6.113729720454528,0,-0.025634765625,0,725.6031832264799,0,0,0,0,0,2.625,,
33.42854500000004,,,,,-0.296875,-2.171875,0.00390625,-0.11454214216586225,-6.092913692676565,0,-0.02685546875,0,725.9173424918399,0,0,0,0,0,2.654296875,,
33.45006000000006,,,,,0.15625,0.306640625,-1.259765625,-0.11402667788637885,-6.110815906648832,0,-0.029296875,0,726.2315017571999,0,0,0,0,0,2.658203125,,
33.47719499999995,,,,,-0.57421875,-0.423828125,-0.458984375,-0.11467529840043038,-6.120159464571895,0,-0.0167410708963871,0,726.54566102256,0,0,0,0,0,2.66796875,,
33.499869999999994,,,,,-0.298828125,-1.056640625,-0.2265625,-0.11435726020074075,-6.1226969555613575,0,-0.0184461809694767,0,726.7551005327999,0,0,0,0,0,2.67578125,,
33.527314999999945,,,,,-0.0625,-1.103515625,-1.66015625,-0.11439004205099755,-6.110396575510744,0,-0.02511160634458065,0,727.0692597981599,0,0,0,0,0,2.671875,,
33.55079500000004,,,,,0.166015625,-1.28125,-0.375,-0.114362419523876,-6.132051265564885,0,-0.01519097201526165,0,727.48813881864,0,0,0,0,0,2.662109375,,
33.57686999999999,,,,,-0.099609375,-0.732421875,-0.76171875,-0.11525055908330403,-6.179833511146119,0,-0.028076171875,0,727.9070178391199,0,0,0,0,0,2.6640625,,
33.611205000000076,,,,,-0.171875,-0.5078125,-0.283203125,-0.11549076117267694,-6.224884728289542,0,-0.0086805559694767,0,728.43061661472,0,0,0,0,0,2.66015625,,
33.63383499999996,,,,,-0.1484375,-0.857421875,-0.1484375,-0.11498028684590783,-6.2263720098197,0,-0.029296875,0,728.8494956351999,0,0,0,0,0,2.646484375,,
33.655375,,,,,-0.21875,-0.41015625,-0.49609375,-0.1147766681485954,-6.232561713740712,0,-0.029296875,0,728.95421539032,0,0,0,0,0,2.642578125,,
33.67767999999994,,,,,0,0.287109375,-0.6328125,-0.1148588406611123,-6.251023035897097,0,-0.029296875,0,729.16365490056,0,0,0,0,0,2.640625,,
33.71166000000003,,,,,-0.328125,-0.42578125,-0.66796875,-0.11508396479345186,-6.221637599989466,0,-0.02511160634458065,0,729.47781416592,0,0,0,0,0,2.623046875,,
33.733709999999846,,,,,0.330078125,0.681640625,-1.142578125,-0.1149030150271154,-6.193606926220277,0,-0.02115885354578495,0,729.79197343128,0,0,0,0,0,2.642578125,,
33.75561999999999,,,,,0.390625,-0.076171875,-0.89453125,-0.11478840361868532,-6.167823437268027,0,-0.02371651865541935,0,730.10613269664,0,0,0,0,0,2.66796875,,
33.77998499999999,,,,,0.173828125,-0.173828125,-0.9765625,-0.11520376349750397,-6.232142382602623,0,-0.02371651865541935,0,730.62973147224,0,0,0,0,0,2.654296875,,
33.80052500000002,,,,,-0.078125,-0.169921875,0.35546875,-0.11644251484269182,-6.23157252233804,0,-0.032958984375,0,731.6769290234399,0,0,0,0,0,2.642578125,,
33.829625,,,,,0.32421875,-0.666015625,-0.52734375,-0.1174433385559346,-6.2558937283472105,0,-0.02092633955180645,0,732.72412657464,0,0,0,0,0,2.65625,,
33.850959999999844,,,,,0.1875,-0.80859375,0.0390625,-0.11772138822907494,-6.291375593877829,0,-0.0379774309694767,0,733.87604388096,0,0,0,0,0,2.654296875,,
33.87766499999992,,,,,-0.4375,-0.8125,-0.25,-0.11732992154810117,-6.289225177785065,0,-0.0146484375,0,734.50436241168,0,0,0,0,0,2.64453125,,
33.90052000000002,,,,,-0.26953125,-0.044921875,-0.322265625,-0.11691023828493138,-6.279333263758347,0,-0.023193359375,0,735.02796118728,0,0,0,0,0,2.666015625,,
33.93068000000005,,,,,0.01171875,-0.978515625,-0.900390625,-0.11763095003504215,-6.253979858024649,0,-0.023193359375,0,735.55155996288,0,0,0,0,0,2.669921875,,
33.95272499999998,,,,,-0.5625,0.9375,-0.33984375,-0.11670927314359023,-6.245259920768488,0,-0.0390625,0,735.86571922824,0,0,0,0,0,2.685546875,,
33.97695499999996,,,,,-0.25,0.07421875,0.841796875,-0.11674216493667673,-6.264344863591775,0,-0.02092633955180645,0,736.1798784936,0,0,0,0,0,2.73046875,,
34.00019499999995,,,,,-0.578125,-0.48046875,-0.1171875,-0.11663942888778357,-6.289117656980427,0,-0.037841796875,0,736.2845982487199,0,0,0,0,0,2.740234375,,
34.02732000000007,,,,,-0.1484375,0.6875,-0.3515625,-0.11653842747438384,-6.321954510716944,0,-0.0167410708963871,0,736.49403775896,0,0,0,0,0,2.75,,
34.049734999999984,,,,,-0.072265625,-0.888671875,-0.431640625,-0.11688227092455984,-6.317374124439356,0,-0.029296875,0,737.2270760447999,0,0,0,0,0,2.74609375,,
34.076755000000006,,,,,0.046875,0.634765625,-0.283203125,-0.11761253124491133,-6.3465982791400295,0,-0.029296875,0,737.85539457552,0,0,0,0,0,2.73046875,,
34.101584999999965,,,,,-0.28125,-0.634765625,0.48828125,-0.11736900759027669,-6.357371863764781,0,-0.02197265625,0,738.3789933511199,0,0,0,0,0,2.73046875,,
34.12714999999991,,,,,0.203125,1.27734375,-1.98046875,-0.11699266563152508,-6.355210695591553,0,-0.0271267369389534,0,738.9025921267199,0,0,0,0,0,2.74609375,,
34.15432499999984,,,,,-0.28125,-0.59765625,0.236328125,-0.11804379508168232,-6.34884546395697,0,-0.0244140625,0,740.47338845352,0,0,0,0,0,2.74609375,,
34.17965999999991,,,,,0,-0.77734375,0.08984375,-0.12100152733124683,-6.386660530948238,0,-0.0347222238779068,0,742.4630638008,0,0,0,0,0,2.759765625,,
34.20193499999994,,,,,-0.25,0.548828125,0.453125,-0.12212573329089539,-6.400068375286627,0,-0.032958984375,0,744.0338601276,0,0,0,0,0,2.796875,,
34.23098499999998,,,,,0.015625,-0.8828125,-0.09765625,-0.12160181118636794,-6.424325068813014,0,-0.025634765625,0,745.18577743392,0,0,0,0,0,2.822265625,,
34.25571499999985,,,,,-0.166015625,-0.49609375,-0.490234375,-0.12159864898126346,-6.447345273086061,0,-0.02604166604578495,0,746.23297498512,0,0,0,0,0,2.849609375,,
34.27890999999992,,,,,0.224609375,-0.83203125,-0.38671875,-0.12210429051856948,-6.500277765209467,0,-0.015869140625,0,747.80377131192,0,0,0,0,0,2.865234375,,
34.300239999999874,,,,,-0.171875,-0.93359375,0.685546875,-0.12286171508414157,-6.524588219138173,0,-0.023193359375,0,749.0604083733599,0,0,0,0,0,2.892578125,,
34.32703499999992,,,,,-0.0625,0.0390625,0.4609375,-0.12297769985159117,-6.548995441791053,0,-0.02511160634458065,0,749.8981664143199,0,0,0,0,0,2.90625,,
34.349990000000105,,,,,0.125,-0.857421875,0.203125,-0.12252831462250159,-6.548909425147342,0,-0.02495659701526165,0,750.63120470016,0,0,0,0,0,2.90625,,
34.37709499999997,,,,,-0.3359375,-0.1171875,0.197265625,-0.12211198552818825,-6.530179300979362,0,-0.02092633955180645,0,751.25952323088,0,0,0,0,0,2.935546875,,
34.399974999999976,,,,,-0.33203125,0.6015625,0.2265625,-0.12264702678965334,-6.5103739687649975,0,-0.0217013880610466,0,752.30672078208,0,0,0,0,0,2.978515625,,
34.429064999999945,,,,,0.26171875,-0.37890625,0.3671875,-0.12379440682194837,-6.511470680972307,0,-0.02197265625,0,753.24919857816,0,0,0,0,0,2.998046875,,
34.45202000000002,,,,,-0.736328125,0.0234375,-0.7265625,-0.12350608065632457,-6.544791378329699,0,-0.029296875,0,753.77279735376,0,0,0,0,0,3.025390625,,
34.477405000000026,,,,,-0.046875,-1.30078125,0.533203125,-0.12307681937918828,-6.589154462323436,0,-0.028076171875,0,754.40111588448,0,0,0,0,0,3.03515625,,
34.50417499999993,,,,,-0.30078125,-0.44921875,0.279296875,-0.12270476628969404,-6.636925955824206,0,-0.029296875,0,754.40111588448,0,0,0,0,0,3.06640625,,
34.52895999999996,,,,,-0.44921875,0.353515625,0.3359375,-0.12286706953611462,-6.659634349763802,0,-0.0217013880610466,0,755.23887392544,0,0,0,0,0,3.08984375,,
34.55129000000004,,,,,0.4609375,0.078125,1.1171875,-0.12377410905836451,-6.705115650125778,0,-0.0244140625,0,755.6577529459199,0,0,0,0,0,3.095703125,,
34.5778899999999,,,,,-0.1875,-0.505859375,0.59765625,-0.12396963399182298,-6.687568254808818,0,-0.02685546875,0,756.18135172152,0,0,0,0,0,3.1171875,,
34.60067999999993,,,,,0.76953125,-0.142578125,0.51171875,-0.12369299433456077,-6.681482577266294,0,-0.018310546875,0,756.600230742,0,0,0,0,0,3.1484375,,
34.63133000000008,,,,,-0.25,-1.501953125,1.087890625,-0.12392143695966439,-6.681482577266294,0,-0.025634765625,0,757.01910976248,0,0,0,0,0,3.17578125,,
34.65710999999999,,,,,0.509765625,0.67578125,0.8671875,-0.12559710849022748,-6.670192892779278,0,-0.0244140625,0,759.00878510976,0,0,0,0,0,3.19921875,,
34.678659999999915,,,,,-0.259765625,0.244140625,0.478515625,-0.1290134632623858,-6.699782618215722,0,-0.03173828125,0,760.7890209468,0,0,0,0,0,3.24609375,,
34.70146499999997,,,,,-0.421875,-0.78125,1.34375,-0.12615777661440233,-6.75255382913217,0,-0.02685546875,0,761.1031802121599,0,0,0,0,0,3.2890625,,
34.72648499999998,,,,,-0.3125,0.794921875,-1.21875,-0.12531795591712472,-6.783767118718652,0,-0.02511160634458065,0,761.836218498,0,0,0,0,0,3.318359375,,
34.75079500000004,,,,,0.05078125,-0.638671875,0.716796875,-0.12641565294318502,-6.784401491466018,0,-0.0244140625,0,763.09285555944,0,0,0,0,0,3.33984375,,
34.77528999999992,,,,,-0.0625,0.037109375,-0.603515625,-0.12885350736922715,-6.80951835142951,0,-0.025634765625,0,764.8730913964799,0,0,0,0,0,3.375,,
34.8002350000001,,,,,0.236328125,-0.931640625,1.720703125,-0.13062667416521642,-6.832334266173746,0,-0.029296875,0,766.0250087027999,0,0,0,0,0,3.396484375,,
34.82679999999993,,,,,-0.09375,-0.60546875,1.2734375,-0.1296281327531605,-6.876202754466147,0,-0.023193359375,0,767.4910852744799,0,0,0,0,0,3.390625,,
34.85057500000007,,,,,-0.375,-0.580078125,-0.376953125,-0.12911931778160535,-6.923640933472539,0,-0.02604166604578495,0,768.22412356032,0,0,0,0,0,3.4140625,,
34.87725999999989,,,,,-0.109375,0.03125,0.27734375,-0.12948504502699335,-6.941371114157385,0,-0.0244140625,0,769.2713211115199,0,0,0,0,0,3.41015625,,
34.90752500000002,,,,,-0.08203125,-0.826171875,0.720703125,-0.13002561915057737,-6.9439408613882385,0,-0.02197265625,0,769.89963964224,0,0,0,0,0,3.400390625,,
34.928239999999874,,,,,0.59375,-0.216796875,0.916015625,-0.12956868764610882,-6.937951952569889,0,-0.0302734375,0,770.84211743832,0,0,0,0,0,3.416015625,,
34.95008999999997,,,,,-0.984375,-0.51171875,-0.37109375,-0.1297567752035308,-6.956262745599781,0,-0.02371651865541935,0,771.47043596904,0,0,0,0,0,3.435546875,,
34.978234999999984,,,,,0.453125,-0.87109375,2.162109375,-0.12967259874002515,-6.9604775611416,0,-0.028076171875,0,772.0987544997599,0,0,0,0,0,3.453125,,
35.00263500000001,,,,,-0.39453125,-1,0.05078125,-0.13205281456438628,-6.970326466846462,0,-0.029296875,0,774.1931496021599,0,0,0,0,0,3.44921875,,
35.027625000000114,,,,,-0.3125,0.708984375,0.703125,-0.13638624888716958,-7.068449953159321,0,-0.029296875,0,776.7064237250399,0,0,0,0,0,3.474609375,,
35.04995999999996,,,,,0.3984375,-0.388671875,0.96484375,-0.13594025149384148,-7.158810437377298,0,-0.023193359375,0,778.38193980696,0,0,0,0,0,3.46875,,
35.07662999999989,,,,,-1.0625,0.154296875,0.84375,-0.1349467736559113,-7.19798026650701,0,-0.02790178544819355,0,779.53385711328,0,0,0,0,0,3.49609375,,
35.10111999999988,,,,,0.009765625,-1.0546875,1.01171875,-0.1341817367742662,-7.22064565212475,0,-0.02604166604578495,0,780.37161515424,0,0,0,0,0,3.53125,,
35.132790000000035,,,,,0.69921875,-0.787109375,0.640625,-0.13454432172789452,-7.27783596811183,0,-0.030517578125,0,781.2093731952,0,0,0,0,0,3.552734375,,
35.154259999999894,,,,,-0.26953125,-0.369140625,0.7734375,-0.13451418913236965,-7.293136178611852,0,-0.018643466755747795,0,781.9424114810399,0,0,0,0,0,3.533203125,,
35.17696499999997,,,,,-0.78125,-1.23828125,-0.44140625,-0.13349197538149798,-7.282308833584781,0,-0.02790178544819355,0,782.36129050152,0,0,0,0,0,3.53125,,
35.20353999999992,,,,,0.849609375,-0.55078125,0.830078125,-0.13390034941310802,-7.273567392167692,0,-0.012555803172290325,0,782.67544976688,0,0,0,0,0,3.552734375,,
35.23062999999989,,,,,-0.125,-0.1484375,0.17578125,-0.13383710532856385,-7.277556414019771,0,-0.0173611119389534,0,782.7801695219999,0,0,0,0,0,3.56640625,,
35.25256999999995,,,,,0.166015625,-0.705078125,1.09375,-0.13321931605883605,-7.316425184896495,0,-0.0282118059694767,0,782.98960903224,0,0,0,0,0,3.5703125,,
35.27703499999991,,,,,0.546875,-0.642578125,1.044921875,-0.13392586874974918,-7.326274090601357,0,-0.0167410708963871,0,783.0943287873599,0,0,0,0,0,3.572265625,,
35.302579999999956,,,,,-0.01171875,-0.96484375,0.568359375,-0.13341398109712901,-7.334778986248243,0,-0.02197265625,0,783.0943287873599,0,0,0,0,0,3.544921875,,
35.327625,,,,,-0.724609375,-0.4140625,1.06640625,-0.13359684173995254,-7.332994140891248,0,-0.0206163190305233,0,783.3037682976,0,0,0,0,0,3.533203125,,
35.352479999999865,,,,,0.0625,-0.22265625,-0.31640625,-0.1333642836068283,-7.342520484182196,0,-0.025634765625,0,783.4084880527199,0,0,0,0,0,3.5234375,,
35.3773600000001,,,,,-0.599609375,-0.84375,0.876953125,-0.13319900740163756,-7.335047788259839,0,-0.03173828125,0,783.19904854248,0,0,0,0,0,3.52734375,,
35.404380000000124,,,,,-0.037109375,0.236328125,0.3828125,-0.1330358904916707,-7.330392137419002,0,-0.025634765625,0,783.0943287873599,0,0,0,0,0,3.53125,,
35.431395000000016,,,,,0.57421875,0.109375,0.150390625,-0.13306450213996227,-7.275728560340921,0,-0.0184461809694767,0,783.19904854248,0,0,0,0,0,3.515625,,
35.45261999999988,,,,,-0.48828125,-0.419921875,1.177734375,-0.132888406775564,-7.227946314759688,0,-0.0206163190305233,0,783.0943287873599,0,0,0,0,0,3.509765625,,
35.47721999999985,,,,,-0.21875,0.33203125,0.142578125,-0.1328601149804651,-7.2293978456223025,0,-0.013950892724096775,0,783.0943287873599,0,0,0,0,0,3.517578125,,
35.500005,,,,,0.2734375,-0.369140625,-0.17578125,-0.13273016109076236,-7.246697943088596,0,-0.03662109375,0,782.98960903224,0,0,0,0,0,3.509765625,,
35.53177999999991,,,,,-1.25,0.26953125,-0.220703125,-0.1323527919751364,-7.296265034026826,0,-0.02790178544819355,0,782.98960903224,0,0,0,0,0,3.509765625,,
35.56078500000003,,,,,0.115234375,-0.1328125,0.328125,-0.13224175603759297,-7.3316178745918785,0,-0.03284801170229912,0,782.7801695219999,0,0,0,0,0,3.509765625,,
35.582589999999854,,,,,0.5625,0.01953125,0.259765625,-0.13265411019892073,-7.337811072939041,0,-0.0322265625,0,782.46601025664,0,0,0,0,0,3.50390625,,
35.60375500000001,,,,,0.57421875,-0.27734375,0.630859375,-0.13272870477552193,-7.353648887462254,0,-0.0320870541036129,0,782.2565707463999,0,0,0,0,0,3.498046875,,
35.627969999999856,,,,,-0.21875,-0.5078125,-0.66796875,-0.1322532775015129,-7.326349355164605,0,-0.03069196455180645,0,782.15185099128,0,0,0,0,0,3.505859375,,
35.651890000000016,,,,,0.111328125,1.193359375,0.18359375,-0.1328257395775699,-7.304651656788607,0,-0.030517578125,0,781.9424114810399,0,0,0,0,0,3.51171875,,
35.67556999999995,,,,,0.32421875,-0.494140625,0.28125,-0.13266258655873686,-7.317188582609426,0,-0.02790178544819355,0,781.7329719708,0,0,0,0,0,3.4921875,,
35.70066499999992,,,,,-0.1484375,-0.6796875,0.697265625,-0.13241054761308904,-7.331800659959764,0,-0.01708984375,0,781.6282522156799,0,0,0,0,0,3.4765625,,
35.72658999999985,,,,,-0.28125,-0.845703125,-0.416015625,-0.13220294638171248,-7.337728550721481,0,-0.0336371511220932,0,781.4188127054399,0,0,0,0,0,3.46875,,
35.75129499999993,,,,,0.197265625,0.451171875,0.505859375,-0.13266750217697068,-7.362723643373721,0,-0.0244140625,0,781.4188127054399,0,0,0,0,0,3.466796875,,
35.77849499999988,,,,,0.0625,-0.599609375,0.75,-0.13276014642849177,-7.38239995062252,0,-0.01953125,0,781.4188127054399,0,0,0,0,0,3.482421875,,
35.80439500000002,,,,,-0.07421875,-0.9609375,0,-0.13307259786790263,-7.342115399550722,0,-0.02495659701526165,0,781.31409295032,0,0,0,0,0,3.484375,,
35.82992499999993,,,,,-0.0625,-1.02734375,-0.5,-0.13219068009444584,-7.294662974037715,0,-0.02495659701526165,0,781.31409295032,0,0,0,0,0,3.513671875,,
35.85173499999987,,,,,0.173828125,0.796875,0.4453125,-0.13248483650767567,-7.2861258221494385,0,-0.023193359375,0,781.31409295032,0,0,0,0,0,3.53125,,
35.874615000000105,,,,,0.349609375,-0.546875,0.376953125,-0.13321298007426316,-7.29549088423343,0,-0.0223214291036129,0,781.31409295032,0,0,0,0,0,3.56640625,,
35.90380500000005,,,,,1,-0.396484375,1.462890625,-0.13278881941605689,-7.324661278531785,0,-0.02685546875,0,781.2093731952,0,0,0,0,0,3.58203125,,
35.92717000000004,,,,,0.041015625,-0.236328125,-0.09375,-0.1325795393738184,-7.318217287907803,0,-0.025390625,0,781.1046534400799,0,0,0,0,0,3.603515625,,
35.95248999999999,,,,,0.44921875,0.5625,0.126953125,-0.13264623018376692,-7.334606952960821,0,-0.03069196455180645,0,781.1046534400799,0,0,0,0,0,3.6328125,,
35.98057499999995,,,,,0.2109375,-0.09375,0.150390625,-0.1330041194276463,-7.3491652699088394,0,-0.028076171875,0,781.2093731952,0,0,0,0,0,3.638671875,,
36.00180999999982,,,,,-0.25,-0.328125,0.640625,-0.13267797660828606,-7.355573509865279,0,-0.025390625,0,781.1046534400799,0,0,0,0,0,3.64453125,,
36.02528500000003,,,,,-1.0234375,0.119140625,-0.197265625,-0.13267512212406735,-7.349003988701883,0,-0.03092447854578495,0,780.99993368496,0,0,0,0,0,3.646484375,,
36.05193499999982,,,,,0.13671875,0.48046875,-0.240234375,-0.13261340582948178,-7.311457723722208,0,-0.029296875,0,780.99993368496,0,0,0,0,0,3.658203125,,
36.07625,,,,,-0.037109375,0.453125,-0.6796875,-0.1330089561828188,-7.2891721553468525,0,-0.0271267369389534,0,781.1046534400799,0,0,0,0,0,3.66796875,,
36.10157500000007,,,,,-0.5234375,0.17578125,0.20703125,-0.13312654147326558,-7.285609722287176,0,-0.029296875,0,781.2093731952,0,0,0,0,0,3.697265625,,
36.12540499999991,,,,,0.923828125,0.66015625,-0.076171875,-0.13246378895153765,-7.308224841928748,0,-0.0244140625,0,781.2093731952,0,0,0,0,0,3.68359375,,
36.15081499999983,,,,,0.07421875,-0.271484375,0.1328125,-0.13235676069575003,-7.319693817357497,0,-0.025634765625,0,781.2093731952,0,0,0,0,0,3.685546875,,
36.17581499999994,,,,,0.234375,0.955078125,0.314453125,-0.1321792429255136,-7.294154131829765,0,-0.029296875,0,781.2093731952,0,0,0,0,0,3.673828125,,
36.20186999999999,,,,,-0.19921875,0.265625,-0.853515625,-0.13187394787970352,-7.261568070370065,0,-0.023193359375,0,781.2093731952,0,0,0,0,0,3.677734375,,
36.23211499999987,,,,,0.353515625,-0.486328125,0.62109375,-0.13201126880908107,-7.282391355802341,0,-0.03662109375,0,781.4188127054399,0,0,0,0,0,3.6640625,,
36.2538550000001,,,,,0.759765625,0.34765625,-1.021484375,-0.13204956736355014,-7.297490771199701,0,-0.0283203125,0,781.31409295032,0,0,0,0,0,3.642578125,,
36.27852500000002,,,,,-0.5625,-1.318359375,0.220703125,-0.13137939386655612,-7.2726534653282675,0,-0.0223214291036129,0,781.4188127054399,0,0,0,0,0,3.6328125,,
36.30193499999982,,,,,-0.361328125,-0.11328125,-1.12109375,-0.1317941123095475,-7.265471075578432,0,-0.0325520820915699,0,781.6282522156799,0,0,0,0,0,3.640625,,
36.32567499999993,,,,,-0.099609375,-0.2109375,0.052734375,-0.13179662498006006,-7.264277594646948,0,-0.03069196455180645,0,781.6282522156799,0,0,0,0,0,3.638671875,,
36.354339999999965,,,,,0.25,-0.373046875,-0.78515625,-0.1316335244482214,-7.264277594646948,0,-0.02197265625,0,781.4188127054399,0,0,0,0,0,3.62890625,,
36.37706999999995,,,,,-0.1875,-0.78515625,0.38671875,-0.1317461359214016,-7.279258737159206,0,-0.02387152798473835,0,781.4188127054399,0,0,0,0,0,3.634765625,,
36.403809999999936,,,,,0.2734375,-0.126953125,0.06640625,-0.13171040133349576,-7.266255977452293,0,-0.03662109375,0,781.2093731952,0,0,0,0,0,3.630859375,,
36.42545499999996,,,,,0.111328125,-1.359375,-0.837890625,-0.13187753306339478,-7.322510862439019,0,-0.0303819440305233,0,781.2093731952,0,0,0,0,0,3.62109375,,
36.45238499999989,,,,,-0.109375,-0.31640625,-1.146484375,-0.13212680379905375,-7.315672539264028,0,-0.02511160634458065,0,781.1046534400799,0,0,0,0,0,3.603515625,,
36.47545999999996,,,,,0.03125,-0.779296875,-0.466796875,-0.13189105447251506,-7.333080157534958,0,-0.01519097201526165,0,780.99993368496,0,0,0,0,0,3.625,,
36.50207999999984,,,,,1.0625,1.126953125,-1.021484375,-0.1323507561562641,-7.342068896802715,0,-0.01953125,0,780.89521392984,0,0,0,0,0,3.62109375,,
36.52505499999994,,,,,-0.86328125,-0.734375,-1.1015625,-0.1322767339451184,-7.353530614577152,0,-0.02495659701526165,0,780.7904941747199,0,0,0,0,0,3.603515625,,
36.55169999999984,,,,,0.6875,0.91796875,-0.103515625,-0.1323790394169938,-7.3703683725835,0,-0.025634765625,0,780.58105466448,0,0,0,0,0,3.611328125,,
36.576329999999956,,,,,-0.8984375,-0.03125,-0.814453125,-0.13254155571885692,-7.35428326020962,0,-0.01519097201526165,0,780.4763349093599,0,0,0,0,0,3.609375,,
36.603260000000006,,,,,0.287109375,-0.31640625,-1.2421875,-0.13258926135039684,-7.355681030669917,0,-0.0244140625,0,780.162175644,0,0,0,0,0,3.607421875,,
36.626219999999975,,,,,-0.23828125,0.859375,-1.619140625,-0.13255318145118292,-7.337327229318169,0,-0.020751953125,0,780.05745588888,0,0,0,0,0,3.62109375,,
36.652079999999955,,,,,-0.046875,-0.1796875,-1.30078125,-0.13271879560928365,-7.31747888878195,0,-0.02685546875,0,779.84801637864,0,0,0,0,0,3.587890625,,
36.67466000000003,,,,,0.48828125,0.09765625,-0.17578125,-0.1328932881814581,-7.311532988285456,0,-0.01708984375,0,779.6385768683999,0,0,0,0,0,3.58203125,,
36.70247000000009,,,,,0.03125,0.1171875,-1.958984375,-0.13298278829463286,-7.316091870402117,0,-0.01708984375,0,779.42913735816,0,0,0,0,0,3.578125,,
36.726775000000025,,,,,0.287109375,0.029296875,-1.0625,-0.1330092250578708,-7.311963071504008,0,-0.0271267369389534,0,779.21969784792,0,0,0,0,0,3.552734375,,
36.75215500000003,,,,,0.7734375,-0.302734375,-0.69140625,-0.13329202194434076,-7.318382063540911,0,-0.035400390625,0,779.0102583376799,0,0,0,0,0,3.556640625,,
36.77564999999991,,,,,-0.17578125,-0.4140625,-0.369140625,-0.13301199281244372,-7.296630604762595,0,-0.0341796875,0,778.8008188274399,0,0,0,0,0,3.560546875,,
36.802,,,,,0.236328125,0.05859375,-1.427734375,-0.13280940482237805,-7.263772246865149,0,-0.02197265625,0,778.69609907232,0,0,0,0,0,3.55078125,,
36.83428500000003,,,,,0.3125,0.814453125,0.650390625,-0.13298873323140692,-7.257471527713348,0,-0.02387152798473835,0,778.90553858256,0,0,0,0,0,3.54296875,,
36.855599999999974,,,,,0.09765625,-0.529296875,-1.775390625,-0.1330492039295913,-7.262055408417088,0,-0.029296875,0,779.0102583376799,0,0,0,0,0,3.537109375,,
36.88190499999991,,,,,-0.7109375,-0.240234375,-0.87890625,-0.13286841231941018,-7.271223438626579,0,-0.02278645895421505,0,779.1149780927999,0,0,0,0,0,3.5234375,,
36.91168499999994,,,,,0.953125,0.984375,0.294921875,-0.13276706246980072,-7.282412859963269,0,-0.0325520820915699,0,779.3244176030399,0,0,0,0,0,3.54296875,,
36.933384999999895,,,,,-0.8828125,0.15234375,-1.1484375,-0.13275934920049978,-7.242397110903066,0,-0.0205078125,0,779.74329662352,0,0,0,0,0,3.541015625,,
36.954865000000105,,,,,1.328125,0.267578125,-1.037109375,-0.13247128021806442,-7.220409106354546,0,-0.0265066958963871,0,779.9527361337599,0,0,0,0,0,3.55078125,,
36.97646999999997,,,,,-0.609375,0.34375,-0.9296875,-0.13196580678272515,-7.220409106354546,0,-0.02766927145421505,0,780.05745588888,0,0,0,0,0,3.55859375,,
37.002034999999914,,,,,-0.048828125,0.861328125,-0.8046875,-0.13221465599104176,-7.22151657064232,0,-0.02685546875,0,780.2668953991199,0,0,0,0,0,3.552734375,,
37.02568499999994,,,,,0.13671875,-0.263671875,-1.107421875,-0.1319850453763756,-7.206377641349255,0,-0.028076171875,0,780.37161515424,0,0,0,0,0,3.541015625,,
37.05184499999986,,,,,0.224609375,0.294921875,-1.611328125,-0.1318880070239552,-7.177002957522088,0,-0.02685546875,0,780.4763349093599,0,0,0,0,0,3.54296875,,
37.07470999999996,,,,,0.44921875,-0.140625,-0.8203125,-0.1319349263362736,-7.17461599565912,0,-0.0303819440305233,0,780.58105466448,0,0,0,0,0,3.546875,,
37.10339500000002,,,,,0.0625,-0.4765625,0.4296875,-0.131900216993743,-7.207700147246306,0,-0.02371651865541935,0,780.58105466448,0,0,0,0,0,3.568359375,,
37.125584999999845,,,,,-0.23828125,-0.47265625,-0.880859375,-0.13164874492922032,-7.243977666731248,0,-0.0282118059694767,0,780.58105466448,0,0,0,0,0,3.587890625,,
37.15153000000003,,,,,0.349609375,-0.2578125,-1.05859375,-0.13186961698429256,-7.262955088749898,0,-0.035400390625,0,780.37161515424,0,0,0,0,0,3.578125,,
37.17491000000003,,,,,0.625,-0.662109375,-2.3828125,-0.13182943725708982,-7.2453431809501545,0,-0.0271267369389534,0,780.58105466448,0,0,0,0,0,3.568359375,,
37.20235499999998,,,,,-0.3984375,-0.68359375,-1.142578125,-0.13189154185237278,-7.214409445455733,0,-0.03069196455180645,0,780.37161515424,0,0,0,0,0,3.537109375,,
37.22571000000008,,,,,0.58203125,-0.435546875,-1.001953125,-0.13171783892957062,-7.211205325477513,0,-0.0206163190305233,0,780.2668953991199,0,0,0,0,0,3.5390625,,
37.252034999999914,,,,,-0.875,-0.533203125,-0.94140625,-0.1317884920799432,-7.216699638594527,0,-0.032958984375,0,780.162175644,0,0,0,0,0,3.560546875,,
37.274534999999915,,,,,0.673828125,0.55078125,-1.20703125,-0.13175822007038182,-7.218968327572394,0,-0.010986328125,0,780.05745588888,0,0,0,0,0,3.57421875,,
37.30093999999995,,,,,0.59375,0.015625,-0.134765625,-0.1316611049941071,-7.222849828619835,0,-0.02197265625,0,779.84801637864,0,0,0,0,0,3.5546875,,
37.32455500000005,,,,,-0.0859375,-0.107421875,-0.875,-0.13175505736978252,-7.233709429888297,0,-0.0271267369389534,0,779.84801637864,0,0,0,0,0,3.55078125,,
37.35164000000002,,,,,-0.0625,-0.0703125,-0.404296875,-0.13177649607889397,-7.24977303810125,0,-0.02511160634458065,0,779.6385768683999,0,0,0,0,0,3.541015625,,
37.37564500000002,,,,,-0.20703125,0.880859375,-0.408203125,-0.13195850221301086,-7.268374137303665,0,-0.0368923619389534,0,779.42913735816,0,0,0,0,0,3.521484375,,
37.401125,,,,,-0.0625,0.0859375,-1.232421875,-0.13167570770094214,-7.276384437249214,0,-0.01953125,0,779.1149780927999,0,0,0,0,0,3.51171875,,
37.42494000000006,,,,,0.484375,0.060546875,-2.67578125,-0.13177771559221504,-7.252181504125146,0,-0.0347222238779068,0,779.1149780927999,0,0,0,0,0,3.51953125,,
37.45015499999991,,,,,0.3359375,-0.572265625,-0.701171875,-0.13197031439198253,-7.260181051990232,0,-0.01953125,0,778.69609907232,0,0,0,0,0,3.49609375,,
37.474864999999994,,,,,0.0859375,0.10546875,-0.935546875,-0.13205286425150867,-7.303468927937587,0,-0.02495659701526165,0,778.4866595620799,0,0,0,0,0,3.470703125,,
37.502074999999955,,,,,0.162109375,0.744140625,-0.30078125,-0.13211317032268602,-7.32675793422223,0,-0.01220703125,0,778.27722005184,0,0,0,0,0,3.470703125,,
37.52706999999995,,,,,0.01953125,0.568359375,-1.5,-0.132148060605073,-7.317027301402469,0,-0.023193359375,0,778.1725002967199,0,0,0,0,0,3.482421875,,
37.55246499999985,,,,,-0.4609375,0.384765625,-0.787109375,-0.13199631174874887,-7.328800829510357,0,-0.01410590298473835,0,777.9630607864799,0,0,0,0,0,3.48828125,,
37.57705499999982,,,,,0.5859375,-0.974609375,-0.5390625,-0.13172590059016354,-7.319231477897554,0,-0.028076171875,0,777.75362127624,0,0,0,0,0,3.470703125,,
37.601755000000004,,,,,-0.412109375,-0.54296875,-1.1015625,-0.13155697911320863,-7.316930532678295,0,-0.028076171875,0,777.544181766,0,0,0,0,0,3.46875,,
37.625854999999866,,,,,-0.111328125,-0.650390625,-0.99609375,-0.13155980433128642,-7.320220669300225,0,-0.028076171875,0,777.544181766,0,0,0,0,0,3.474609375,,
37.651919999999926,,,,,-0.13671875,-0.45703125,-0.19921875,-0.13130126163172018,-7.359368994269008,0,-0.01953125,0,777.12530274552,0,0,0,0,0,3.4765625,,
37.67547999999998,,,,,-0.421875,-0.982421875,-2.052734375,-0.13130181212723077,-7.346649283080305,0,-0.0336371511220932,0,777.0205829903999,0,0,0,0,0,3.48046875,,
37.70294000000006,,,,,-0.048828125,-0.255859375,-1.41796875,-0.1315694911846934,-7.31230713807885,0,-0.028076171875,0,776.91586323528,0,0,0,0,0,3.474609375,,
37.72618499999994,,,,,0.33203125,-0.083984375,-0.73046875,-0.1317940705260744,-7.2842011997464144,0,-0.01220703125,0,776.91586323528,0,0,0,0,0,3.48046875,,
37.751400000000025,,,,,-0.125,-0.240234375,-0.73828125,-0.13152919318535758,-7.267352689659602,0,-0.030517578125,0,777.0205829903999,0,0,0,0,0,3.48828125,,
37.790130000000005,,,,,0.611328125,0.0546875,-0.861328125,-0.13153677964815616,-7.28680320321866,0,-0.0341796875,0,776.91586323528,0,0,0,0,0,3.486328125,,
37.813125,,,,,0.3203125,-0.880859375,-0.61328125,-0.13132874952355292,-7.282169056538752,0,-0.032301682978868484,0,777.12530274552,0,0,0,0,0,3.482421875,,
37.83435999999999,,,,,0.01171875,0.138671875,-1.388671875,-0.1312719222509126,-7.260632639369712,0,-0.0244140625,0,777.12530274552,0,0,0,0,0,3.48828125,,
37.857100000000095,,,,,-0.03125,-0.99609375,-0.8515625,-0.13116046950488414,-7.24136491117854,0,-0.03069196455180645,0,777.23002250064,0,0,0,0,0,3.494140625,,
37.88015499999991,,,,,0.140625,-0.3359375,-0.939453125,-0.13137438256668943,-7.225699129942748,0,-0.029296875,0,777.544181766,0,0,0,0,0,3.482421875,,
37.90282999999984,,,,,-0.1875,0.0390625,-0.5703125,-0.13143650426065595,-7.181411310512257,0,-0.0320870541036129,0,777.43946201088,0,0,0,0,0,3.466796875,,
37.92507499999995,,,,,-0.111328125,0.14453125,-0.6640625,-0.1317373380167489,-7.203227281773356,0,-0.023193359375,0,777.43946201088,0,0,0,0,0,3.451171875,,
37.950684999999936,,,,,-0.578125,-0.47265625,-2.244140625,-0.1318242898209334,-7.2272581816100026,0,-0.01813616044819355,0,777.6489015211199,0,0,0,0,0,3.431640625,,
37.976125,,,,,0.037109375,0.357421875,-1.181640625,-0.1317857426075113,-7.2784273325373405,0,-0.0184461809694767,0,777.544181766,0,0,0,0,0,3.42578125,,
38.00009499999997,,,,,0.861328125,-0.291015625,-1.517578125,-0.1318474363340555,-7.30069489117792,0,-0.023193359375,0,777.544181766,0,0,0,0,0,3.423828125,,
38.03218499999994,,,,,-0.5625,0.90234375,-0.259765625,-0.13192534940342074,-7.314091983435845,0,-0.02197265625,0,777.43946201088,0,0,0,0,0,3.453125,,
38.05335499999987,,,,,-0.240234375,-0.078125,-0.3828125,-0.1318743901034839,-7.350584544530063,0,-0.0205078125,0,777.544181766,0,0,0,0,0,3.4375,,
38.08036499999987,,,,,-0.296875,0.783203125,-2.021484375,-0.13176934017814057,-7.350616800771455,0,-0.009765625,0,777.43946201088,0,0,0,0,0,3.408203125,,
38.1021050000001,,,,,0.162109375,-0.33984375,-0.861328125,-0.13171093432484668,-7.33083297271802,0,-0.01953125,0,777.43946201088,0,0,0,0,0,3.421875,,
38.128384999999895,,,,,-0.13671875,-1.12109375,0.025390625,-0.13218213728133976,-7.338348676962233,0,-0.0265066958963871,0,777.3347422557599,0,0,0,0,0,3.451171875,,
38.15292999999982,,,,,0.19921875,-0.130859375,-0.431640625,-0.13224039710274912,-7.331456593384921,0,-0.0217013880610466,0,777.43946201088,0,0,0,0,0,3.419921875,,
38.175875,,,,,-0.125,0.310546875,-0.734375,-0.13226109222437535,-7.265213025647301,0,-0.020751953125,0,777.43946201088,0,0,0,0,0,3.408203125,,
38.20097499999986,,,,,-0.162109375,-0.76953125,-0.56640625,-0.13216370950142386,-7.273320094317024,0,-0.0362723208963871,0,777.23002250064,0,0,0,0,0,3.412109375,,
38.22479500000004,,,,,-0.162109375,0.048828125,-1.001953125,-0.13214713679080037,-7.2960714965784765,0,-0.02495659701526165,0,777.43946201088,0,0,0,0,0,3.4375,,
38.250785000000036,,,,,-0.19921875,0.6328125,-0.76953125,-0.1320753284935937,-7.300791659902095,0,-0.02790178544819355,0,777.43946201088,0,0,0,0,0,3.44921875,,
38.28014500000002,,,,,0.44921875,0.53515625,-0.923828125,-0.13229945421204076,-7.294372667865192,0,-0.0173611119389534,0,777.43946201088,0,0,0,0,0,3.431640625,,
38.30273999999999,,,,,-0.5625,0.068359375,-0.552734375,-0.1323691889776028,-7.3114684758026725,0,-0.02734375,0,777.3347422557599,0,0,0,0,0,3.4296875,,
38.325694999999946,,,,,-0.412109375,-0.375,-0.8125,-0.1316493346510125,-7.316543457781598,0,-0.0348772332072258,0,777.3347422557599,0,0,0,0,0,3.44921875,,
38.351644999999905,,,,,-0.03125,0.396484375,0.73828125,-0.13211526051010666,-7.323177491427777,0,-0.02092633955180645,0,777.43946201088,0,0,0,0,0,3.451171875,,
38.379810000000056,,,,,-0.25,-0.060546875,-1.50390625,-0.1319841830239099,-7.289340694208122,0,-0.02278645895421505,0,777.544181766,0,0,0,0,0,3.48046875,,
38.40687999999989,,,,,-0.13671875,0.509765625,-0.865234375,-0.13187697069834214,-7.272911515259399,0,-0.02387152798473835,0,777.544181766,0,0,0,0,0,3.48046875,,
38.42856999999995,,,,,-0.45703125,-0.828125,-0.5,-0.1314138600793818,-7.259600439645185,0,-0.029296875,0,777.75362127624,0,0,0,0,0,3.462890625,,
38.45830500000005,,,,,-0.34375,-0.0703125,-0.34375,-0.1310978125475092,-7.230440797427295,0,-0.01953125,0,763.82589384528,0,0,0,0,0,3.4453125,,
38.4805149999999,,,,,-0.072265625,0.208984375,-1.248046875,-0.001425072918024864,-7.085889827671644,0,-0.0303819440305233,0,683.1916824028799,0,0,0,0,0,3.431640625,,
38.50257499999984,,,,,-0.15625,0.05859375,-1.1640625,0.19386441938930252,-5.319279999143497,0,-0.0362723208963871,0,579.7285643443199,0,0,0,0,0,3.396484375,,
38.52483999999997,,,,,-0.048828125,0.09765625,-1.087890625,0.18904220781503567,-3.354251277735942,0,-0.032958984375,0,496.58107877903996,0,0,0,0,0,3.3125,,
38.55014500000002,,,,,-0.09375,-0.248046875,-0.76953125,0.17696041522969597,-1.9190850815856353,0,-0.0265066958963871,0,427.57076015496,0,0,0,0,0,3.23828125,,
38.57941999999993,,,,,-0.0234375,0.205078125,-1.06640625,0.16274183502539943,-1.0005993600439298,0,-0.0244140625,0,370.07961459408,0,0,0,0,0,3.1640625,,
38.60190000000002,,,,,-0.09375,0.171875,-1.013671875,0.14182932347432306,-0.45652258441350524,0,-0.0234375,0,307.8760800528,0,0,0,0,0,3.0625,,
38.62497999999998,,,,,0.01171875,-0.09375,-0.951171875,0.12593307964346132,-0.09327429802367362,0,-0.0265066958963871,0,247.97638012416,0,0,0,0,0,2.958984375,,
38.65119999999995,,,,,-0.09375,0.052734375,-0.921875,0.1065799735608688,0.04880369322529736,0,-0.0341796875,0,230.27874150888,0,0,0,0,0,2.873046875,,
38.6793899999999,,,,,-0.072265625,0.001953125,-1.001953125,0.08468631013703119,0.22080472440509064,0,-0.023193359375,0,183.67845048048,0,0,0,0,0,2.779296875,,
38.70549499999999,,,,,-0.07421875,0.0546875,-0.978515625,0.06486649261367061,0.19187087587694016,0,-0.0234375,0,175.61502933623999,0,0,0,0,0,2.677734375,,
38.72679000000004,,,,,-0.0859375,0.05078125,-0.98046875,0.05100727766693939,0.31704659663677975,0,-0.02197265625,0,147.6548547192,0,0,0,0,0,2.5859375,,
38.752820000000064,,,,,-0.0859375,0.076171875,-0.99609375,0.040690427063314064,0.4488240948014073,0,-0.02790178544819355,0,115.92476891784,0,0,0,0,0,2.498046875,,
38.77607999999996,,,,,-0.099609375,0.0546875,-0.98046875,0.033161533141903655,0.4659951673021343,0,-0.0217013880610466,0,110.4793416516,0,0,0,0,0,2.41015625,,
38.80155499999994,,,,,-0.0625,-0.013671875,-0.990234375,0.025537806552677667,0.44486732919072003,0,-0.0341796875,0,109.53686385552,0,0,0,0,0,2.337890625,,
38.8262699999999,,,,,-0.072265625,0.046875,-1,0.020153497225591344,0.3783549594415045,0,-0.0146484375,0,109.4321441004,0,0,0,0,0,2.255859375,,
38.855844999999974,,,,,-0.07421875,0.01953125,-1.009765625,0.016621458526712502,0.3265729399277278,0,-0.018310546875,0,109.32742434528,0,0,0,0,0,2.169921875,,
38.88616999999993,,,,,-0.07421875,0.041015625,-0.96875,0.01302131892453558,0.3195410793043869,0,-0.025390625,0,109.32742434528,0,0,0,0,0,2.09375,,
38.908125,,,,,-0.072265625,0.0703125,-1.00390625,0.009920439201060746,0.35395848886908765,0,-0.025390625,0,109.32742434528,0,0,0,0,0,2.013671875,,
38.93080499999982,,,,,-0.0859375,0.037109375,-1.01171875,0.0042743320250049595,0.4339432154394748,0,-0.0334821417927742,0,109.32742434528,0,0,0,0,0,1.9375,,
38.95431500000006,,,,,-0.078125,0.048828125,-0.966796875,0.0019232698329022233,0.47260769678738607,0,-0.029296875,0,109.32742434528,0,0,0,0,0,1.87890625,,
38.98206500000006,,,,,-0.07421875,0.01953125,-1.00390625,0.001819315454145424,0.4461575788463789,0,-0.0244140625,0,109.32742434528,0,0,0,0,0,1.8203125,,
39.00366999999993,,,,,-0.099609375,0.025390625,-0.9609375,0.0016602931604626724,0.3857093824787601,0,-0.02278645895421505,0,109.32742434528,0,0,0,0,0,1.7578125,,
39.028609999999986,,,,,-0.0625,0.025390625,-1.029296875,0.0019504231169483177,0.32699227106581696,0,-0.02511160634458065,0,70.58111495087999,0,0,0,0,0,1.69921875,,
39.05247499999986,,,,,-0.07421875,0.015625,-0.96875,0.001406276617434183,0.314831668061232,0,-0.03662109375,0,36.233035271519995,0,0,0,0,0,1.640625,,
39.07688,,,,,-0.0859375,0.072265625,-0.99609375,0.0009172885027741979,0.3614741931133007,0,-0.023193359375,0,33.40560188328,0,0,0,0,0,1.583984375,,
39.10278000000003,,,,,-0.099609375,0.046875,-0.9609375,0.000945084170910806,0.4450178583172135,0,-0.01813616044819355,0,32.88200310768,0,0,0,0,0,1.53125,,
39.12752500000002,,,,,-0.07421875,0.04296875,-1.013671875,0.001796408557787237,0.47420975677649585,0,-0.0206163190305233,0,32.77728335256,0,0,0,0,0,1.478515625,,
39.16114000000002,,,,,-0.07421875,0.015625,-0.98046875,0.0014933288595403845,0.45166264404385686,0,-0.025634765625,0,32.77728335256,0,0,0,0,0,1.4296875,,
39.18650999999989,,,,,-0.0625,0.001953125,-0.998046875,0.0008479536572847822,0.385655622076441,0,-0.01871744729578495,0,32.77728335256,0,0,0,0,0,1.375,,
39.20790499999991,,,,,-0.07421875,0.0234375,-0.984375,0.0024296635695730795,0.34725994274012534,0,-0.028076171875,0,32.77728335256,0,0,0,0,0,1.322265625,,
39.229994999999995,,,,,-0.07421875,0.033203125,-0.98828125,0.001104970288114988,0.33614229154053127,0,-0.02092633955180645,0,32.77728335256,0,0,0,0,0,1.27734375,,
39.25253500000003,,,,,-0.0625,0.03515625,-0.990234375,0.0026240141110037904,0.37727975139512204,0,-0.02511160634458065,0,32.77728335256,0,0,0,0,0,1.236328125,,
39.280969999999975,,,,,-0.0859375,0.05078125,-0.990234375,0.0010656108048751865,0.4402546866717395,0,-0.015869140625,0,32.77728335256,0,0,0,0,0,1.19921875,,
39.3026449999999,,,,,-0.0625,0.009765625,-0.98046875,0.0018550269886489035,0.4621996828984044,0,-0.029296875,0,32.77728335256,0,0,0,0,0,1.154296875,,
39.32721000000008,,,,,-0.0625,0.01171875,-1.001953125,0.005755613845098572,0.4369537979693455,0,-0.03069196455180645,0,32.77728335256,0,0,0,0,0,1.11328125,,
39.350959999999844,,,,,-0.0625,0.013671875,-1.015625,0.005442691736474268,0.3752368561069955,0,-0.0244140625,0,0,0,0,0,0,0,1.078125,,
39.37758999999997,,,,,-0.0625,0.01171875,-0.984375,0.0017231551566813802,0.347034149050385,0,-0.020751953125,0,0,0,0,0,0,0,1.041015625,,
39.39968999999983,,,,,-0.0625,0.0078125,-0.990234375,-0.00913614993477361,0.3358162347004658,0,-0.0271267369389534,0,0,0,0,0,0,0,1.005859375,,
39.427344999999974,,,,,-0.0625,0.01953125,-0.978515625,-0.0034874662969148003,0.3790000842693339,0,-0.02511160634458065,0,0,0,0,0,0,0,0.974609375,,
39.44980999999994,,,,,-0.0625,0.0234375,-0.982421875,0.008728909702845278,0.4380720143375832,0,-0.0224609375,0,0,0,0,0,0,0,0.94140625,,
39.47775999999989,,,,,-0.0625,0.0078125,-0.970703125,0.004335687063111274,0.4631781222206124,0,-0.015345982275903225,0,0,0,0,0,0,0,0.908203125,,
39.50752000000002,,,,,-0.0625,0.01171875,-0.98046875,-0.007394423312884613,0.44225457363801074,0,-0.0263671875,0,0,0,0,0,0,0,0.876953125,,
39.529219999999974,,,,,-0.0625,0.01171875,-0.990234375,0.0028627263484341512,0.3786775218554192,0,-0.033203125,0,0,0,0,0,0,0,0.845703125,,
39.550165000000035,,,,,-0.0625,0.01171875,-0.990234375,0.005241753616525898,0.3313683678145934,0,-0.02092633955180645,0,0,0,0,0,0,0,0.81640625,,
39.578229999999984,,,,,-0.0625,0.021484375,-1.001953125,-0.00510376409480857,0.3327768903553543,0,-0.03069196455180645,0,0,0,0,0,0,0,0.791015625,,
39.60035999999999,,,,,-0.0625,0.02734375,-0.974609375,-0.0005555877341250305,0.37800014078619826,0,-0.029296875,0,0,0,0,0,0,0,0.765625,,
39.62704999999993,,,,,-0.078125,0.015625,-0.9609375,0.00440736316680704,0.42814784406947365,0,-0.02790178544819355,0,0,0,0,0,0,0,0.740234375,,
39.651254999999885,,,,,-0.0625,0.0078125,-0.96484375,-0.0017385729481786674,0.4527988701468714,0,-0.02604166604578495,0,0,0,0,0,0,0,0.71484375,,
39.678904999999915,,,,,-0.0625,0.01171875,-0.982421875,-0.0010417425442676308,0.44126538223533895,0,-0.03173828125,0,0,0,0,0,0,0,0.6875,,
39.70096999999997,,,,,-0.0625,0.01171875,-0.9765625,0.0034505846336417784,0.38425059396183076,0,-0.0224609375,0,0,0,0,0,0,0,0.6640625,,
39.72714500000002,,,,,-0.0625,0.009765625,-0.97265625,-0.0023258635119252414,0.34269030854300003,0,-0.02790178544819355,0,0,0,0,0,0,0,0.64453125,,
39.75015500000003,,,,,-0.0625,0.0078125,-0.955078125,-0.0005208296976529964,0.3338520984017367,0,-0.02495659701526165,0,0,0,0,0,0,0,0.623046875,,
39.77698499999987,,,,,-0.0625,0.01953125,-0.974609375,0.0019096854984055375,0.37572069972786754,0,-0.029296875,0,0,0,0,0,0,0,0.6015625,,
39.80334999999997,,,,,-0.0625,0.01171875,-0.955078125,-0.0019292876480735677,0.43210460968016084,0,-0.02278645895421505,0,0,0,0,0,0,0,0.58203125,,
39.83321499999997,,,,,-0.0625,0.009765625,-0.95703125,0.0008162141735457125,0.46515650502595596,0,-0.0224609375,0,0,0,0,0,0,0,0.5625,,
39.85578999999992,,,,,-0.0625,0.01171875,-0.970703125,0.0013958432943207894,0.4303090122427023,0,-0.0325520820915699,0,0,0,0,0,0,0,0.541015625,,
39.87680999999982,,,,,-0.0625,0.01171875,-0.974609375,-0.0018956007285873939,0.3671082832763445,0,-0.030517578125,0,0,0,0,0,0,0,0.5234375,,
39.900970000000086,,,,,-0.0625,0.009765625,-0.96484375,0.0006859095181497228,0.3352928771838891,0,-0.029296875,0,0,0,0,0,0,0,0.5078125,,
39.928659999999915,,,,,-0.0625,0.005859375,-0.955078125,-0.00019235249275681567,0.33641109355212684,0,-0.03173828125,0,0,0,0,0,0,0,0.4921875,,
39.94995499999996,,,,,-0.072265625,0.015625,-0.9453125,-0.0007507982087024424,0.38783479998444653,0,-0.0173611119389534,0,0,0,0,0,0,0,0.4765625,,
39.977214999999966,,,,,-0.0625,0.001953125,-0.9453125,0.0012583269060536357,0.4386848829240212,0,-0.030517578125,0,0,0,0,0,0,0,0.462890625,,
40.00049499999988,,,,,-0.0625,0.005859375,-0.95703125,-0.0003556378173951221,0.452383033434933,0,-0.0314670130610466,0,0,0,0,0,0,0,0.447265625,,
40.03017999999982,,,,,-0.0625,0.013671875,-0.96875,0.00029848233213032127,0.4427706735002743,0,-0.0265066958963871,0,0,0,0,0,0,0,0.43359375,,
40.05176500000002,,,,,-0.0625,0.009765625,-0.974609375,0.0003635886091706708,0.3875767500533147,0,-0.03551136329770088,0,0,0,0,0,0,0,0.419921875,,
40.07713499999989,,,,,-0.0625,0.0078125,-0.966796875,-0.0004819316960787595,0.34750724059079324,0,-0.01953125,0,0,0,0,0,0,0,0.404296875,,
40.10047499999986,,,,,-0.0625,0.005859375,-0.955078125,0.0006728877938504328,0.3367551601269692,0,-0.0325520820915699,0,0,0,0,0,0,0,0.392578125,,
40.13251000000001,,,,,-0.0625,0.00390625,-0.943359375,-0.00034212636129574153,0.37347351491092834,0,-0.02197265625,0,0,0,0,0,0,0,0.380859375,,
40.155384999999896,,,,,-0.0625,0.005859375,-0.9453125,0.000004789759994740099,0.43306503926759193,0,-0.018643466755747795,0,0,0,0,0,0,0,0.369140625,,
40.17968499999994,,,,,-0.0625,0.0078125,-0.95703125,0.0002782294243339321,0.4494154592269176,0,-0.03662109375,0,0,0,0,0,0,0,0.357421875,,
40.20202000000002,,,,,-0.0625,0.009765625,-0.970703125,-0.00010185684042445542,0.4128906418913073,0,-0.02197265625,0,0,0,0,0,0,0,0.345703125,,
40.22834999999998,,,,,-0.0625,0.01171875,-0.974609375,0.00038195819754011524,0.3819569063968855,0,-0.02092633955180645,0,0,0,0,0,0,0,0.3359375,,
40.258890000000015,,,,,-0.0625,0.0078125,-0.966796875,-0.00024340346351618542,0.35190134707434656,0,-0.01410590298473835,0,0,0,0,0,0,0,0.326171875,,
40.28079999999993,,,,,-0.0625,0.005859375,-0.951171875,0.00006439926880975517,0.36547396704584323,0,-0.021484375,0,0,0,0,0,0,0,0.314453125,,
40.303209999999964,,,,,-0.0625,0.001953125,-0.943359375,0.00005943922756225649,0.40929944701639004,0,-0.0265066958963871,0,0,0,0,0,0,0,0.3046875,,
40.33437999999989,,,,,-0.0625,0.00390625,-0.947265625,0.000008198494979037386,0.44436198140892025,0,-0.023193359375,0,0,0,0,0,0,0,0.298828125,,
40.356069999999946,,,,,-0.0625,0.0078125,-0.958984375,0.0002518482505332787,0.4436093357764526,0,-0.033203125,0,0,0,0,0,0,0,0.2890625,,
40.3777699999999,,,,,-0.0625,0.01171875,-0.97265625,-0.0001466209082251246,0.41286913773037964,0,-0.029296875,0,0,0,0,0,0,0,0.279296875,,
40.40361500000011,,,,,-0.0625,0.009765625,-0.97265625,0.0000778871861456751,0.3786452656140277,0,-0.023193359375,0,0,0,0,0,0,0,0.271484375,,
40.42750999999989,,,,,-0.0625,0.009765625,-0.96484375,-0.000019681483117825717,0.34935659843057104,0,-0.0244140625,0,0,0,0,0,0,0,0.263671875,,
40.45043499999982,,,,,-0.0625,0.005859375,-0.951171875,0.0001331707536013257,0.3489157631315542,0,-0.01953125,0,0,0,0,0,0,0,0.255859375,,
40.47736499999987,,,,,-0.0625,0.005859375,-0.9453125,0.00011543669125802601,0.38386002463898233,0,-0.02495659701526165,0,0,0,0,0,0,0,0.25,,
40.50066000000003,,,,,-0.0625,0.005859375,-0.947265625,0.00011097562176253083,0.42854567104663516,0,-0.02685546875,0,0,0,0,0,0,0,0.244140625,,
40.52697499999986,,,,,-0.0625,0.0078125,-0.95703125,0.00024429907257201254,0.4403622074763777,0,-0.01953125,0,0,0,0,0,0,0,0.236328125,,
40.55501500000001,,,,,-0.0625,0.009765625,-0.96875,0.00013256443345923958,0.421771860354426,0,-0.02495659701526165,0,0,0,0,0,0,0,0.23046875,,
